year,measure,date,variable,value,line_number,type,line_name_pt,line_name
2016,entrance,2016-01-01,Total,21622,1,metro,Azul,Blue
2016,entrance,2016-01-01,Total,10550,2,metro,Verde,Green
2016,entrance,2016-01-01,Total,25583,3,metro,Vermelha,Red
2016,entrance,2016-01-01,Total,5588,5,metro,Lilás,Lilac
2016,entrance,2016-01-01,Total,139,15,metro,Prata,Silver
2016,entrance,2016-01-01,Total,63482,99,metro,Sistema METRO,METRO System
2016,entrance,2016-01-01,Média dos Dias Úteis,895,1,metro,Azul,Blue
2016,entrance,2016-01-01,Média dos Dias Úteis,457,2,metro,Verde,Green
2016,entrance,2016-01-01,Média dos Dias Úteis,1052,3,metro,Vermelha,Red
2016,entrance,2016-01-01,Média dos Dias Úteis,230,5,metro,Lilás,Lilac
2016,entrance,2016-01-01,Média dos Dias Úteis,6,15,metro,Prata,Silver
2016,entrance,2016-01-01,Média dos Dias Úteis,2640,99,metro,Sistema METRO,METRO System
2016,entrance,2016-01-01,Média dos Sábados,497,1,metro,Azul,Blue
2016,entrance,2016-01-01,Média dos Sábados,190,2,metro,Verde,Green
2016,entrance,2016-01-01,Média dos Sábados,584,3,metro,Vermelha,Red
2016,entrance,2016-01-01,Média dos Sábados,134,5,metro,Lilás,Lilac
2016,entrance,2016-01-01,Média dos Sábados,2,15,metro,Prata,Silver
2016,entrance,2016-01-01,Média dos Sábados,1408,99,metro,Sistema METRO,METRO System
2016,entrance,2016-01-01,Média dos Domingos,316,1,metro,Azul,Blue
2016,entrance,2016-01-01,Média dos Domingos,135,2,metro,Verde,Green
2016,entrance,2016-01-01,Média dos Domingos,394,3,metro,Vermelha,Red
2016,entrance,2016-01-01,Média dos Domingos,79,5,metro,Lilás,Lilac
2016,entrance,2016-01-01,Média dos Domingos,1,15,metro,Prata,Silver
2016,entrance,2016-01-01,Média dos Domingos,925,99,metro,Sistema METRO,METRO System
2016,entrance,2016-01-01,Máxima Diária,972,1,metro,Azul,Blue
2016,entrance,2016-01-01,Máxima Diária,496,2,metro,Verde,Green
2016,entrance,2016-01-01,Máxima Diária,1131,3,metro,Vermelha,Red
2016,entrance,2016-01-01,Máxima Diária,248,5,metro,Lilás,Lilac
2016,entrance,2016-01-01,Máxima Diária,7,15,metro,Prata,Silver
2016,entrance,2016-01-01,Máxima Diária,2840,99,metro,Sistema METRO,METRO System
2016,entrance,2016-02-01,Total,23330,1,metro,Azul,Blue
2016,entrance,2016-02-01,Total,11503,2,metro,Verde,Green
2016,entrance,2016-02-01,Total,27503,3,metro,Vermelha,Red
2016,entrance,2016-02-01,Total,6076,5,metro,Lilás,Lilac
2016,entrance,2016-02-01,Total,164,15,metro,Prata,Silver
2016,entrance,2016-02-01,Total,68577,99,metro,Sistema METRO,METRO System
2016,entrance,2016-02-01,Média dos Dias Úteis,1012,1,metro,Azul,Blue
2016,entrance,2016-02-01,Média dos Dias Úteis,514,2,metro,Verde,Green
2016,entrance,2016-02-01,Média dos Dias Úteis,1180,3,metro,Vermelha,Red
2016,entrance,2016-02-01,Média dos Dias Úteis,260,5,metro,Lilás,Lilac
2016,entrance,2016-02-01,Média dos Dias Úteis,8,15,metro,Prata,Silver
2016,entrance,2016-02-01,Média dos Dias Úteis,2974,99,metro,Sistema METRO,METRO System
2016,entrance,2016-02-01,Média dos Sábados,569,1,metro,Azul,Blue
2016,entrance,2016-02-01,Média dos Sábados,234,2,metro,Verde,Green
2016,entrance,2016-02-01,Média dos Sábados,674,3,metro,Vermelha,Red
2016,entrance,2016-02-01,Média dos Sábados,154,5,metro,Lilás,Lilac
2016,entrance,2016-02-01,Média dos Sábados,3,15,metro,Prata,Silver
2016,entrance,2016-02-01,Média dos Sábados,1634,99,metro,Sistema METRO,METRO System
2016,entrance,2016-02-01,Média dos Domingos,323,1,metro,Azul,Blue
2016,entrance,2016-02-01,Média dos Domingos,149,2,metro,Verde,Green
2016,entrance,2016-02-01,Média dos Domingos,427,3,metro,Vermelha,Red
2016,entrance,2016-02-01,Média dos Domingos,84,5,metro,Lilás,Lilac
2016,entrance,2016-02-01,Média dos Domingos,2,15,metro,Prata,Silver
2016,entrance,2016-02-01,Média dos Domingos,986,99,metro,Sistema METRO,METRO System
2016,entrance,2016-02-01,Máxima Diária,1066,1,metro,Azul,Blue
2016,entrance,2016-02-01,Máxima Diária,536,2,metro,Verde,Green
2016,entrance,2016-02-01,Máxima Diária,1272,3,metro,Vermelha,Red
2016,entrance,2016-02-01,Máxima Diária,276,5,metro,Lilás,Lilac
2016,entrance,2016-02-01,Máxima Diária,8,15,metro,Prata,Silver
2016,entrance,2016-02-01,Máxima Diária,3104,99,metro,Sistema METRO,METRO System
2016,entrance,2016-03-01,Total,27501,1,metro,Azul,Blue
2016,entrance,2016-03-01,Total,13677,2,metro,Verde,Green
2016,entrance,2016-03-01,Total,31597,3,metro,Vermelha,Red
2016,entrance,2016-03-01,Total,7027,5,metro,Lilás,Lilac
2016,entrance,2016-03-01,Total,201,15,metro,Prata,Silver
2016,entrance,2016-03-01,Total,80003,99,metro,Sistema METRO,METRO System
2016,entrance,2016-03-01,Média dos Dias Úteis,1073,1,metro,Azul,Blue
2016,entrance,2016-03-01,Média dos Dias Úteis,543,2,metro,Verde,Green
2016,entrance,2016-03-01,Média dos Dias Úteis,1221,3,metro,Vermelha,Red
2016,entrance,2016-03-01,Média dos Dias Úteis,273,5,metro,Lilás,Lilac
2016,entrance,2016-03-01,Média dos Dias Úteis,8,15,metro,Prata,Silver
2016,entrance,2016-03-01,Média dos Dias Úteis,3119,99,metro,Sistema METRO,METRO System
2016,entrance,2016-03-01,Média dos Sábados,563,1,metro,Azul,Blue
2016,entrance,2016-03-01,Média dos Sábados,226,2,metro,Verde,Green
2016,entrance,2016-03-01,Média dos Sábados,677,3,metro,Vermelha,Red
2016,entrance,2016-03-01,Média dos Sábados,156,5,metro,Lilás,Lilac
2016,entrance,2016-03-01,Média dos Sábados,3,15,metro,Prata,Silver
2016,entrance,2016-03-01,Média dos Sábados,1625,99,metro,Sistema METRO,METRO System
2016,entrance,2016-03-01,Média dos Domingos,314,1,metro,Azul,Blue
2016,entrance,2016-03-01,Média dos Domingos,131,2,metro,Verde,Green
2016,entrance,2016-03-01,Média dos Domingos,398,3,metro,Vermelha,Red
2016,entrance,2016-03-01,Média dos Domingos,74,5,metro,Lilás,Lilac
2016,entrance,2016-03-01,Média dos Domingos,2,15,metro,Prata,Silver
2016,entrance,2016-03-01,Média dos Domingos,919,99,metro,Sistema METRO,METRO System
2016,entrance,2016-03-01,Máxima Diária,1102,1,metro,Azul,Blue
2016,entrance,2016-03-01,Máxima Diária,588,2,metro,Verde,Green
2016,entrance,2016-03-01,Máxima Diária,1253,3,metro,Vermelha,Red
2016,entrance,2016-03-01,Máxima Diária,284,5,metro,Lilás,Lilac
2016,entrance,2016-03-01,Máxima Diária,9,15,metro,Prata,Silver
2016,entrance,2016-03-01,Máxima Diária,3224,99,metro,Sistema METRO,METRO System
2016,entrance,2016-04-01,Total,25688,1,metro,Azul,Blue
2016,entrance,2016-04-01,Total,12450,2,metro,Verde,Green
2016,entrance,2016-04-01,Total,29738,3,metro,Vermelha,Red
2016,entrance,2016-04-01,Total,6603,5,metro,Lilás,Lilac
2016,entrance,2016-04-01,Total,173,15,metro,Prata,Silver
2016,entrance,2016-04-01,Total,74651,99,metro,Sistema METRO,METRO System
2016,entrance,2016-04-01,Média dos Dias Úteis,1078,1,metro,Azul,Blue
2016,entrance,2016-04-01,Média dos Dias Úteis,540,2,metro,Verde,Green
2016,entrance,2016-04-01,Média dos Dias Úteis,1227,3,metro,Vermelha,Red
2016,entrance,2016-04-01,Média dos Dias Úteis,272,5,metro,Lilás,Lilac
2016,entrance,2016-04-01,Média dos Dias Úteis,8,15,metro,Prata,Silver
2016,entrance,2016-04-01,Média dos Dias Úteis,3125,99,metro,Sistema METRO,METRO System
2016,entrance,2016-04-01,Média dos Sábados,566,1,metro,Azul,Blue
2016,entrance,2016-04-01,Média dos Sábados,230,2,metro,Verde,Green
2016,entrance,2016-04-01,Média dos Sábados,682,3,metro,Vermelha,Red
2016,entrance,2016-04-01,Média dos Sábados,158,5,metro,Lilás,Lilac
2016,entrance,2016-04-01,Média dos Sábados,3,15,metro,Prata,Silver
2016,entrance,2016-04-01,Média dos Sábados,1639,99,metro,Sistema METRO,METRO System
2016,entrance,2016-04-01,Média dos Domingos,329,1,metro,Azul,Blue
2016,entrance,2016-04-01,Média dos Domingos,146,2,metro,Verde,Green
2016,entrance,2016-04-01,Média dos Domingos,441,3,metro,Vermelha,Red
2016,entrance,2016-04-01,Média dos Domingos,85,5,metro,Lilás,Lilac
2016,entrance,2016-04-01,Média dos Domingos,1,15,metro,Prata,Silver
2016,entrance,2016-04-01,Média dos Domingos,1002,99,metro,Sistema METRO,METRO System
2016,entrance,2016-04-01,Máxima Diária,1111,1,metro,Azul,Blue
2016,entrance,2016-04-01,Máxima Diária,552,2,metro,Verde,Green
2016,entrance,2016-04-01,Máxima Diária,1274,3,metro,Vermelha,Red
2016,entrance,2016-04-01,Máxima Diária,284,5,metro,Lilás,Lilac
2016,entrance,2016-04-01,Máxima Diária,9,15,metro,Prata,Silver
2016,entrance,2016-04-01,Máxima Diária,3225,99,metro,Sistema METRO,METRO System
2016,entrance,2016-05-01,Total,26357,1,metro,Azul,Blue
2016,entrance,2016-05-01,Total,12814,2,metro,Verde,Green
2016,entrance,2016-05-01,Total,30549,3,metro,Vermelha,Red
2016,entrance,2016-05-01,Total,6697,5,metro,Lilás,Lilac
2016,entrance,2016-05-01,Total,194,15,metro,Prata,Silver
2016,entrance,2016-05-01,Total,76611,99,metro,Sistema METRO,METRO System
2016,entrance,2016-05-01,Média dos Dias Úteis,1066,1,metro,Azul,Blue
2016,entrance,2016-05-01,Média dos Dias Úteis,537,2,metro,Verde,Green
2016,entrance,2016-05-01,Média dos Dias Úteis,1219,3,metro,Vermelha,Red
2016,entrance,2016-05-01,Média dos Dias Úteis,271,5,metro,Lilás,Lilac
2016,entrance,2016-05-01,Média dos Dias Úteis,8,15,metro,Prata,Silver
2016,entrance,2016-05-01,Média dos Dias Úteis,3102,99,metro,Sistema METRO,METRO System
2016,entrance,2016-05-01,Média dos Sábados,562,1,metro,Azul,Blue
2016,entrance,2016-05-01,Média dos Sábados,226,2,metro,Verde,Green
2016,entrance,2016-05-01,Média dos Sábados,674,3,metro,Vermelha,Red
2016,entrance,2016-05-01,Média dos Sábados,156,5,metro,Lilás,Lilac
2016,entrance,2016-05-01,Média dos Sábados,3,15,metro,Prata,Silver
2016,entrance,2016-05-01,Média dos Sábados,1621,99,metro,Sistema METRO,METRO System
2016,entrance,2016-05-01,Média dos Domingos,327,1,metro,Azul,Blue
2016,entrance,2016-05-01,Média dos Domingos,140,2,metro,Verde,Green
2016,entrance,2016-05-01,Média dos Domingos,433,3,metro,Vermelha,Red
2016,entrance,2016-05-01,Média dos Domingos,72,5,metro,Lilás,Lilac
2016,entrance,2016-05-01,Média dos Domingos,2,15,metro,Prata,Silver
2016,entrance,2016-05-01,Média dos Domingos,973,99,metro,Sistema METRO,METRO System
2016,entrance,2016-05-01,Máxima Diária,1111,1,metro,Azul,Blue
2016,entrance,2016-05-01,Máxima Diária,551,2,metro,Verde,Green
2016,entrance,2016-05-01,Máxima Diária,1268,3,metro,Vermelha,Red
2016,entrance,2016-05-01,Máxima Diária,290,5,metro,Lilás,Lilac
2016,entrance,2016-05-01,Máxima Diária,9,15,metro,Prata,Silver
2016,entrance,2016-05-01,Máxima Diária,3217,99,metro,Sistema METRO,METRO System
2016,entrance,2016-06-01,Total,26157,1,metro,Azul,Blue
2016,entrance,2016-06-01,Total,12974,2,metro,Verde,Green
2016,entrance,2016-06-01,Total,30206,3,metro,Vermelha,Red
2016,entrance,2016-06-01,Total,6720,5,metro,Lilás,Lilac
2016,entrance,2016-06-01,Total,195,15,metro,Prata,Silver
2016,entrance,2016-06-01,Total,76251,99,metro,Sistema METRO,METRO System
2016,entrance,2016-06-01,Média dos Dias Úteis,1029,1,metro,Azul,Blue
2016,entrance,2016-06-01,Média dos Dias Úteis,523,2,metro,Verde,Green
2016,entrance,2016-06-01,Média dos Dias Úteis,1174,3,metro,Vermelha,Red
2016,entrance,2016-06-01,Média dos Dias Úteis,263,5,metro,Lilás,Lilac
2016,entrance,2016-06-01,Média dos Dias Úteis,8,15,metro,Prata,Silver
2016,entrance,2016-06-01,Média dos Dias Úteis,2997,99,metro,Sistema METRO,METRO System
2016,entrance,2016-06-01,Média dos Sábados,571,1,metro,Azul,Blue
2016,entrance,2016-06-01,Média dos Sábados,227,2,metro,Verde,Green
2016,entrance,2016-06-01,Média dos Sábados,686,3,metro,Vermelha,Red
2016,entrance,2016-06-01,Média dos Sábados,157,5,metro,Lilás,Lilac
2016,entrance,2016-06-01,Média dos Sábados,3,15,metro,Prata,Silver
2016,entrance,2016-06-01,Média dos Sábados,1644,99,metro,Sistema METRO,METRO System
2016,entrance,2016-06-01,Média dos Domingos,309,1,metro,Azul,Blue
2016,entrance,2016-06-01,Média dos Domingos,138,2,metro,Verde,Green
2016,entrance,2016-06-01,Média dos Domingos,412,3,metro,Vermelha,Red
2016,entrance,2016-06-01,Média dos Domingos,78,5,metro,Lilás,Lilac
2016,entrance,2016-06-01,Média dos Domingos,1,15,metro,Prata,Silver
2016,entrance,2016-06-01,Média dos Domingos,937,99,metro,Sistema METRO,METRO System
2016,entrance,2016-06-01,Máxima Diária,1081,1,metro,Azul,Blue
2016,entrance,2016-06-01,Máxima Diária,561,2,metro,Verde,Green
2016,entrance,2016-06-01,Máxima Diária,1238,3,metro,Vermelha,Red
2016,entrance,2016-06-01,Máxima Diária,285,5,metro,Lilás,Lilac
2016,entrance,2016-06-01,Máxima Diária,9,15,metro,Prata,Silver
2016,entrance,2016-06-01,Máxima Diária,3162,99,metro,Sistema METRO,METRO System
2016,entrance,2016-07-01,Total,24157,1,metro,Azul,Blue
2016,entrance,2016-07-01,Total,11988,2,metro,Verde,Green
2016,entrance,2016-07-01,Total,28294,3,metro,Vermelha,Red
2016,entrance,2016-07-01,Total,6215,5,metro,Lilás,Lilac
2016,entrance,2016-07-01,Total,188,15,metro,Prata,Silver
2016,entrance,2016-07-01,Total,70842,99,metro,Sistema METRO,METRO System
2016,entrance,2016-07-01,Média dos Dias Úteis,945,1,metro,Azul,Blue
2016,entrance,2016-07-01,Média dos Dias Úteis,486,2,metro,Verde,Green
2016,entrance,2016-07-01,Média dos Dias Úteis,1096,3,metro,Vermelha,Red
2016,entrance,2016-07-01,Média dos Dias Úteis,243,5,metro,Lilás,Lilac
2016,entrance,2016-07-01,Média dos Dias Úteis,8,15,metro,Prata,Silver
2016,entrance,2016-07-01,Média dos Dias Úteis,2778,99,metro,Sistema METRO,METRO System
2016,entrance,2016-07-01,Média dos Sábados,537,1,metro,Azul,Blue
2016,entrance,2016-07-01,Média dos Sábados,212,2,metro,Verde,Green
2016,entrance,2016-07-01,Média dos Sábados,635,3,metro,Vermelha,Red
2016,entrance,2016-07-01,Média dos Sábados,147,5,metro,Lilás,Lilac
2016,entrance,2016-07-01,Média dos Sábados,3,15,metro,Prata,Silver
2016,entrance,2016-07-01,Média dos Sábados,1533,99,metro,Sistema METRO,METRO System
2016,entrance,2016-07-01,Média dos Domingos,327,1,metro,Azul,Blue
2016,entrance,2016-07-01,Média dos Domingos,145,2,metro,Verde,Green
2016,entrance,2016-07-01,Média dos Domingos,418,3,metro,Vermelha,Red
2016,entrance,2016-07-01,Média dos Domingos,76,5,metro,Lilás,Lilac
2016,entrance,2016-07-01,Média dos Domingos,1,15,metro,Prata,Silver
2016,entrance,2016-07-01,Média dos Domingos,967,99,metro,Sistema METRO,METRO System
2016,entrance,2016-07-01,Máxima Diária,987,1,metro,Azul,Blue
2016,entrance,2016-07-01,Máxima Diária,507,2,metro,Verde,Green
2016,entrance,2016-07-01,Máxima Diária,1142,3,metro,Vermelha,Red
2016,entrance,2016-07-01,Máxima Diária,260,5,metro,Lilás,Lilac
2016,entrance,2016-07-01,Máxima Diária,9,15,metro,Prata,Silver
2016,entrance,2016-07-01,Máxima Diária,2897,99,metro,Sistema METRO,METRO System
2016,entrance,2016-08-01,Total,27380,1,metro,Azul,Blue
2016,entrance,2016-08-01,Total,13621,2,metro,Verde,Green
2016,entrance,2016-08-01,Total,31798,3,metro,Vermelha,Red
2016,entrance,2016-08-01,Total,6904,5,metro,Lilás,Lilac
2016,entrance,2016-08-01,Total,227,15,metro,Prata,Silver
2016,entrance,2016-08-01,Total,79930,99,metro,Sistema METRO,METRO System
2016,entrance,2016-08-01,Média dos Dias Úteis,1037,1,metro,Azul,Blue
2016,entrance,2016-08-01,Média dos Dias Úteis,529,2,metro,Verde,Green
2016,entrance,2016-08-01,Média dos Dias Úteis,1191,3,metro,Vermelha,Red
2016,entrance,2016-08-01,Média dos Dias Úteis,260,5,metro,Lilás,Lilac
2016,entrance,2016-08-01,Média dos Dias Úteis,9,15,metro,Prata,Silver
2016,entrance,2016-08-01,Média dos Dias Úteis,3026,99,metro,Sistema METRO,METRO System
2016,entrance,2016-08-01,Média dos Sábados,573,1,metro,Azul,Blue
2016,entrance,2016-08-01,Média dos Sábados,232,2,metro,Verde,Green
2016,entrance,2016-08-01,Média dos Sábados,699,3,metro,Vermelha,Red
2016,entrance,2016-08-01,Média dos Sábados,158,5,metro,Lilás,Lilac
2016,entrance,2016-08-01,Média dos Sábados,3,15,metro,Prata,Silver
2016,entrance,2016-08-01,Média dos Sábados,1664,99,metro,Sistema METRO,METRO System
2016,entrance,2016-08-01,Média dos Domingos,307,1,metro,Azul,Blue
2016,entrance,2016-08-01,Média dos Domingos,134,2,metro,Verde,Green
2016,entrance,2016-08-01,Média dos Domingos,401,3,metro,Vermelha,Red
2016,entrance,2016-08-01,Média dos Domingos,73,5,metro,Lilás,Lilac
2016,entrance,2016-08-01,Média dos Domingos,1,15,metro,Prata,Silver
2016,entrance,2016-08-01,Média dos Domingos,917,99,metro,Sistema METRO,METRO System
2016,entrance,2016-08-01,Máxima Diária,1082,1,metro,Azul,Blue
2016,entrance,2016-08-01,Máxima Diária,547,2,metro,Verde,Green
2016,entrance,2016-08-01,Máxima Diária,1246,3,metro,Vermelha,Red
2016,entrance,2016-08-01,Máxima Diária,269,5,metro,Lilás,Lilac
2016,entrance,2016-08-01,Máxima Diária,11,15,metro,Prata,Silver
2016,entrance,2016-08-01,Máxima Diária,3140,99,metro,Sistema METRO,METRO System
2016,entrance,2016-09-01,Total,26297,1,metro,Azul,Blue
2016,entrance,2016-09-01,Total,12861,2,metro,Verde,Green
2016,entrance,2016-09-01,Total,30224,3,metro,Vermelha,Red
2016,entrance,2016-09-01,Total,6644,5,metro,Lilás,Lilac
2016,entrance,2016-09-01,Total,196,15,metro,Prata,Silver
2016,entrance,2016-09-01,Total,76222,99,metro,Sistema METRO,METRO System
2016,entrance,2016-09-01,Média dos Dias Úteis,1063,1,metro,Azul,Blue
2016,entrance,2016-09-01,Média dos Dias Úteis,532,2,metro,Verde,Green
2016,entrance,2016-09-01,Média dos Dias Úteis,1209,3,metro,Vermelha,Red
2016,entrance,2016-09-01,Média dos Dias Úteis,266,5,metro,Lilás,Lilac
2016,entrance,2016-09-01,Média dos Dias Úteis,8,15,metro,Prata,Silver
2016,entrance,2016-09-01,Média dos Dias Úteis,3079,99,metro,Sistema METRO,METRO System
2016,entrance,2016-09-01,Média dos Sábados,589,1,metro,Azul,Blue
2016,entrance,2016-09-01,Média dos Sábados,234,2,metro,Verde,Green
2016,entrance,2016-09-01,Média dos Sábados,692,3,metro,Vermelha,Red
2016,entrance,2016-09-01,Média dos Sábados,158,5,metro,Lilás,Lilac
2016,entrance,2016-09-01,Média dos Sábados,3,15,metro,Prata,Silver
2016,entrance,2016-09-01,Média dos Sábados,1676,99,metro,Sistema METRO,METRO System
2016,entrance,2016-09-01,Média dos Domingos,321,1,metro,Azul,Blue
2016,entrance,2016-09-01,Média dos Domingos,147,2,metro,Verde,Green
2016,entrance,2016-09-01,Média dos Domingos,404,3,metro,Vermelha,Red
2016,entrance,2016-09-01,Média dos Domingos,81,5,metro,Lilás,Lilac
2016,entrance,2016-09-01,Média dos Domingos,1,15,metro,Prata,Silver
2016,entrance,2016-09-01,Média dos Domingos,954,99,metro,Sistema METRO,METRO System
2016,entrance,2016-09-01,Máxima Diária,1099,1,metro,Azul,Blue
2016,entrance,2016-09-01,Máxima Diária,548,2,metro,Verde,Green
2016,entrance,2016-09-01,Máxima Diária,1231,3,metro,Vermelha,Red
2016,entrance,2016-09-01,Máxima Diária,275,5,metro,Lilás,Lilac
2016,entrance,2016-09-01,Máxima Diária,10,15,metro,Prata,Silver
2016,entrance,2016-09-01,Máxima Diária,3149,99,metro,Sistema METRO,METRO System
2016,entrance,2016-10-01,Total,25965,1,metro,Azul,Blue
2016,entrance,2016-10-01,Total,12697,2,metro,Verde,Green
2016,entrance,2016-10-01,Total,30098,3,metro,Vermelha,Red
2016,entrance,2016-10-01,Total,6600,5,metro,Lilás,Lilac
2016,entrance,2016-10-01,Total,181,15,metro,Prata,Silver
2016,entrance,2016-10-01,Total,75541,99,metro,Sistema METRO,METRO System
2016,entrance,2016-10-01,Média dos Dias Úteis,1057,1,metro,Azul,Blue
2016,entrance,2016-10-01,Média dos Dias Úteis,533,2,metro,Verde,Green
2016,entrance,2016-10-01,Média dos Dias Úteis,1203,3,metro,Vermelha,Red
2016,entrance,2016-10-01,Média dos Dias Úteis,264,5,metro,Lilás,Lilac
2016,entrance,2016-10-01,Média dos Dias Úteis,8,15,metro,Prata,Silver
2016,entrance,2016-10-01,Média dos Dias Úteis,3065,99,metro,Sistema METRO,METRO System
2016,entrance,2016-10-01,Média dos Sábados,580,1,metro,Azul,Blue
2016,entrance,2016-10-01,Média dos Sábados,231,2,metro,Verde,Green
2016,entrance,2016-10-01,Média dos Sábados,692,3,metro,Vermelha,Red
2016,entrance,2016-10-01,Média dos Sábados,159,5,metro,Lilás,Lilac
2016,entrance,2016-10-01,Média dos Sábados,3,15,metro,Prata,Silver
2016,entrance,2016-10-01,Média dos Sábados,1665,99,metro,Sistema METRO,METRO System
2016,entrance,2016-10-01,Média dos Domingos,314,1,metro,Azul,Blue
2016,entrance,2016-10-01,Média dos Domingos,143,2,metro,Verde,Green
2016,entrance,2016-10-01,Média dos Domingos,424,3,metro,Vermelha,Red
2016,entrance,2016-10-01,Média dos Domingos,82,5,metro,Lilás,Lilac
2016,entrance,2016-10-01,Média dos Domingos,1,15,metro,Prata,Silver
2016,entrance,2016-10-01,Média dos Domingos,965,99,metro,Sistema METRO,METRO System
2016,entrance,2016-10-01,Máxima Diária,1092,1,metro,Azul,Blue
2016,entrance,2016-10-01,Máxima Diária,548,2,metro,Verde,Green
2016,entrance,2016-10-01,Máxima Diária,1253,3,metro,Vermelha,Red
2016,entrance,2016-10-01,Máxima Diária,279,5,metro,Lilás,Lilac
2016,entrance,2016-10-01,Máxima Diária,9,15,metro,Prata,Silver
2016,entrance,2016-10-01,Máxima Diária,3179,99,metro,Sistema METRO,METRO System
2016,entrance,2016-11-01,Total,25542,1,metro,Azul,Blue
2016,entrance,2016-11-01,Total,12373,2,metro,Verde,Green
2016,entrance,2016-11-01,Total,29277,3,metro,Vermelha,Red
2016,entrance,2016-11-01,Total,6460,5,metro,Lilás,Lilac
2016,entrance,2016-11-01,Total,198,15,metro,Prata,Silver
2016,entrance,2016-11-01,Total,73850,99,metro,Sistema METRO,METRO System
2016,entrance,2016-11-01,Média dos Dias Úteis,1073,1,metro,Azul,Blue
2016,entrance,2016-11-01,Média dos Dias Úteis,538,2,metro,Verde,Green
2016,entrance,2016-11-01,Média dos Dias Úteis,1208,3,metro,Vermelha,Red
2016,entrance,2016-11-01,Média dos Dias Úteis,268,5,metro,Lilás,Lilac
2016,entrance,2016-11-01,Média dos Dias Úteis,9,15,metro,Prata,Silver
2016,entrance,2016-11-01,Média dos Dias Úteis,3095,99,metro,Sistema METRO,METRO System
2016,entrance,2016-11-01,Média dos Sábados,605,1,metro,Azul,Blue
2016,entrance,2016-11-01,Média dos Sábados,233,2,metro,Verde,Green
2016,entrance,2016-11-01,Média dos Sábados,716,3,metro,Vermelha,Red
2016,entrance,2016-11-01,Média dos Sábados,162,5,metro,Lilás,Lilac
2016,entrance,2016-11-01,Média dos Sábados,4,15,metro,Prata,Silver
2016,entrance,2016-11-01,Média dos Sábados,1721,99,metro,Sistema METRO,METRO System
2016,entrance,2016-11-01,Média dos Domingos,329,1,metro,Azul,Blue
2016,entrance,2016-11-01,Média dos Domingos,149,2,metro,Verde,Green
2016,entrance,2016-11-01,Média dos Domingos,429,3,metro,Vermelha,Red
2016,entrance,2016-11-01,Média dos Domingos,86,5,metro,Lilás,Lilac
2016,entrance,2016-11-01,Média dos Domingos,1,15,metro,Prata,Silver
2016,entrance,2016-11-01,Média dos Domingos,993,99,metro,Sistema METRO,METRO System
2016,entrance,2016-11-01,Máxima Diária,1113,1,metro,Azul,Blue
2016,entrance,2016-11-01,Máxima Diária,551,2,metro,Verde,Green
2016,entrance,2016-11-01,Máxima Diária,1251,3,metro,Vermelha,Red
2016,entrance,2016-11-01,Máxima Diária,283,5,metro,Lilás,Lilac
2016,entrance,2016-11-01,Máxima Diária,10,15,metro,Prata,Silver
2016,entrance,2016-11-01,Máxima Diária,3208,99,metro,Sistema METRO,METRO System
2016,entrance,2016-12-01,Total,24820,1,metro,Azul,Blue
2016,entrance,2016-12-01,Total,11721,2,metro,Verde,Green
2016,entrance,2016-12-01,Total,29108,3,metro,Vermelha,Red
2016,entrance,2016-12-01,Total,6484,5,metro,Lilás,Lilac
2016,entrance,2016-12-01,Total,203,15,metro,Prata,Silver
2016,entrance,2016-12-01,Total,72336,99,metro,Sistema METRO,METRO System
2016,entrance,2016-12-01,Média dos Dias Úteis,986,1,metro,Azul,Blue
2016,entrance,2016-12-01,Média dos Dias Úteis,485,2,metro,Verde,Green
2016,entrance,2016-12-01,Média dos Dias Úteis,1138,3,metro,Vermelha,Red
2016,entrance,2016-12-01,Média dos Dias Úteis,252,5,metro,Lilás,Lilac
2016,entrance,2016-12-01,Média dos Dias Úteis,9,15,metro,Prata,Silver
2016,entrance,2016-12-01,Média dos Dias Úteis,2869,99,metro,Sistema METRO,METRO System
2016,entrance,2016-12-01,Média dos Sábados,651,1,metro,Azul,Blue
2016,entrance,2016-12-01,Média dos Sábados,245,2,metro,Verde,Green
2016,entrance,2016-12-01,Média dos Sábados,790,3,metro,Vermelha,Red
2016,entrance,2016-12-01,Média dos Sábados,180,5,metro,Lilás,Lilac
2016,entrance,2016-12-01,Média dos Sábados,5,15,metro,Prata,Silver
2016,entrance,2016-12-01,Média dos Sábados,1871,99,metro,Sistema METRO,METRO System
2016,entrance,2016-12-01,Média dos Domingos,380,1,metro,Azul,Blue
2016,entrance,2016-12-01,Média dos Domingos,172,2,metro,Verde,Green
2016,entrance,2016-12-01,Média dos Domingos,466,3,metro,Vermelha,Red
2016,entrance,2016-12-01,Média dos Domingos,96,5,metro,Lilás,Lilac
2016,entrance,2016-12-01,Média dos Domingos,1,15,metro,Prata,Silver
2016,entrance,2016-12-01,Média dos Domingos,1115,99,metro,Sistema METRO,METRO System
2016,entrance,2016-12-01,Máxima Diária,1114,1,metro,Azul,Blue
2016,entrance,2016-12-01,Máxima Diária,544,2,metro,Verde,Green
2016,entrance,2016-12-01,Máxima Diária,1238,3,metro,Vermelha,Red
2016,entrance,2016-12-01,Máxima Diária,275,5,metro,Lilás,Lilac
2016,entrance,2016-12-01,Máxima Diária,11,15,metro,Prata,Silver
2016,entrance,2016-12-01,Máxima Diária,3181,99,metro,Sistema METRO,METRO System
2016,transport,2016-01-01,Total,29345,1,metro,Azul,Blue
2016,transport,2016-01-01,Total,13328,2,metro,Verde,Green
2016,transport,2016-01-01,Total,30666,3,metro,Vermelha,Red
2016,transport,2016-01-01,Total,5588,5,metro,Lilás,Lilac
2016,transport,2016-01-01,Total,241,15,metro,Prata,Silver
2016,transport,2016-01-01,Total,79167,99,metro,Sistema METRO,METRO System
2016,transport,2016-01-01,Média dos Dias Úteis,1202,1,metro,Azul,Blue
2016,transport,2016-01-01,Média dos Dias Úteis,574,2,metro,Verde,Green
2016,transport,2016-01-01,Média dos Dias Úteis,1254,3,metro,Vermelha,Red
2016,transport,2016-01-01,Média dos Dias Úteis,230,5,metro,Lilás,Lilac
2016,transport,2016-01-01,Média dos Dias Úteis,11,15,metro,Prata,Silver
2016,transport,2016-01-01,Média dos Dias Úteis,3270,99,metro,Sistema METRO,METRO System
2016,transport,2016-01-01,Média dos Sábados,691,1,metro,Azul,Blue
2016,transport,2016-01-01,Média dos Sábados,251,2,metro,Verde,Green
2016,transport,2016-01-01,Média dos Sábados,710,3,metro,Vermelha,Red
2016,transport,2016-01-01,Média dos Sábados,134,5,metro,Lilás,Lilac
2016,transport,2016-01-01,Média dos Sábados,4,15,metro,Prata,Silver
2016,transport,2016-01-01,Média dos Sábados,1790,99,metro,Sistema METRO,METRO System
2016,transport,2016-01-01,Média dos Domingos,453,1,metro,Azul,Blue
2016,transport,2016-01-01,Média dos Domingos,173,2,metro,Verde,Green
2016,transport,2016-01-01,Média dos Domingos,484,3,metro,Vermelha,Red
2016,transport,2016-01-01,Média dos Domingos,79,5,metro,Lilás,Lilac
2016,transport,2016-01-01,Média dos Domingos,3,15,metro,Prata,Silver
2016,transport,2016-01-01,Média dos Domingos,1191,99,metro,Sistema METRO,METRO System
2016,transport,2016-01-01,Máxima Diária,1301,1,metro,Azul,Blue
2016,transport,2016-01-01,Máxima Diária,622,2,metro,Verde,Green
2016,transport,2016-01-01,Máxima Diária,1344,3,metro,Vermelha,Red
2016,transport,2016-01-01,Máxima Diária,248,5,metro,Lilás,Lilac
2016,transport,2016-01-01,Máxima Diária,14,15,metro,Prata,Silver
2016,transport,2016-01-01,Máxima Diária,3520,99,metro,Sistema METRO,METRO System
2016,transport,2016-02-01,Total,31694,1,metro,Azul,Blue
2016,transport,2016-02-01,Total,14511,2,metro,Verde,Green
2016,transport,2016-02-01,Total,32975,3,metro,Vermelha,Red
2016,transport,2016-02-01,Total,6076,5,metro,Lilás,Lilac
2016,transport,2016-02-01,Total,276,15,metro,Prata,Silver
2016,transport,2016-02-01,Total,85532,99,metro,Sistema METRO,METRO System
2016,transport,2016-02-01,Média dos Dias Úteis,1356,1,metro,Azul,Blue
2016,transport,2016-02-01,Média dos Dias Úteis,646,2,metro,Verde,Green
2016,transport,2016-02-01,Média dos Dias Úteis,1409,3,metro,Vermelha,Red
2016,transport,2016-02-01,Média dos Dias Úteis,260,5,metro,Lilás,Lilac
2016,transport,2016-02-01,Média dos Dias Úteis,13,15,metro,Prata,Silver
2016,transport,2016-02-01,Média dos Dias Úteis,3683,99,metro,Sistema METRO,METRO System
2016,transport,2016-02-01,Média dos Sábados,797,1,metro,Azul,Blue
2016,transport,2016-02-01,Média dos Sábados,304,2,metro,Verde,Green
2016,transport,2016-02-01,Média dos Sábados,818,3,metro,Vermelha,Red
2016,transport,2016-02-01,Média dos Sábados,154,5,metro,Lilás,Lilac
2016,transport,2016-02-01,Média dos Sábados,5,15,metro,Prata,Silver
2016,transport,2016-02-01,Média dos Sábados,2078,99,metro,Sistema METRO,METRO System
2016,transport,2016-02-01,Média dos Domingos,474,1,metro,Azul,Blue
2016,transport,2016-02-01,Média dos Domingos,188,2,metro,Verde,Green
2016,transport,2016-02-01,Média dos Domingos,521,3,metro,Vermelha,Red
2016,transport,2016-02-01,Média dos Domingos,84,5,metro,Lilás,Lilac
2016,transport,2016-02-01,Média dos Domingos,3,15,metro,Prata,Silver
2016,transport,2016-02-01,Média dos Domingos,1270,99,metro,Sistema METRO,METRO System
2016,transport,2016-02-01,Máxima Diária,1415,1,metro,Azul,Blue
2016,transport,2016-02-01,Máxima Diária,673,2,metro,Verde,Green
2016,transport,2016-02-01,Máxima Diária,1505,3,metro,Vermelha,Red
2016,transport,2016-02-01,Máxima Diária,276,5,metro,Lilás,Lilac
2016,transport,2016-02-01,Máxima Diária,13,15,metro,Prata,Silver
2016,transport,2016-02-01,Máxima Diária,3843,99,metro,Sistema METRO,METRO System
2016,transport,2016-03-01,Total,37051,1,metro,Azul,Blue
2016,transport,2016-03-01,Total,17220,2,metro,Verde,Green
2016,transport,2016-03-01,Total,37980,3,metro,Vermelha,Red
2016,transport,2016-03-01,Total,7027,5,metro,Lilás,Lilac
2016,transport,2016-03-01,Total,333,15,metro,Prata,Silver
2016,transport,2016-03-01,Total,99611,99,metro,Sistema METRO,METRO System
2016,transport,2016-03-01,Média dos Dias Úteis,1432,1,metro,Azul,Blue
2016,transport,2016-03-01,Média dos Dias Úteis,683,2,metro,Verde,Green
2016,transport,2016-03-01,Média dos Dias Úteis,1464,3,metro,Vermelha,Red
2016,transport,2016-03-01,Média dos Dias Úteis,273,5,metro,Lilás,Lilac
2016,transport,2016-03-01,Média dos Dias Úteis,13,15,metro,Prata,Silver
2016,transport,2016-03-01,Média dos Dias Úteis,3865,99,metro,Sistema METRO,METRO System
2016,transport,2016-03-01,Média dos Sábados,789,1,metro,Azul,Blue
2016,transport,2016-03-01,Média dos Sábados,296,2,metro,Verde,Green
2016,transport,2016-03-01,Média dos Sábados,820,3,metro,Vermelha,Red
2016,transport,2016-03-01,Média dos Sábados,156,5,metro,Lilás,Lilac
2016,transport,2016-03-01,Média dos Sábados,5,15,metro,Prata,Silver
2016,transport,2016-03-01,Média dos Sábados,2066,99,metro,Sistema METRO,METRO System
2016,transport,2016-03-01,Média dos Domingos,451,1,metro,Azul,Blue
2016,transport,2016-03-01,Média dos Domingos,169,2,metro,Verde,Green
2016,transport,2016-03-01,Média dos Domingos,488,3,metro,Vermelha,Red
2016,transport,2016-03-01,Média dos Domingos,74,5,metro,Lilás,Lilac
2016,transport,2016-03-01,Média dos Domingos,3,15,metro,Prata,Silver
2016,transport,2016-03-01,Média dos Domingos,1185,99,metro,Sistema METRO,METRO System
2016,transport,2016-03-01,Máxima Diária,1479,1,metro,Azul,Blue
2016,transport,2016-03-01,Máxima Diária,731,2,metro,Verde,Green
2016,transport,2016-03-01,Máxima Diária,1501,3,metro,Vermelha,Red
2016,transport,2016-03-01,Máxima Diária,284,5,metro,Lilás,Lilac
2016,transport,2016-03-01,Máxima Diária,14,15,metro,Prata,Silver
2016,transport,2016-03-01,Máxima Diária,4000,99,metro,Sistema METRO,METRO System
2016,transport,2016-04-01,Total,34693,1,metro,Azul,Blue
2016,transport,2016-04-01,Total,15740,2,metro,Verde,Green
2016,transport,2016-04-01,Total,35746,3,metro,Vermelha,Red
2016,transport,2016-04-01,Total,6603,5,metro,Lilás,Lilac
2016,transport,2016-04-01,Total,294,15,metro,Prata,Silver
2016,transport,2016-04-01,Total,93075,99,metro,Sistema METRO,METRO System
2016,transport,2016-04-01,Média dos Dias Úteis,1437,1,metro,Azul,Blue
2016,transport,2016-04-01,Média dos Dias Úteis,680,2,metro,Verde,Green
2016,transport,2016-04-01,Média dos Dias Úteis,1471,3,metro,Vermelha,Red
2016,transport,2016-04-01,Média dos Dias Úteis,272,5,metro,Lilás,Lilac
2016,transport,2016-04-01,Média dos Dias Úteis,13,15,metro,Prata,Silver
2016,transport,2016-04-01,Média dos Dias Úteis,3873,99,metro,Sistema METRO,METRO System
2016,transport,2016-04-01,Média dos Sábados,794,1,metro,Azul,Blue
2016,transport,2016-04-01,Média dos Sábados,300,2,metro,Verde,Green
2016,transport,2016-04-01,Média dos Sábados,825,3,metro,Vermelha,Red
2016,transport,2016-04-01,Média dos Sábados,158,5,metro,Lilás,Lilac
2016,transport,2016-04-01,Média dos Sábados,5,15,metro,Prata,Silver
2016,transport,2016-04-01,Média dos Sábados,2084,99,metro,Sistema METRO,METRO System
2016,transport,2016-04-01,Média dos Domingos,481,1,metro,Azul,Blue
2016,transport,2016-04-01,Média dos Domingos,186,2,metro,Verde,Green
2016,transport,2016-04-01,Média dos Domingos,536,3,metro,Vermelha,Red
2016,transport,2016-04-01,Média dos Domingos,85,5,metro,Lilás,Lilac
2016,transport,2016-04-01,Média dos Domingos,3,15,metro,Prata,Silver
2016,transport,2016-04-01,Média dos Domingos,1290,99,metro,Sistema METRO,METRO System
2016,transport,2016-04-01,Máxima Diária,1481,1,metro,Azul,Blue
2016,transport,2016-04-01,Máxima Diária,696,2,metro,Verde,Green
2016,transport,2016-04-01,Máxima Diária,1525,3,metro,Vermelha,Red
2016,transport,2016-04-01,Máxima Diária,284,5,metro,Lilás,Lilac
2016,transport,2016-04-01,Máxima Diária,14,15,metro,Prata,Silver
2016,transport,2016-04-01,Máxima Diária,3996,99,metro,Sistema METRO,METRO System
2016,transport,2016-05-01,Total,35586,1,metro,Azul,Blue
2016,transport,2016-05-01,Total,16207,2,metro,Verde,Green
2016,transport,2016-05-01,Total,36714,3,metro,Vermelha,Red
2016,transport,2016-05-01,Total,6697,5,metro,Lilás,Lilac
2016,transport,2016-05-01,Total,322,15,metro,Prata,Silver
2016,transport,2016-05-01,Total,95527,99,metro,Sistema METRO,METRO System
2016,transport,2016-05-01,Média dos Dias Úteis,1423,1,metro,Azul,Blue
2016,transport,2016-05-01,Média dos Dias Úteis,676,2,metro,Verde,Green
2016,transport,2016-05-01,Média dos Dias Úteis,1461,3,metro,Vermelha,Red
2016,transport,2016-05-01,Média dos Dias Úteis,271,5,metro,Lilás,Lilac
2016,transport,2016-05-01,Média dos Dias Úteis,14,15,metro,Prata,Silver
2016,transport,2016-05-01,Média dos Dias Úteis,3844,99,metro,Sistema METRO,METRO System
2016,transport,2016-05-01,Média dos Sábados,788,1,metro,Azul,Blue
2016,transport,2016-05-01,Média dos Sábados,296,2,metro,Verde,Green
2016,transport,2016-05-01,Média dos Sábados,816,3,metro,Vermelha,Red
2016,transport,2016-05-01,Média dos Sábados,156,5,metro,Lilás,Lilac
2016,transport,2016-05-01,Média dos Sábados,5,15,metro,Prata,Silver
2016,transport,2016-05-01,Média dos Sábados,2061,99,metro,Sistema METRO,METRO System
2016,transport,2016-05-01,Média dos Domingos,475,1,metro,Azul,Blue
2016,transport,2016-05-01,Média dos Domingos,180,2,metro,Verde,Green
2016,transport,2016-05-01,Média dos Domingos,526,3,metro,Vermelha,Red
2016,transport,2016-05-01,Média dos Domingos,72,5,metro,Lilás,Lilac
2016,transport,2016-05-01,Média dos Domingos,3,15,metro,Prata,Silver
2016,transport,2016-05-01,Média dos Domingos,1256,99,metro,Sistema METRO,METRO System
2016,transport,2016-05-01,Máxima Diária,1479,1,metro,Azul,Blue
2016,transport,2016-05-01,Máxima Diária,694,2,metro,Verde,Green
2016,transport,2016-05-01,Máxima Diária,1519,3,metro,Vermelha,Red
2016,transport,2016-05-01,Máxima Diária,290,5,metro,Lilás,Lilac
2016,transport,2016-05-01,Máxima Diária,15,15,metro,Prata,Silver
2016,transport,2016-05-01,Máxima Diária,3985,99,metro,Sistema METRO,METRO System
2016,transport,2016-06-01,Total,35236,1,metro,Azul,Blue
2016,transport,2016-06-01,Total,16354,2,metro,Verde,Green
2016,transport,2016-06-01,Total,36263,3,metro,Vermelha,Red
2016,transport,2016-06-01,Total,6720,5,metro,Lilás,Lilac
2016,transport,2016-06-01,Total,329,15,metro,Prata,Silver
2016,transport,2016-06-01,Total,94901,99,metro,Sistema METRO,METRO System
2016,transport,2016-06-01,Média dos Dias Úteis,1374,1,metro,Azul,Blue
2016,transport,2016-06-01,Média dos Dias Úteis,657,2,metro,Verde,Green
2016,transport,2016-06-01,Média dos Dias Úteis,1406,3,metro,Vermelha,Red
2016,transport,2016-06-01,Média dos Dias Úteis,263,5,metro,Lilás,Lilac
2016,transport,2016-06-01,Média dos Dias Úteis,14,15,metro,Prata,Silver
2016,transport,2016-06-01,Média dos Dias Úteis,3714,99,metro,Sistema METRO,METRO System
2016,transport,2016-06-01,Média dos Sábados,800,1,metro,Azul,Blue
2016,transport,2016-06-01,Média dos Sábados,298,2,metro,Verde,Green
2016,transport,2016-06-01,Média dos Sábados,830,3,metro,Vermelha,Red
2016,transport,2016-06-01,Média dos Sábados,157,5,metro,Lilás,Lilac
2016,transport,2016-06-01,Média dos Sábados,5,15,metro,Prata,Silver
2016,transport,2016-06-01,Média dos Sábados,2091,99,metro,Sistema METRO,METRO System
2016,transport,2016-06-01,Média dos Domingos,451,1,metro,Azul,Blue
2016,transport,2016-06-01,Média dos Domingos,175,2,metro,Verde,Green
2016,transport,2016-06-01,Média dos Domingos,501,3,metro,Vermelha,Red
2016,transport,2016-06-01,Média dos Domingos,78,5,metro,Lilás,Lilac
2016,transport,2016-06-01,Média dos Domingos,2,15,metro,Prata,Silver
2016,transport,2016-06-01,Média dos Domingos,1207,99,metro,Sistema METRO,METRO System
2016,transport,2016-06-01,Máxima Diária,1446,1,metro,Azul,Blue
2016,transport,2016-06-01,Máxima Diária,703,2,metro,Verde,Green
2016,transport,2016-06-01,Máxima Diária,1480,3,metro,Vermelha,Red
2016,transport,2016-06-01,Máxima Diária,285,5,metro,Lilás,Lilac
2016,transport,2016-06-01,Máxima Diária,15,15,metro,Prata,Silver
2016,transport,2016-06-01,Máxima Diária,3919,99,metro,Sistema METRO,METRO System
2016,transport,2016-07-01,Total,32712,1,metro,Azul,Blue
2016,transport,2016-07-01,Total,15123,2,metro,Verde,Green
2016,transport,2016-07-01,Total,33933,3,metro,Vermelha,Red
2016,transport,2016-07-01,Total,6215,5,metro,Lilás,Lilac
2016,transport,2016-07-01,Total,316,15,metro,Prata,Silver
2016,transport,2016-07-01,Total,88300,99,metro,Sistema METRO,METRO System
2016,transport,2016-07-01,Média dos Dias Úteis,1267,1,metro,Azul,Blue
2016,transport,2016-07-01,Média dos Dias Úteis,610,2,metro,Verde,Green
2016,transport,2016-07-01,Média dos Dias Úteis,1310,3,metro,Vermelha,Red
2016,transport,2016-07-01,Média dos Dias Úteis,243,5,metro,Lilás,Lilac
2016,transport,2016-07-01,Média dos Dias Úteis,14,15,metro,Prata,Silver
2016,transport,2016-07-01,Média dos Dias Úteis,3444,99,metro,Sistema METRO,METRO System
2016,transport,2016-07-01,Média dos Sábados,749,1,metro,Azul,Blue
2016,transport,2016-07-01,Média dos Sábados,278,2,metro,Verde,Green
2016,transport,2016-07-01,Média dos Sábados,771,3,metro,Vermelha,Red
2016,transport,2016-07-01,Média dos Sábados,147,5,metro,Lilás,Lilac
2016,transport,2016-07-01,Média dos Sábados,5,15,metro,Prata,Silver
2016,transport,2016-07-01,Média dos Sábados,1950,99,metro,Sistema METRO,METRO System
2016,transport,2016-07-01,Média dos Domingos,473,1,metro,Azul,Blue
2016,transport,2016-07-01,Média dos Domingos,183,2,metro,Verde,Green
2016,transport,2016-07-01,Média dos Domingos,512,3,metro,Vermelha,Red
2016,transport,2016-07-01,Média dos Domingos,76,5,metro,Lilás,Lilac
2016,transport,2016-07-01,Média dos Domingos,2,15,metro,Prata,Silver
2016,transport,2016-07-01,Média dos Domingos,1247,99,metro,Sistema METRO,METRO System
2016,transport,2016-07-01,Máxima Diária,1322,1,metro,Azul,Blue
2016,transport,2016-07-01,Máxima Diária,635,2,metro,Verde,Green
2016,transport,2016-07-01,Máxima Diária,1365,3,metro,Vermelha,Red
2016,transport,2016-07-01,Máxima Diária,260,5,metro,Lilás,Lilac
2016,transport,2016-07-01,Máxima Diária,14,15,metro,Prata,Silver
2016,transport,2016-07-01,Máxima Diária,3590,99,metro,Sistema METRO,METRO System
2016,transport,2016-08-01,Total,36913,1,metro,Azul,Blue
2016,transport,2016-08-01,Total,17185,2,metro,Verde,Green
2016,transport,2016-08-01,Total,38136,3,metro,Vermelha,Red
2016,transport,2016-08-01,Total,6904,5,metro,Lilás,Lilac
2016,transport,2016-08-01,Total,368,15,metro,Prata,Silver
2016,transport,2016-08-01,Total,99506,99,metro,Sistema METRO,METRO System
2016,transport,2016-08-01,Média dos Dias Úteis,1387,1,metro,Azul,Blue
2016,transport,2016-08-01,Média dos Dias Úteis,665,2,metro,Verde,Green
2016,transport,2016-08-01,Média dos Dias Úteis,1426,3,metro,Vermelha,Red
2016,transport,2016-08-01,Média dos Dias Úteis,260,5,metro,Lilás,Lilac
2016,transport,2016-08-01,Média dos Dias Úteis,15,15,metro,Prata,Silver
2016,transport,2016-08-01,Média dos Dias Úteis,3753,99,metro,Sistema METRO,METRO System
2016,transport,2016-08-01,Média dos Sábados,806,1,metro,Azul,Blue
2016,transport,2016-08-01,Média dos Sábados,303,2,metro,Verde,Green
2016,transport,2016-08-01,Média dos Sábados,844,3,metro,Vermelha,Red
2016,transport,2016-08-01,Média dos Sábados,158,5,metro,Lilás,Lilac
2016,transport,2016-08-01,Média dos Sábados,5,15,metro,Prata,Silver
2016,transport,2016-08-01,Média dos Sábados,2116,99,metro,Sistema METRO,METRO System
2016,transport,2016-08-01,Média dos Domingos,445,1,metro,Azul,Blue
2016,transport,2016-08-01,Média dos Domingos,171,2,metro,Verde,Green
2016,transport,2016-08-01,Média dos Domingos,489,3,metro,Vermelha,Red
2016,transport,2016-08-01,Média dos Domingos,73,5,metro,Lilás,Lilac
2016,transport,2016-08-01,Média dos Domingos,2,15,metro,Prata,Silver
2016,transport,2016-08-01,Média dos Domingos,1181,99,metro,Sistema METRO,METRO System
2016,transport,2016-08-01,Máxima Diária,1444,1,metro,Azul,Blue
2016,transport,2016-08-01,Máxima Diária,688,2,metro,Verde,Green
2016,transport,2016-08-01,Máxima Diária,1487,3,metro,Vermelha,Red
2016,transport,2016-08-01,Máxima Diária,269,5,metro,Lilás,Lilac
2016,transport,2016-08-01,Máxima Diária,16,15,metro,Prata,Silver
2016,transport,2016-08-01,Máxima Diária,3895,99,metro,Sistema METRO,METRO System
2016,transport,2016-09-01,Total,35394,1,metro,Azul,Blue
2016,transport,2016-09-01,Total,16252,2,metro,Verde,Green
2016,transport,2016-09-01,Total,36339,3,metro,Vermelha,Red
2016,transport,2016-09-01,Total,6644,5,metro,Lilás,Lilac
2016,transport,2016-09-01,Total,331,15,metro,Prata,Silver
2016,transport,2016-09-01,Total,94960,99,metro,Sistema METRO,METRO System
2016,transport,2016-09-01,Média dos Dias Úteis,1417,1,metro,Azul,Blue
2016,transport,2016-09-01,Média dos Dias Úteis,671,2,metro,Verde,Green
2016,transport,2016-09-01,Média dos Dias Úteis,1450,3,metro,Vermelha,Red
2016,transport,2016-09-01,Média dos Dias Úteis,266,5,metro,Lilás,Lilac
2016,transport,2016-09-01,Média dos Dias Úteis,14,15,metro,Prata,Silver
2016,transport,2016-09-01,Média dos Dias Úteis,3817,99,metro,Sistema METRO,METRO System
2016,transport,2016-09-01,Média dos Sábados,821,1,metro,Azul,Blue
2016,transport,2016-09-01,Média dos Sábados,307,2,metro,Verde,Green
2016,transport,2016-09-01,Média dos Sábados,841,3,metro,Vermelha,Red
2016,transport,2016-09-01,Média dos Sábados,158,5,metro,Lilás,Lilac
2016,transport,2016-09-01,Média dos Sábados,6,15,metro,Prata,Silver
2016,transport,2016-09-01,Média dos Sábados,2132,99,metro,Sistema METRO,METRO System
2016,transport,2016-09-01,Média dos Domingos,465,1,metro,Azul,Blue
2016,transport,2016-09-01,Média dos Domingos,185,2,metro,Verde,Green
2016,transport,2016-09-01,Média dos Domingos,497,3,metro,Vermelha,Red
2016,transport,2016-09-01,Média dos Domingos,81,5,metro,Lilás,Lilac
2016,transport,2016-09-01,Média dos Domingos,2,15,metro,Prata,Silver
2016,transport,2016-09-01,Média dos Domingos,1229,99,metro,Sistema METRO,METRO System
2016,transport,2016-09-01,Máxima Diária,1459,1,metro,Azul,Blue
2016,transport,2016-09-01,Máxima Diária,690,2,metro,Verde,Green
2016,transport,2016-09-01,Máxima Diária,1478,3,metro,Vermelha,Red
2016,transport,2016-09-01,Máxima Diária,275,5,metro,Lilás,Lilac
2016,transport,2016-09-01,Máxima Diária,15,15,metro,Prata,Silver
2016,transport,2016-09-01,Máxima Diária,3906,99,metro,Sistema METRO,METRO System
2016,transport,2016-10-01,Total,35085,1,metro,Azul,Blue
2016,transport,2016-10-01,Total,16035,2,metro,Verde,Green
2016,transport,2016-10-01,Total,36172,3,metro,Vermelha,Red
2016,transport,2016-10-01,Total,6600,5,metro,Lilás,Lilac
2016,transport,2016-10-01,Total,319,15,metro,Prata,Silver
2016,transport,2016-10-01,Total,94211,99,metro,Sistema METRO,METRO System
2016,transport,2016-10-01,Média dos Dias Úteis,1411,1,metro,Azul,Blue
2016,transport,2016-10-01,Média dos Dias Úteis,670,2,metro,Verde,Green
2016,transport,2016-10-01,Média dos Dias Úteis,1442,3,metro,Vermelha,Red
2016,transport,2016-10-01,Média dos Dias Úteis,264,5,metro,Lilás,Lilac
2016,transport,2016-10-01,Média dos Dias Úteis,14,15,metro,Prata,Silver
2016,transport,2016-10-01,Média dos Dias Úteis,3801,99,metro,Sistema METRO,METRO System
2016,transport,2016-10-01,Média dos Sábados,811,1,metro,Azul,Blue
2016,transport,2016-10-01,Média dos Sábados,303,2,metro,Verde,Green
2016,transport,2016-10-01,Média dos Sábados,839,3,metro,Vermelha,Red
2016,transport,2016-10-01,Média dos Sábados,159,5,metro,Lilás,Lilac
2016,transport,2016-10-01,Média dos Sábados,6,15,metro,Prata,Silver
2016,transport,2016-10-01,Média dos Sábados,2118,99,metro,Sistema METRO,METRO System
2016,transport,2016-10-01,Média dos Domingos,461,1,metro,Azul,Blue
2016,transport,2016-10-01,Média dos Domingos,181,2,metro,Verde,Green
2016,transport,2016-10-01,Média dos Domingos,515,3,metro,Vermelha,Red
2016,transport,2016-10-01,Média dos Domingos,82,5,metro,Lilás,Lilac
2016,transport,2016-10-01,Média dos Domingos,2,15,metro,Prata,Silver
2016,transport,2016-10-01,Média dos Domingos,1242,99,metro,Sistema METRO,METRO System
2016,transport,2016-10-01,Máxima Diária,1459,1,metro,Azul,Blue
2016,transport,2016-10-01,Máxima Diária,690,2,metro,Verde,Green
2016,transport,2016-10-01,Máxima Diária,1500,3,metro,Vermelha,Red
2016,transport,2016-10-01,Máxima Diária,279,5,metro,Lilás,Lilac
2016,transport,2016-10-01,Máxima Diária,16,15,metro,Prata,Silver
2016,transport,2016-10-01,Máxima Diária,3941,99,metro,Sistema METRO,METRO System
2016,transport,2016-11-01,Total,34455,1,metro,Azul,Blue
2016,transport,2016-11-01,Total,15668,2,metro,Verde,Green
2016,transport,2016-11-01,Total,35264,3,metro,Vermelha,Red
2016,transport,2016-11-01,Total,6460,5,metro,Lilás,Lilac
2016,transport,2016-11-01,Total,363,15,metro,Prata,Silver
2016,transport,2016-11-01,Total,92211,99,metro,Sistema METRO,METRO System
2016,transport,2016-11-01,Média dos Dias Úteis,1429,1,metro,Azul,Blue
2016,transport,2016-11-01,Média dos Dias Úteis,678,2,metro,Verde,Green
2016,transport,2016-11-01,Média dos Dias Úteis,1450,3,metro,Vermelha,Red
2016,transport,2016-11-01,Média dos Dias Úteis,268,5,metro,Lilás,Lilac
2016,transport,2016-11-01,Média dos Dias Úteis,16,15,metro,Prata,Silver
2016,transport,2016-11-01,Média dos Dias Úteis,3841,99,metro,Sistema METRO,METRO System
2016,transport,2016-11-01,Média dos Sábados,843,1,metro,Azul,Blue
2016,transport,2016-11-01,Média dos Sábados,310,2,metro,Verde,Green
2016,transport,2016-11-01,Média dos Sábados,869,3,metro,Vermelha,Red
2016,transport,2016-11-01,Média dos Sábados,162,5,metro,Lilás,Lilac
2016,transport,2016-11-01,Média dos Sábados,7,15,metro,Prata,Silver
2016,transport,2016-11-01,Média dos Sábados,2191,99,metro,Sistema METRO,METRO System
2016,transport,2016-11-01,Média dos Domingos,480,1,metro,Azul,Blue
2016,transport,2016-11-01,Média dos Domingos,188,2,metro,Verde,Green
2016,transport,2016-11-01,Média dos Domingos,524,3,metro,Vermelha,Red
2016,transport,2016-11-01,Média dos Domingos,86,5,metro,Lilás,Lilac
2016,transport,2016-11-01,Média dos Domingos,2,15,metro,Prata,Silver
2016,transport,2016-11-01,Média dos Domingos,1279,99,metro,Sistema METRO,METRO System
2016,transport,2016-11-01,Máxima Diária,1479,1,metro,Azul,Blue
2016,transport,2016-11-01,Máxima Diária,697,2,metro,Verde,Green
2016,transport,2016-11-01,Máxima Diária,1503,3,metro,Vermelha,Red
2016,transport,2016-11-01,Máxima Diária,283,5,metro,Lilás,Lilac
2016,transport,2016-11-01,Máxima Diária,18,15,metro,Prata,Silver
2016,transport,2016-11-01,Máxima Diária,3979,99,metro,Sistema METRO,METRO System
2016,transport,2016-12-01,Total,33597,1,metro,Azul,Blue
2016,transport,2016-12-01,Total,14954,2,metro,Verde,Green
2016,transport,2016-12-01,Total,34923,3,metro,Vermelha,Red
2016,transport,2016-12-01,Total,6484,5,metro,Lilás,Lilac
2016,transport,2016-12-01,Total,363,15,metro,Prata,Silver
2016,transport,2016-12-01,Total,90322,99,metro,Sistema METRO,METRO System
2016,transport,2016-12-01,Média dos Dias Úteis,1315,1,metro,Azul,Blue
2016,transport,2016-12-01,Média dos Dias Úteis,615,2,metro,Verde,Green
2016,transport,2016-12-01,Média dos Dias Úteis,1361,3,metro,Vermelha,Red
2016,transport,2016-12-01,Média dos Dias Úteis,252,5,metro,Lilás,Lilac
2016,transport,2016-12-01,Média dos Dias Úteis,16,15,metro,Prata,Silver
2016,transport,2016-12-01,Média dos Dias Úteis,3557,99,metro,Sistema METRO,METRO System
2016,transport,2016-12-01,Média dos Sábados,909,1,metro,Azul,Blue
2016,transport,2016-12-01,Média dos Sábados,327,2,metro,Verde,Green
2016,transport,2016-12-01,Média dos Sábados,954,3,metro,Vermelha,Red
2016,transport,2016-12-01,Média dos Sábados,180,5,metro,Lilás,Lilac
2016,transport,2016-12-01,Média dos Sábados,8,15,metro,Prata,Silver
2016,transport,2016-12-01,Média dos Sábados,2378,99,metro,Sistema METRO,METRO System
2016,transport,2016-12-01,Média dos Domingos,547,1,metro,Azul,Blue
2016,transport,2016-12-01,Média dos Domingos,216,2,metro,Verde,Green
2016,transport,2016-12-01,Média dos Domingos,576,3,metro,Vermelha,Red
2016,transport,2016-12-01,Média dos Domingos,96,5,metro,Lilás,Lilac
2016,transport,2016-12-01,Média dos Domingos,2,15,metro,Prata,Silver
2016,transport,2016-12-01,Média dos Domingos,1437,99,metro,Sistema METRO,METRO System
2016,transport,2016-12-01,Máxima Diária,1476,1,metro,Azul,Blue
2016,transport,2016-12-01,Máxima Diária,690,2,metro,Verde,Green
2016,transport,2016-12-01,Máxima Diária,1489,3,metro,Vermelha,Red
2016,transport,2016-12-01,Máxima Diária,275,5,metro,Lilás,Lilac
2016,transport,2016-12-01,Máxima Diária,18,15,metro,Prata,Silver
2016,transport,2016-12-01,Máxima Diária,3948,99,metro,Sistema METRO,METRO System
2017,entrance,2017-10-01,Total,26029,1,metro,Azul,Blue
2017,entrance,2017-10-01,Total,13219,2,metro,Verde,Green
2017,entrance,2017-10-01,Total,30557,3,metro,Vermelha,Red
2017,entrance,2017-10-01,Total,6427,5,metro,Lilás,Lilac
2017,entrance,2017-10-01,Total,260,15,metro,Prata,Silver
2017,entrance,2017-10-01,Total,76491,99,metro,Sistema METRO,METRO System
2017,entrance,2017-10-01,Média dos dias úteis,1059,1,metro,Azul,Blue
2017,entrance,2017-10-01,Média dos dias úteis,555,2,metro,Verde,Green
2017,entrance,2017-10-01,Média dos dias úteis,1224,3,metro,Vermelha,Red
2017,entrance,2017-10-01,Média dos dias úteis,264,5,metro,Lilás,Lilac
2017,entrance,2017-10-01,Média dos dias úteis,12,15,metro,Prata,Silver
2017,entrance,2017-10-01,Média dos dias úteis,3114,99,metro,Sistema METRO,METRO System
2017,entrance,2017-10-01,Média dos Sábados,569,1,metro,Azul,Blue
2017,entrance,2017-10-01,Média dos Sábados,233,2,metro,Verde,Green
2017,entrance,2017-10-01,Média dos Sábados,684,3,metro,Vermelha,Red
2017,entrance,2017-10-01,Média dos Sábados,149,5,metro,Lilás,Lilac
2017,entrance,2017-10-01,Média dos Sábados,4,15,metro,Prata,Silver
2017,entrance,2017-10-01,Média dos Sábados,1637,99,metro,Sistema METRO,METRO System
2017,entrance,2017-10-01,Média dos Domingos,291,1,metro,Azul,Blue
2017,entrance,2017-10-01,Média dos Domingos,142,2,metro,Verde,Green
2017,entrance,2017-10-01,Média dos Domingos,405,3,metro,Vermelha,Red
2017,entrance,2017-10-01,Média dos Domingos,57,5,metro,Lilás,Lilac
2017,entrance,2017-10-01,Média dos Domingos,1,15,metro,Prata,Silver
2017,entrance,2017-10-01,Média dos Domingos,895,99,metro,Sistema METRO,METRO System
2017,entrance,2017-10-01,Máxima Diária,1118,1,metro,Azul,Blue
2017,entrance,2017-10-01,Máxima Diária,569,2,metro,Verde,Green
2017,entrance,2017-10-01,Máxima Diária,1288,3,metro,Vermelha,Red
2017,entrance,2017-10-01,Máxima Diária,280,5,metro,Lilás,Lilac
2017,entrance,2017-10-01,Máxima Diária,12,15,metro,Prata,Silver
2017,entrance,2017-10-01,Máxima Diária,3268,99,metro,Sistema METRO,METRO System
2017,entrance,2017-11-01,Total,24834,1,metro,Azul,Blue
2017,entrance,2017-11-01,Total,12437,2,metro,Verde,Green
2017,entrance,2017-11-01,Total,29305,3,metro,Vermelha,Red
2017,entrance,2017-11-01,Total,6348,5,metro,Lilás,Lilac
2017,entrance,2017-11-01,Total,269,15,metro,Prata,Silver
2017,entrance,2017-11-01,Total,73193,99,metro,Sistema METRO,METRO System
2017,entrance,2017-11-01,Média dos dias úteis,1077,1,metro,Azul,Blue
2017,entrance,2017-11-01,Média dos dias úteis,559,2,metro,Verde,Green
2017,entrance,2017-11-01,Média dos dias úteis,1240,3,metro,Vermelha,Red
2017,entrance,2017-11-01,Média dos dias úteis,274,5,metro,Lilás,Lilac
2017,entrance,2017-11-01,Média dos dias úteis,13,15,metro,Prata,Silver
2017,entrance,2017-11-01,Média dos dias úteis,3163,99,metro,Sistema METRO,METRO System
2017,entrance,2017-11-01,Média dos Sábados,571,1,metro,Azul,Blue
2017,entrance,2017-11-01,Média dos Sábados,229,2,metro,Verde,Green
2017,entrance,2017-11-01,Média dos Sábados,709,3,metro,Vermelha,Red
2017,entrance,2017-11-01,Média dos Sábados,155,5,metro,Lilás,Lilac
2017,entrance,2017-11-01,Média dos Sábados,4,15,metro,Prata,Silver
2017,entrance,2017-11-01,Média dos Sábados,1668,99,metro,Sistema METRO,METRO System
2017,entrance,2017-11-01,Média dos Domingos,319,1,metro,Azul,Blue
2017,entrance,2017-11-01,Média dos Domingos,146,2,metro,Verde,Green
2017,entrance,2017-11-01,Média dos Domingos,444,3,metro,Vermelha,Red
2017,entrance,2017-11-01,Média dos Domingos,77,5,metro,Lilás,Lilac
2017,entrance,2017-11-01,Média dos Domingos,1,15,metro,Prata,Silver
2017,entrance,2017-11-01,Média dos Domingos,987,99,metro,Sistema METRO,METRO System
2017,entrance,2017-11-01,Máxima Diária,1116,1,metro,Azul,Blue
2017,entrance,2017-11-01,Máxima Diária,574,2,metro,Verde,Green
2017,entrance,2017-11-01,Máxima Diária,1274,3,metro,Vermelha,Red
2017,entrance,2017-11-01,Máxima Diária,285,5,metro,Lilás,Lilac
2017,entrance,2017-11-01,Máxima Diária,14,15,metro,Prata,Silver
2017,entrance,2017-11-01,Máxima Diária,3253,99,metro,Sistema METRO,METRO System
2017,entrance,2017-12-01,Total,24168,1,metro,Azul,Blue
2017,entrance,2017-12-01,Total,11814,2,metro,Verde,Green
2017,entrance,2017-12-01,Total,28584,3,metro,Vermelha,Red
2017,entrance,2017-12-01,Total,6541,5,metro,Lilás,Lilac
2017,entrance,2017-12-01,Total,261,15,metro,Prata,Silver
2017,entrance,2017-12-01,Total,71368,99,metro,Sistema METRO,METRO System
2017,entrance,2017-12-01,Média dos dias úteis,991,1,metro,Azul,Blue
2017,entrance,2017-12-01,Média dos dias úteis,502,2,metro,Verde,Green
2017,entrance,2017-12-01,Média dos dias úteis,1148,3,metro,Vermelha,Red
2017,entrance,2017-12-01,Média dos dias úteis,264,5,metro,Lilás,Lilac
2017,entrance,2017-12-01,Média dos dias úteis,12,15,metro,Prata,Silver
2017,entrance,2017-12-01,Média dos dias úteis,2917,99,metro,Sistema METRO,METRO System
2017,entrance,2017-12-01,Média dos Sábados,578,1,metro,Azul,Blue
2017,entrance,2017-12-01,Média dos Sábados,222,2,metro,Verde,Green
2017,entrance,2017-12-01,Média dos Sábados,725,3,metro,Vermelha,Red
2017,entrance,2017-12-01,Média dos Sábados,167,5,metro,Lilás,Lilac
2017,entrance,2017-12-01,Média dos Sábados,4,15,metro,Prata,Silver
2017,entrance,2017-12-01,Média dos Sábados,1695,99,metro,Sistema METRO,METRO System
2017,entrance,2017-12-01,Média dos Domingos,326,1,metro,Azul,Blue
2017,entrance,2017-12-01,Média dos Domingos,163,2,metro,Verde,Green
2017,entrance,2017-12-01,Média dos Domingos,426,3,metro,Vermelha,Red
2017,entrance,2017-12-01,Média dos Domingos,88,5,metro,Lilás,Lilac
2017,entrance,2017-12-01,Média dos Domingos,1,15,metro,Prata,Silver
2017,entrance,2017-12-01,Média dos Domingos,1004,99,metro,Sistema METRO,METRO System
2017,entrance,2017-12-01,Máxima Diária,1107,1,metro,Azul,Blue
2017,entrance,2017-12-01,Máxima Diária,565,2,metro,Verde,Green
2017,entrance,2017-12-01,Máxima Diária,1260,3,metro,Vermelha,Red
2017,entrance,2017-12-01,Máxima Diária,290,5,metro,Lilás,Lilac
2017,entrance,2017-12-01,Máxima Diária,14,15,metro,Prata,Silver
2017,entrance,2017-12-01,Máxima Diária,3223,99,metro,Sistema METRO,METRO System
2017,transport,2017-10-01,Total,35446,1,metro,Azul,Blue
2017,transport,2017-10-01,Total,16637,2,metro,Verde,Green
2017,transport,2017-10-01,Total,36496,3,metro,Vermelha,Red
2017,transport,2017-10-01,Total,6427,5,metro,Lilás,Lilac
2017,transport,2017-10-01,Total,459,15,metro,Prata,Silver
2017,transport,2017-10-01,Total,95464,99,metro,Sistema METRO,METRO System
2017,transport,2017-10-01,Média dos dias úteis,1432,1,metro,Azul,Blue
2017,transport,2017-10-01,Média dos dias úteis,696,2,metro,Verde,Green
2017,transport,2017-10-01,Média dos dias úteis,1455,3,metro,Vermelha,Red
2017,transport,2017-10-01,Média dos dias úteis,264,5,metro,Lilás,Lilac
2017,transport,2017-10-01,Média dos dias úteis,20,15,metro,Prata,Silver
2017,transport,2017-10-01,Média dos dias úteis,3867,99,metro,Sistema METRO,METRO System
2017,transport,2017-10-01,Média dos Sábados,788,1,metro,Azul,Blue
2017,transport,2017-10-01,Média dos Sábados,301,2,metro,Verde,Green
2017,transport,2017-10-01,Média dos Sábados,835,3,metro,Vermelha,Red
2017,transport,2017-10-01,Média dos Sábados,149,5,metro,Lilás,Lilac
2017,transport,2017-10-01,Média dos Sábados,7,15,metro,Prata,Silver
2017,transport,2017-10-01,Média dos Sábados,2080,99,metro,Sistema METRO,METRO System
2017,transport,2017-10-01,Média dos Domingos,422,1,metro,Azul,Blue
2017,transport,2017-10-01,Média dos Domingos,179,2,metro,Verde,Green
2017,transport,2017-10-01,Média dos Domingos,485,3,metro,Vermelha,Red
2017,transport,2017-10-01,Média dos Domingos,57,5,metro,Lilás,Lilac
2017,transport,2017-10-01,Média dos Domingos,2,15,metro,Prata,Silver
2017,transport,2017-10-01,Média dos Domingos,1146,99,metro,Sistema METRO,METRO System
2017,transport,2017-10-01,Máxima Diária,1506,1,metro,Azul,Blue
2017,transport,2017-10-01,Máxima Diária,718,2,metro,Verde,Green
2017,transport,2017-10-01,Máxima Diária,1532,3,metro,Vermelha,Red
2017,transport,2017-10-01,Máxima Diária,280,5,metro,Lilás,Lilac
2017,transport,2017-10-01,Máxima Diária,21,15,metro,Prata,Silver
2017,transport,2017-10-01,Máxima Diária,4057,99,metro,Sistema METRO,METRO System
2017,transport,2017-11-01,Total,33847,1,metro,Azul,Blue
2017,transport,2017-11-01,Total,15719,2,metro,Verde,Green
2017,transport,2017-11-01,Total,35010,3,metro,Vermelha,Red
2017,transport,2017-11-01,Total,6348,5,metro,Lilás,Lilac
2017,transport,2017-11-01,Total,462,15,metro,Prata,Silver
2017,transport,2017-11-01,Total,91386,99,metro,Sistema METRO,METRO System
2017,transport,2017-11-01,Média dos dias úteis,1453,1,metro,Azul,Blue
2017,transport,2017-11-01,Média dos dias úteis,704,2,metro,Verde,Green
2017,transport,2017-11-01,Média dos dias úteis,1475,3,metro,Vermelha,Red
2017,transport,2017-11-01,Média dos dias úteis,274,5,metro,Lilás,Lilac
2017,transport,2017-11-01,Média dos dias úteis,22,15,metro,Prata,Silver
2017,transport,2017-11-01,Média dos dias úteis,3928,99,metro,Sistema METRO,METRO System
2017,transport,2017-11-01,Média dos Sábados,794,1,metro,Azul,Blue
2017,transport,2017-11-01,Média dos Sábados,298,2,metro,Verde,Green
2017,transport,2017-11-01,Média dos Sábados,860,3,metro,Vermelha,Red
2017,transport,2017-11-01,Média dos Sábados,155,5,metro,Lilás,Lilac
2017,transport,2017-11-01,Média dos Sábados,8,15,metro,Prata,Silver
2017,transport,2017-11-01,Média dos Sábados,2116,99,metro,Sistema METRO,METRO System
2017,transport,2017-11-01,Média dos Domingos,460,1,metro,Azul,Blue
2017,transport,2017-11-01,Média dos Domingos,187,2,metro,Verde,Green
2017,transport,2017-11-01,Média dos Domingos,532,3,metro,Vermelha,Red
2017,transport,2017-11-01,Média dos Domingos,77,5,metro,Lilás,Lilac
2017,transport,2017-11-01,Média dos Domingos,2,15,metro,Prata,Silver
2017,transport,2017-11-01,Média dos Domingos,1258,99,metro,Sistema METRO,METRO System
2017,transport,2017-11-01,Máxima Diária,1502,1,metro,Azul,Blue
2017,transport,2017-11-01,Máxima Diária,721,2,metro,Verde,Green
2017,transport,2017-11-01,Máxima Diária,1517,3,metro,Vermelha,Red
2017,transport,2017-11-01,Máxima Diária,285,5,metro,Lilás,Lilac
2017,transport,2017-11-01,Máxima Diária,24,15,metro,Prata,Silver
2017,transport,2017-11-01,Máxima Diária,4040,99,metro,Sistema METRO,METRO System
2017,transport,2017-12-01,Total,32878,1,metro,Azul,Blue
2017,transport,2017-12-01,Total,15014,2,metro,Verde,Green
2017,transport,2017-12-01,Total,34120,3,metro,Vermelha,Red
2017,transport,2017-12-01,Total,6541,5,metro,Lilás,Lilac
2017,transport,2017-12-01,Total,438,15,metro,Prata,Silver
2017,transport,2017-12-01,Total,88991,99,metro,Sistema METRO,METRO System
2017,transport,2017-12-01,Média dos dias úteis,1335,1,metro,Azul,Blue
2017,transport,2017-12-01,Média dos dias úteis,635,2,metro,Verde,Green
2017,transport,2017-12-01,Média dos dias úteis,1364,3,metro,Vermelha,Red
2017,transport,2017-12-01,Média dos dias úteis,264,5,metro,Lilás,Lilac
2017,transport,2017-12-01,Média dos dias úteis,20,15,metro,Prata,Silver
2017,transport,2017-12-01,Média dos dias úteis,3619,99,metro,Sistema METRO,METRO System
2017,transport,2017-12-01,Média dos Sábados,802,1,metro,Azul,Blue
2017,transport,2017-12-01,Média dos Sábados,292,2,metro,Verde,Green
2017,transport,2017-12-01,Média dos Sábados,878,3,metro,Vermelha,Red
2017,transport,2017-12-01,Média dos Sábados,167,5,metro,Lilás,Lilac
2017,transport,2017-12-01,Média dos Sábados,8,15,metro,Prata,Silver
2017,transport,2017-12-01,Média dos Sábados,2145,99,metro,Sistema METRO,METRO System
2017,transport,2017-12-01,Média dos Domingos,468,1,metro,Azul,Blue
2017,transport,2017-12-01,Média dos Domingos,205,2,metro,Verde,Green
2017,transport,2017-12-01,Média dos Domingos,516,3,metro,Vermelha,Red
2017,transport,2017-12-01,Média dos Domingos,88,5,metro,Lilás,Lilac
2017,transport,2017-12-01,Média dos Domingos,3,15,metro,Prata,Silver
2017,transport,2017-12-01,Média dos Domingos,1280,99,metro,Sistema METRO,METRO System
2017,transport,2017-12-01,Máxima Diária,1486,1,metro,Azul,Blue
2017,transport,2017-12-01,Máxima Diária,713,2,metro,Verde,Green
2017,transport,2017-12-01,Máxima Diária,1499,3,metro,Vermelha,Red
2017,transport,2017-12-01,Máxima Diária,290,5,metro,Lilás,Lilac
2017,transport,2017-12-01,Máxima Diária,23,15,metro,Prata,Silver
2017,transport,2017-12-01,Máxima Diária,4000,99,metro,Sistema METRO,METRO System
2018,entrance,2018-01-01,Total,21185,1,metro,Azul,Blue
2018,entrance,2018-01-01,Total,10818,2,metro,Verde,Green
2018,entrance,2018-01-01,Total,25117,3,metro,Vermelha,Red
2018,entrance,2018-01-01,Total,5522,5,metro,Lilás,Lilac
2018,entrance,2018-01-01,Total,209,15,metro,Prata,Silver
2018,entrance,2018-01-01,Total,62851,99,metro,Sistema METRO,METRO System
2018,entrance,2018-01-01,Média dos Dias Úteis,863,1,metro,Azul,Blue
2018,entrance,2018-01-01,Média dos Dias Úteis,454,2,metro,Verde,Green
2018,entrance,2018-01-01,Média dos Dias Úteis,1008,3,metro,Vermelha,Red
2018,entrance,2018-01-01,Média dos Dias Úteis,226,5,metro,Lilás,Lilac
2018,entrance,2018-01-01,Média dos Dias Úteis,10,15,metro,Prata,Silver
2018,entrance,2018-01-01,Média dos Dias Úteis,2560,99,metro,Sistema METRO,METRO System
2018,entrance,2018-01-01,Média dos Sábados,501,1,metro,Azul,Blue
2018,entrance,2018-01-01,Média dos Sábados,216,2,metro,Verde,Green
2018,entrance,2018-01-01,Média dos Sábados,613,3,metro,Vermelha,Red
2018,entrance,2018-01-01,Média dos Sábados,139,5,metro,Lilás,Lilac
2018,entrance,2018-01-01,Média dos Sábados,3,15,metro,Prata,Silver
2018,entrance,2018-01-01,Média dos Sábados,1472,99,metro,Sistema METRO,METRO System
2018,entrance,2018-01-01,Média dos Domingos,283,1,metro,Azul,Blue
2018,entrance,2018-01-01,Média dos Domingos,131,2,metro,Verde,Green
2018,entrance,2018-01-01,Média dos Domingos,361,3,metro,Vermelha,Red
2018,entrance,2018-01-01,Média dos Domingos,55,5,metro,Lilás,Lilac
2018,entrance,2018-01-01,Média dos Domingos,1,15,metro,Prata,Silver
2018,entrance,2018-01-01,Média dos Domingos,831,99,metro,Sistema METRO,METRO System
2018,entrance,2018-01-01,Máxima Diária,952,1,metro,Azul,Blue
2018,entrance,2018-01-01,Máxima Diária,511,2,metro,Verde,Green
2018,entrance,2018-01-01,Máxima Diária,1106,3,metro,Vermelha,Red
2018,entrance,2018-01-01,Máxima Diária,249,5,metro,Lilás,Lilac
2018,entrance,2018-01-01,Máxima Diária,11,15,metro,Prata,Silver
2018,entrance,2018-01-01,Máxima Diária,2816,99,metro,Sistema METRO,METRO System
2018,entrance,2018-02-01,Total,22657,1,metro,Azul,Blue
2018,entrance,2018-02-01,Total,11847,2,metro,Verde,Green
2018,entrance,2018-02-01,Total,26569,3,metro,Vermelha,Red
2018,entrance,2018-02-01,Total,5937,5,metro,Lilás,Lilac
2018,entrance,2018-02-01,Total,207,15,metro,Prata,Silver
2018,entrance,2018-02-01,Total,67216,99,metro,Sistema METRO,METRO System
2018,entrance,2018-02-01,Média dos Dias Úteis,1017,1,metro,Azul,Blue
2018,entrance,2018-02-01,Média dos Dias Úteis,544,2,metro,Verde,Green
2018,entrance,2018-02-01,Média dos Dias Úteis,1162,3,metro,Vermelha,Red
2018,entrance,2018-02-01,Média dos Dias Úteis,269,5,metro,Lilás,Lilac
2018,entrance,2018-02-01,Média dos Dias Úteis,11,15,metro,Prata,Silver
2018,entrance,2018-02-01,Média dos Dias Úteis,3004,99,metro,Sistema METRO,METRO System
2018,entrance,2018-02-01,Média dos Sábados,611,1,metro,Azul,Blue
2018,entrance,2018-02-01,Média dos Sábados,282,2,metro,Verde,Green
2018,entrance,2018-02-01,Média dos Sábados,746,3,metro,Vermelha,Red
2018,entrance,2018-02-01,Média dos Sábados,161,5,metro,Lilás,Lilac
2018,entrance,2018-02-01,Média dos Sábados,5,15,metro,Prata,Silver
2018,entrance,2018-02-01,Média dos Sábados,1800,99,metro,Sistema METRO,METRO System
2018,entrance,2018-02-01,Média dos Domingos,335,1,metro,Azul,Blue
2018,entrance,2018-02-01,Média dos Domingos,180,2,metro,Verde,Green
2018,entrance,2018-02-01,Média dos Domingos,460,3,metro,Vermelha,Red
2018,entrance,2018-02-01,Média dos Domingos,72,5,metro,Lilás,Lilac
2018,entrance,2018-02-01,Média dos Domingos,NA,15,metro,Prata,Silver
2018,entrance,2018-02-01,Média dos Domingos,1048,99,metro,Sistema METRO,METRO System
2018,entrance,2018-02-01,Máxima Diária,1071,1,metro,Azul,Blue
2018,entrance,2018-02-01,Máxima Diária,583,2,metro,Verde,Green
2018,entrance,2018-02-01,Máxima Diária,1222,3,metro,Vermelha,Red
2018,entrance,2018-02-01,Máxima Diária,288,5,metro,Lilás,Lilac
2018,entrance,2018-02-01,Máxima Diária,12,15,metro,Prata,Silver
2018,entrance,2018-02-01,Máxima Diária,3165,99,metro,Sistema METRO,METRO System
2018,entrance,2018-03-01,Total,26821,1,metro,Azul,Blue
2018,entrance,2018-03-01,Total,13985,2,metro,Verde,Green
2018,entrance,2018-03-01,Total,31287,3,metro,Vermelha,Red
2018,entrance,2018-03-01,Total,7331,5,metro,Lilás,Lilac
2018,entrance,2018-03-01,Total,236,15,metro,Prata,Silver
2018,entrance,2018-03-01,Total,79660,99,metro,Sistema METRO,METRO System
2018,entrance,2018-03-01,Média dos Dias Úteis,1074,1,metro,Azul,Blue
2018,entrance,2018-03-01,Média dos Dias Úteis,571,2,metro,Verde,Green
2018,entrance,2018-03-01,Média dos Dias Úteis,1232,3,metro,Vermelha,Red
2018,entrance,2018-03-01,Média dos Dias Úteis,295,5,metro,Lilás,Lilac
2018,entrance,2018-03-01,Média dos Dias Úteis,12,15,metro,Prata,Silver
2018,entrance,2018-03-01,Média dos Dias Úteis,3183,99,metro,Sistema METRO,METRO System
2018,entrance,2018-03-01,Média dos Sábados,557,1,metro,Azul,Blue
2018,entrance,2018-03-01,Média dos Sábados,241,2,metro,Verde,Green
2018,entrance,2018-03-01,Média dos Sábados,674,3,metro,Vermelha,Red
2018,entrance,2018-03-01,Média dos Sábados,160,5,metro,Lilás,Lilac
2018,entrance,2018-03-01,Média dos Sábados,2,15,metro,Prata,Silver
2018,entrance,2018-03-01,Média dos Sábados,1632,99,metro,Sistema METRO,METRO System
2018,entrance,2018-03-01,Média dos Domingos,299,1,metro,Azul,Blue
2018,entrance,2018-03-01,Média dos Domingos,161,2,metro,Verde,Green
2018,entrance,2018-03-01,Média dos Domingos,417,3,metro,Vermelha,Red
2018,entrance,2018-03-01,Média dos Domingos,64,5,metro,Lilás,Lilac
2018,entrance,2018-03-01,Média dos Domingos,NA,15,metro,Prata,Silver
2018,entrance,2018-03-01,Média dos Domingos,941,99,metro,Sistema METRO,METRO System
2018,entrance,2018-03-01,Máxima Diária,1096,1,metro,Azul,Blue
2018,entrance,2018-03-01,Máxima Diária,598,2,metro,Verde,Green
2018,entrance,2018-03-01,Máxima Diária,1270,3,metro,Vermelha,Red
2018,entrance,2018-03-01,Máxima Diária,305,5,metro,Lilás,Lilac
2018,entrance,2018-03-01,Máxima Diária,12,15,metro,Prata,Silver
2018,entrance,2018-03-01,Máxima Diária,3258,99,metro,Sistema METRO,METRO System
2018,entrance,2018-04-01,Total,26059,1,metro,Azul,Blue
2018,entrance,2018-04-01,Total,13462,2,metro,Verde,Green
2018,entrance,2018-04-01,Total,30304,3,metro,Vermelha,Red
2018,entrance,2018-04-01,Total,7640,5,metro,Lilás,Lilac
2018,entrance,2018-04-01,Total,248,15,metro,Prata,Silver
2018,entrance,2018-04-01,Total,77714,99,metro,Sistema METRO,METRO System
2018,entrance,2018-04-01,Média dos Dias Úteis,1078,1,metro,Azul,Blue
2018,entrance,2018-04-01,Média dos Dias Úteis,571,2,metro,Verde,Green
2018,entrance,2018-04-01,Média dos Dias Úteis,1235,3,metro,Vermelha,Red
2018,entrance,2018-04-01,Média dos Dias Úteis,319,5,metro,Lilás,Lilac
2018,entrance,2018-04-01,Média dos Dias Úteis,12,15,metro,Prata,Silver
2018,entrance,2018-04-01,Média dos Dias Úteis,3214,99,metro,Sistema METRO,METRO System
2018,entrance,2018-04-01,Média dos Sábados,595,1,metro,Azul,Blue
2018,entrance,2018-04-01,Média dos Sábados,248,2,metro,Verde,Green
2018,entrance,2018-04-01,Média dos Sábados,724,3,metro,Vermelha,Red
2018,entrance,2018-04-01,Média dos Sábados,170,5,metro,Lilás,Lilac
2018,entrance,2018-04-01,Média dos Sábados,4,15,metro,Prata,Silver
2018,entrance,2018-04-01,Média dos Sábados,1740,99,metro,Sistema METRO,METRO System
2018,entrance,2018-04-01,Média dos Domingos,302,1,metro,Azul,Blue
2018,entrance,2018-04-01,Média dos Domingos,150,2,metro,Verde,Green
2018,entrance,2018-04-01,Média dos Domingos,398,3,metro,Vermelha,Red
2018,entrance,2018-04-01,Média dos Domingos,76,5,metro,Lilás,Lilac
2018,entrance,2018-04-01,Média dos Domingos,1,15,metro,Prata,Silver
2018,entrance,2018-04-01,Média dos Domingos,927,99,metro,Sistema METRO,METRO System
2018,entrance,2018-04-01,Máxima Diária,1102,1,metro,Azul,Blue
2018,entrance,2018-04-01,Máxima Diária,594,2,metro,Verde,Green
2018,entrance,2018-04-01,Máxima Diária,1289,3,metro,Vermelha,Red
2018,entrance,2018-04-01,Máxima Diária,331,5,metro,Lilás,Lilac
2018,entrance,2018-04-01,Máxima Diária,13,15,metro,Prata,Silver
2018,entrance,2018-04-01,Máxima Diária,3315,99,metro,Sistema METRO,METRO System
2018,entrance,2018-05-01,Total,26746,1,metro,Azul,Blue
2018,entrance,2018-05-01,Total,13961,2,metro,Verde,Green
2018,entrance,2018-05-01,Total,31441,3,metro,Vermelha,Red
2018,entrance,2018-05-01,Total,8106,5,metro,Lilás,Lilac
2018,entrance,2018-05-01,Total,282,15,metro,Prata,Silver
2018,entrance,2018-05-01,Total,80535,99,metro,Sistema METRO,METRO System
2018,entrance,2018-05-01,Média dos Dias Úteis,1061,1,metro,Azul,Blue
2018,entrance,2018-05-01,Média dos Dias Úteis,564,2,metro,Verde,Green
2018,entrance,2018-05-01,Média dos Dias Úteis,1223,3,metro,Vermelha,Red
2018,entrance,2018-05-01,Média dos Dias Úteis,322,5,metro,Lilás,Lilac
2018,entrance,2018-05-01,Média dos Dias Úteis,12,15,metro,Prata,Silver
2018,entrance,2018-05-01,Média dos Dias Úteis,3182,99,metro,Sistema METRO,METRO System
2018,entrance,2018-05-01,Média dos Sábados,591,1,metro,Azul,Blue
2018,entrance,2018-05-01,Média dos Sábados,266,2,metro,Verde,Green
2018,entrance,2018-05-01,Média dos Sábados,740,3,metro,Vermelha,Red
2018,entrance,2018-05-01,Média dos Sábados,184,5,metro,Lilás,Lilac
2018,entrance,2018-05-01,Média dos Sábados,3,15,metro,Prata,Silver
2018,entrance,2018-05-01,Média dos Sábados,1783,99,metro,Sistema METRO,METRO System
2018,entrance,2018-05-01,Média dos Domingos,333,1,metro,Azul,Blue
2018,entrance,2018-05-01,Média dos Domingos,175,2,metro,Verde,Green
2018,entrance,2018-05-01,Média dos Domingos,466,3,metro,Vermelha,Red
2018,entrance,2018-05-01,Média dos Domingos,95,5,metro,Lilás,Lilac
2018,entrance,2018-05-01,Média dos Domingos,2,15,metro,Prata,Silver
2018,entrance,2018-05-01,Média dos Domingos,1070,99,metro,Sistema METRO,METRO System
2018,entrance,2018-05-01,Máxima Diária,1105,1,metro,Azul,Blue
2018,entrance,2018-05-01,Máxima Diária,576,2,metro,Verde,Green
2018,entrance,2018-05-01,Máxima Diária,1268,3,metro,Vermelha,Red
2018,entrance,2018-05-01,Máxima Diária,335,5,metro,Lilás,Lilac
2018,entrance,2018-05-01,Máxima Diária,13,15,metro,Prata,Silver
2018,entrance,2018-05-01,Máxima Diária,3285,99,metro,Sistema METRO,METRO System
2018,entrance,2018-06-01,Total,24961,1,metro,Azul,Blue
2018,entrance,2018-06-01,Total,12900,2,metro,Verde,Green
2018,entrance,2018-06-01,Total,29583,3,metro,Vermelha,Red
2018,entrance,2018-06-01,Total,7401,5,metro,Lilás,Lilac
2018,entrance,2018-06-01,Total,251,15,metro,Prata,Silver
2018,entrance,2018-06-01,Total,75096,99,metro,Sistema METRO,METRO System
2018,entrance,2018-06-01,Média dos Dias Úteis,1031,1,metro,Azul,Blue
2018,entrance,2018-06-01,Média dos Dias Úteis,545,2,metro,Verde,Green
2018,entrance,2018-06-01,Média dos Dias Úteis,1198,3,metro,Vermelha,Red
2018,entrance,2018-06-01,Média dos Dias Úteis,305,5,metro,Lilás,Lilac
2018,entrance,2018-06-01,Média dos Dias Úteis,12,15,metro,Prata,Silver
2018,entrance,2018-06-01,Média dos Dias Úteis,3091,99,metro,Sistema METRO,METRO System
2018,entrance,2018-06-01,Média dos Sábados,554,1,metro,Azul,Blue
2018,entrance,2018-06-01,Média dos Sábados,237,2,metro,Verde,Green
2018,entrance,2018-06-01,Média dos Sábados,693,3,metro,Vermelha,Red
2018,entrance,2018-06-01,Média dos Sábados,172,5,metro,Lilás,Lilac
2018,entrance,2018-06-01,Média dos Sábados,1,15,metro,Prata,Silver
2018,entrance,2018-06-01,Média dos Sábados,1657,99,metro,Sistema METRO,METRO System
2018,entrance,2018-06-01,Média dos Domingos,317,1,metro,Azul,Blue
2018,entrance,2018-06-01,Média dos Domingos,175,2,metro,Verde,Green
2018,entrance,2018-06-01,Média dos Domingos,438,3,metro,Vermelha,Red
2018,entrance,2018-06-01,Média dos Domingos,69,5,metro,Lilás,Lilac
2018,entrance,2018-06-01,Média dos Domingos,1,15,metro,Prata,Silver
2018,entrance,2018-06-01,Média dos Domingos,999,99,metro,Sistema METRO,METRO System
2018,entrance,2018-06-01,Máxima Diária,1103,1,metro,Azul,Blue
2018,entrance,2018-06-01,Máxima Diária,575,2,metro,Verde,Green
2018,entrance,2018-06-01,Máxima Diária,1267,3,metro,Vermelha,Red
2018,entrance,2018-06-01,Máxima Diária,327,5,metro,Lilás,Lilac
2018,entrance,2018-06-01,Máxima Diária,13,15,metro,Prata,Silver
2018,entrance,2018-06-01,Máxima Diária,3284,99,metro,Sistema METRO,METRO System
2018,entrance,2018-07-01,Total,23676,1,metro,Azul,Blue
2018,entrance,2018-07-01,Total,12262,2,metro,Verde,Green
2018,entrance,2018-07-01,Total,28345,3,metro,Vermelha,Red
2018,entrance,2018-07-01,Total,6983,5,metro,Lilás,Lilac
2018,entrance,2018-07-01,Total,230,15,metro,Prata,Silver
2018,entrance,2018-07-01,Total,71497,99,metro,Sistema METRO,METRO System
2018,entrance,2018-07-01,Média dos Dias Úteis,943,1,metro,Azul,Blue
2018,entrance,2018-07-01,Média dos Dias Úteis,501,2,metro,Verde,Green
2018,entrance,2018-07-01,Média dos Dias Úteis,1111,3,metro,Vermelha,Red
2018,entrance,2018-07-01,Média dos Dias Úteis,278,5,metro,Lilás,Lilac
2018,entrance,2018-07-01,Média dos Dias Úteis,11,15,metro,Prata,Silver
2018,entrance,2018-07-01,Média dos Dias Úteis,2843,99,metro,Sistema METRO,METRO System
2018,entrance,2018-07-01,Média dos Sábados,562,1,metro,Azul,Blue
2018,entrance,2018-07-01,Média dos Sábados,233,2,metro,Verde,Green
2018,entrance,2018-07-01,Média dos Sábados,679,3,metro,Vermelha,Red
2018,entrance,2018-07-01,Média dos Sábados,171,5,metro,Lilás,Lilac
2018,entrance,2018-07-01,Média dos Sábados,1,15,metro,Prata,Silver
2018,entrance,2018-07-01,Média dos Sábados,1646,99,metro,Sistema METRO,METRO System
2018,entrance,2018-07-01,Média dos Domingos,319,1,metro,Azul,Blue
2018,entrance,2018-07-01,Média dos Domingos,161,2,metro,Verde,Green
2018,entrance,2018-07-01,Média dos Domingos,429,3,metro,Vermelha,Red
2018,entrance,2018-07-01,Média dos Domingos,88,5,metro,Lilás,Lilac
2018,entrance,2018-07-01,Média dos Domingos,1,15,metro,Prata,Silver
2018,entrance,2018-07-01,Média dos Domingos,998,99,metro,Sistema METRO,METRO System
2018,entrance,2018-07-01,Máxima Diária,994,1,metro,Azul,Blue
2018,entrance,2018-07-01,Máxima Diária,528,2,metro,Verde,Green
2018,entrance,2018-07-01,Máxima Diária,1152,3,metro,Vermelha,Red
2018,entrance,2018-07-01,Máxima Diária,284,5,metro,Lilás,Lilac
2018,entrance,2018-07-01,Máxima Diária,12,15,metro,Prata,Silver
2018,entrance,2018-07-01,Máxima Diária,2963,99,metro,Sistema METRO,METRO System
2018,entrance,2018-08-01,Total,27733,1,metro,Azul,Blue
2018,entrance,2018-08-01,Total,14509,2,metro,Verde,Green
2018,entrance,2018-08-01,Total,32413,3,metro,Vermelha,Red
2018,entrance,2018-08-01,Total,876,5,metro,Lilás,Lilac
2018,entrance,2018-08-01,Total,282,15,metro,Prata,Silver
2018,entrance,2018-08-01,Total,75813,99,metro,Sistema METRO,METRO System
2018,entrance,2018-08-01,Média dos Dias Úteis,1048,1,metro,Azul,Blue
2018,entrance,2018-08-01,Média dos Dias Úteis,560,2,metro,Verde,Green
2018,entrance,2018-08-01,Média dos Dias Úteis,1211,3,metro,Vermelha,Red
2018,entrance,2018-08-01,Média dos Dias Úteis,292,5,metro,Lilás,Lilac
2018,entrance,2018-08-01,Média dos Dias Úteis,12,15,metro,Prata,Silver
2018,entrance,2018-08-01,Média dos Dias Úteis,2870,99,metro,Sistema METRO,METRO System
2018,entrance,2018-08-01,Média dos Sábados,598,1,metro,Azul,Blue
2018,entrance,2018-08-01,Média dos Sábados,250,2,metro,Verde,Green
2018,entrance,2018-08-01,Média dos Sábados,724,3,metro,Vermelha,Red
2018,entrance,2018-08-01,Média dos Sábados,NA,5,metro,Lilás,Lilac
2018,entrance,2018-08-01,Média dos Sábados,NA,15,metro,Prata,Silver
2018,entrance,2018-08-01,Média dos Sábados,1571,99,metro,Sistema METRO,METRO System
2018,entrance,2018-08-01,Média dos Domingos,307,1,metro,Azul,Blue
2018,entrance,2018-08-01,Média dos Domingos,155,2,metro,Verde,Green
2018,entrance,2018-08-01,Média dos Domingos,418,3,metro,Vermelha,Red
2018,entrance,2018-08-01,Média dos Domingos,NA,5,metro,Lilás,Lilac
2018,entrance,2018-08-01,Média dos Domingos,1,15,metro,Prata,Silver
2018,entrance,2018-08-01,Média dos Domingos,881,99,metro,Sistema METRO,METRO System
2018,entrance,2018-08-01,Máxima Diária,1086,1,metro,Azul,Blue
2018,entrance,2018-08-01,Máxima Diária,581,2,metro,Verde,Green
2018,entrance,2018-08-01,Máxima Diária,1248,3,metro,Vermelha,Red
2018,entrance,2018-08-01,Máxima Diária,295,5,metro,Lilás,Lilac
2018,entrance,2018-08-01,Máxima Diária,13,15,metro,Prata,Silver
2018,entrance,2018-08-01,Máxima Diária,2928,99,metro,Sistema METRO,METRO System
2018,entrance,2018-09-01,Total,25215,1,metro,Azul,Blue
2018,entrance,2018-09-01,Total,12946,2,metro,Verde,Green
2018,entrance,2018-09-01,Total,29414,3,metro,Vermelha,Red
2018,entrance,2018-09-01,Total,NA,5,metro,Lilás,Lilac
2018,entrance,2018-09-01,Total,243,15,metro,Prata,Silver
2018,entrance,2018-09-01,Total,67818,99,metro,Sistema METRO,METRO System
2018,entrance,2018-09-01,Média dos Dias Úteis,1067,1,metro,Azul,Blue
2018,entrance,2018-09-01,Média dos Dias Úteis,562,2,metro,Verde,Green
2018,entrance,2018-09-01,Média dos Dias Úteis,1223,3,metro,Vermelha,Red
2018,entrance,2018-09-01,Média dos Dias Úteis,NA,5,metro,Lilás,Lilac
2018,entrance,2018-09-01,Média dos Dias Úteis,13,15,metro,Prata,Silver
2018,entrance,2018-09-01,Média dos Dias Úteis,2865,99,metro,Sistema METRO,METRO System
2018,entrance,2018-09-01,Média dos Sábados,589,1,metro,Azul,Blue
2018,entrance,2018-09-01,Média dos Sábados,254,2,metro,Verde,Green
2018,entrance,2018-09-01,Média dos Sábados,712,3,metro,Vermelha,Red
2018,entrance,2018-09-01,Média dos Sábados,NA,5,metro,Lilás,Lilac
2018,entrance,2018-09-01,Média dos Sábados,1,15,metro,Prata,Silver
2018,entrance,2018-09-01,Média dos Sábados,1556,99,metro,Sistema METRO,METRO System
2018,entrance,2018-09-01,Média dos Domingos,322,1,metro,Azul,Blue
2018,entrance,2018-09-01,Média dos Domingos,162,2,metro,Verde,Green
2018,entrance,2018-09-01,Média dos Domingos,425,3,metro,Vermelha,Red
2018,entrance,2018-09-01,Média dos Domingos,NA,5,metro,Lilás,Lilac
2018,entrance,2018-09-01,Média dos Domingos,1,15,metro,Prata,Silver
2018,entrance,2018-09-01,Média dos Domingos,910,99,metro,Sistema METRO,METRO System
2018,entrance,2018-09-01,Máxima Diária,1127,1,metro,Azul,Blue
2018,entrance,2018-09-01,Máxima Diária,582,2,metro,Verde,Green
2018,entrance,2018-09-01,Máxima Diária,1298,3,metro,Vermelha,Red
2018,entrance,2018-09-01,Máxima Diária,NA,5,metro,Lilás,Lilac
2018,entrance,2018-09-01,Máxima Diária,13,15,metro,Prata,Silver
2018,entrance,2018-09-01,Máxima Diária,3020,99,metro,Sistema METRO,METRO System
2018,entrance,2018-10-01,Total,28299,1,metro,Azul,Blue
2018,entrance,2018-10-01,Total,14744,2,metro,Verde,Green
2018,entrance,2018-10-01,Total,31717,3,metro,Vermelha,Red
2018,entrance,2018-10-01,Total,NA,5,metro,Lilás,Lilac
2018,entrance,2018-10-01,Total,266,15,metro,Prata,Silver
2018,entrance,2018-10-01,Total,75026,99,metro,Sistema METRO,METRO System
2018,entrance,2018-10-01,Média dos Dias Úteis,1096,1,metro,Azul,Blue
2018,entrance,2018-10-01,Média dos Dias Úteis,586,2,metro,Verde,Green
2018,entrance,2018-10-01,Média dos Dias Úteis,1220,3,metro,Vermelha,Red
2018,entrance,2018-10-01,Média dos Dias Úteis,NA,5,metro,Lilás,Lilac
2018,entrance,2018-10-01,Média dos Dias Úteis,12,15,metro,Prata,Silver
2018,entrance,2018-10-01,Média dos Dias Úteis,2914,99,metro,Sistema METRO,METRO System
2018,entrance,2018-10-01,Média dos Sábados,605,1,metro,Azul,Blue
2018,entrance,2018-10-01,Média dos Sábados,258,2,metro,Verde,Green
2018,entrance,2018-10-01,Média dos Sábados,691,3,metro,Vermelha,Red
2018,entrance,2018-10-01,Média dos Sábados,NA,5,metro,Lilás,Lilac
2018,entrance,2018-10-01,Média dos Sábados,NA,15,metro,Prata,Silver
2018,entrance,2018-10-01,Média dos Sábados,1554,99,metro,Sistema METRO,METRO System
2018,entrance,2018-10-01,Média dos Domingos,344,1,metro,Azul,Blue
2018,entrance,2018-10-01,Média dos Domingos,161,2,metro,Verde,Green
2018,entrance,2018-10-01,Média dos Domingos,410,3,metro,Vermelha,Red
2018,entrance,2018-10-01,Média dos Domingos,NA,5,metro,Lilás,Lilac
2018,entrance,2018-10-01,Média dos Domingos,2,15,metro,Prata,Silver
2018,entrance,2018-10-01,Média dos Domingos,916,99,metro,Sistema METRO,METRO System
2018,entrance,2018-10-01,Máxima Diária,1133,1,metro,Azul,Blue
2018,entrance,2018-10-01,Máxima Diária,625,2,metro,Verde,Green
2018,entrance,2018-10-01,Máxima Diária,1280,3,metro,Vermelha,Red
2018,entrance,2018-10-01,Máxima Diária,NA,5,metro,Lilás,Lilac
2018,entrance,2018-10-01,Máxima Diária,13,15,metro,Prata,Silver
2018,entrance,2018-10-01,Máxima Diária,3002,99,metro,Sistema METRO,METRO System
2018,entrance,2018-11-01,Total,26174,1,metro,Azul,Blue
2018,entrance,2018-11-01,Total,13531,2,metro,Verde,Green
2018,entrance,2018-11-01,Total,28899,3,metro,Vermelha,Red
2018,entrance,2018-11-01,Total,NA,5,metro,Lilás,Lilac
2018,entrance,2018-11-01,Total,219,15,metro,Prata,Silver
2018,entrance,2018-11-01,Total,68822,99,metro,Sistema METRO,METRO System
2018,entrance,2018-11-01,Média dos Dias Úteis,1145,1,metro,Azul,Blue
2018,entrance,2018-11-01,Média dos Dias Úteis,617,2,metro,Verde,Green
2018,entrance,2018-11-01,Média dos Dias Úteis,1241,3,metro,Vermelha,Red
2018,entrance,2018-11-01,Média dos Dias Úteis,NA,5,metro,Lilás,Lilac
2018,entrance,2018-11-01,Média dos Dias Úteis,13,15,metro,Prata,Silver
2018,entrance,2018-11-01,Média dos Dias Úteis,3016,99,metro,Sistema METRO,METRO System
2018,entrance,2018-11-01,Média dos Sábados,611,1,metro,Azul,Blue
2018,entrance,2018-11-01,Média dos Sábados,256,2,metro,Verde,Green
2018,entrance,2018-11-01,Média dos Sábados,700,3,metro,Vermelha,Red
2018,entrance,2018-11-01,Média dos Sábados,NA,5,metro,Lilás,Lilac
2018,entrance,2018-11-01,Média dos Sábados,3,15,metro,Prata,Silver
2018,entrance,2018-11-01,Média dos Sábados,1567,99,metro,Sistema METRO,METRO System
2018,entrance,2018-11-01,Média dos Domingos,353,1,metro,Azul,Blue
2018,entrance,2018-11-01,Média dos Domingos,172,2,metro,Verde,Green
2018,entrance,2018-11-01,Média dos Domingos,425,3,metro,Vermelha,Red
2018,entrance,2018-11-01,Média dos Domingos,NA,5,metro,Lilás,Lilac
2018,entrance,2018-11-01,Média dos Domingos,2,15,metro,Prata,Silver
2018,entrance,2018-11-01,Média dos Domingos,951,99,metro,Sistema METRO,METRO System
2018,entrance,2018-11-01,Máxima Diária,1198,1,metro,Azul,Blue
2018,entrance,2018-11-01,Máxima Diária,647,2,metro,Verde,Green
2018,entrance,2018-11-01,Máxima Diária,1307,3,metro,Vermelha,Red
2018,entrance,2018-11-01,Máxima Diária,NA,5,metro,Lilás,Lilac
2018,entrance,2018-11-01,Máxima Diária,14,15,metro,Prata,Silver
2018,entrance,2018-11-01,Máxima Diária,3164,99,metro,Sistema METRO,METRO System
2018,entrance,2018-12-01,Total,25199,1,metro,Azul,Blue
2018,entrance,2018-12-01,Total,12875,2,metro,Verde,Green
2018,entrance,2018-12-01,Total,28329,3,metro,Vermelha,Red
2018,entrance,2018-12-01,Total,NA,5,metro,Lilás,Lilac
2018,entrance,2018-12-01,Total,397,15,metro,Prata,Silver
2018,entrance,2018-12-01,Total,66800,99,metro,Sistema METRO,METRO System
2018,entrance,2018-12-01,Média dos Dias Úteis,1059,1,metro,Azul,Blue
2018,entrance,2018-12-01,Média dos Dias Úteis,565,2,metro,Verde,Green
2018,entrance,2018-12-01,Média dos Dias Úteis,1167,3,metro,Vermelha,Red
2018,entrance,2018-12-01,Média dos Dias Úteis,NA,5,metro,Lilás,Lilac
2018,entrance,2018-12-01,Média dos Dias Úteis,18,15,metro,Prata,Silver
2018,entrance,2018-12-01,Média dos Dias Úteis,2809,99,metro,Sistema METRO,METRO System
2018,entrance,2018-12-01,Média dos Sábados,644,1,metro,Azul,Blue
2018,entrance,2018-12-01,Média dos Sábados,261,2,metro,Verde,Green
2018,entrance,2018-12-01,Média dos Sábados,761,3,metro,Vermelha,Red
2018,entrance,2018-12-01,Média dos Sábados,NA,5,metro,Lilás,Lilac
2018,entrance,2018-12-01,Média dos Sábados,8,15,metro,Prata,Silver
2018,entrance,2018-12-01,Média dos Sábados,1674,99,metro,Sistema METRO,METRO System
2018,entrance,2018-12-01,Média dos Domingos,384,1,metro,Azul,Blue
2018,entrance,2018-12-01,Média dos Domingos,186,2,metro,Verde,Green
2018,entrance,2018-12-01,Média dos Domingos,466,3,metro,Vermelha,Red
2018,entrance,2018-12-01,Média dos Domingos,NA,5,metro,Lilás,Lilac
2018,entrance,2018-12-01,Média dos Domingos,5,15,metro,Prata,Silver
2018,entrance,2018-12-01,Média dos Domingos,1040,99,metro,Sistema METRO,METRO System
2018,entrance,2018-12-01,Máxima Diária,1181,1,metro,Azul,Blue
2018,entrance,2018-12-01,Máxima Diária,628,2,metro,Verde,Green
2018,entrance,2018-12-01,Máxima Diária,1293,3,metro,Vermelha,Red
2018,entrance,2018-12-01,Máxima Diária,NA,5,metro,Lilás,Lilac
2018,entrance,2018-12-01,Máxima Diária,21,15,metro,Prata,Silver
2018,entrance,2018-12-01,Máxima Diária,3116,99,metro,Sistema METRO,METRO System
2018,transport,2018-01-01,Total,28972,1,metro,Azul,Blue
2018,transport,2018-01-01,Total,13602,2,metro,Verde,Green
2018,transport,2018-01-01,Total,29999,3,metro,Vermelha,Red
2018,transport,2018-01-01,Total,5522,5,metro,Lilás,Lilac
2018,transport,2018-01-01,Total,379,15,metro,Prata,Silver
2018,transport,2018-01-01,Total,78475,99,metro,Sistema METRO,METRO System
2018,transport,2018-01-01,Média dos Dias Úteis,1169,1,metro,Azul,Blue
2018,transport,2018-01-01,Média dos Dias Úteis,570,2,metro,Verde,Green
2018,transport,2018-01-01,Média dos Dias Úteis,1196,3,metro,Vermelha,Red
2018,transport,2018-01-01,Média dos Dias Úteis,226,5,metro,Lilás,Lilac
2018,transport,2018-01-01,Média dos Dias Úteis,17,15,metro,Prata,Silver
2018,transport,2018-01-01,Média dos Dias Úteis,3178,99,metro,Sistema METRO,METRO System
2018,transport,2018-01-01,Média dos Sábados,701,1,metro,Azul,Blue
2018,transport,2018-01-01,Média dos Sábados,276,2,metro,Verde,Green
2018,transport,2018-01-01,Média dos Sábados,748,3,metro,Vermelha,Red
2018,transport,2018-01-01,Média dos Sábados,139,5,metro,Lilás,Lilac
2018,transport,2018-01-01,Média dos Sábados,6,15,metro,Prata,Silver
2018,transport,2018-01-01,Média dos Sábados,1868,99,metro,Sistema METRO,METRO System
2018,transport,2018-01-01,Média dos Domingos,402,1,metro,Azul,Blue
2018,transport,2018-01-01,Média dos Domingos,167,2,metro,Verde,Green
2018,transport,2018-01-01,Média dos Domingos,439,3,metro,Vermelha,Red
2018,transport,2018-01-01,Média dos Domingos,55,5,metro,Lilás,Lilac
2018,transport,2018-01-01,Média dos Domingos,3,15,metro,Prata,Silver
2018,transport,2018-01-01,Média dos Domingos,1065,99,metro,Sistema METRO,METRO System
2018,transport,2018-01-01,Máxima Diária,1289,1,metro,Azul,Blue
2018,transport,2018-01-01,Máxima Diária,639,2,metro,Verde,Green
2018,transport,2018-01-01,Máxima Diária,1309,3,metro,Vermelha,Red
2018,transport,2018-01-01,Máxima Diária,249,5,metro,Lilás,Lilac
2018,transport,2018-01-01,Máxima Diária,19,15,metro,Prata,Silver
2018,transport,2018-01-01,Máxima Diária,3497,99,metro,Sistema METRO,METRO System
2018,transport,2018-02-01,Total,31025,1,metro,Azul,Blue
2018,transport,2018-02-01,Total,14784,2,metro,Verde,Green
2018,transport,2018-02-01,Total,31820,3,metro,Vermelha,Red
2018,transport,2018-02-01,Total,5937,5,metro,Lilás,Lilac
2018,transport,2018-02-01,Total,368,15,metro,Prata,Silver
2018,transport,2018-02-01,Total,83934,99,metro,Sistema METRO,METRO System
2018,transport,2018-02-01,Média dos Dias Úteis,1375,1,metro,Azul,Blue
2018,transport,2018-02-01,Média dos Dias Úteis,679,2,metro,Verde,Green
2018,transport,2018-02-01,Média dos Dias Úteis,1385,3,metro,Vermelha,Red
2018,transport,2018-02-01,Média dos Dias Úteis,269,5,metro,Lilás,Lilac
2018,transport,2018-02-01,Média dos Dias Úteis,20,15,metro,Prata,Silver
2018,transport,2018-02-01,Média dos Dias Úteis,3729,99,metro,Sistema METRO,METRO System
2018,transport,2018-02-01,Média dos Sábados,860,1,metro,Azul,Blue
2018,transport,2018-02-01,Média dos Sábados,353,2,metro,Verde,Green
2018,transport,2018-02-01,Média dos Sábados,911,3,metro,Vermelha,Red
2018,transport,2018-02-01,Média dos Sábados,161,5,metro,Lilás,Lilac
2018,transport,2018-02-01,Média dos Sábados,10,15,metro,Prata,Silver
2018,transport,2018-02-01,Média dos Sábados,2287,99,metro,Sistema METRO,METRO System
2018,transport,2018-02-01,Média dos Domingos,490,1,metro,Azul,Blue
2018,transport,2018-02-01,Média dos Domingos,221,2,metro,Verde,Green
2018,transport,2018-02-01,Média dos Domingos,555,3,metro,Vermelha,Red
2018,transport,2018-02-01,Média dos Domingos,72,5,metro,Lilás,Lilac
2018,transport,2018-02-01,Média dos Domingos,NA,15,metro,Prata,Silver
2018,transport,2018-02-01,Média dos Domingos,1338,99,metro,Sistema METRO,METRO System
2018,transport,2018-02-01,Máxima Diária,1448,1,metro,Azul,Blue
2018,transport,2018-02-01,Máxima Diária,719,2,metro,Verde,Green
2018,transport,2018-02-01,Máxima Diária,1457,3,metro,Vermelha,Red
2018,transport,2018-02-01,Máxima Diária,288,5,metro,Lilás,Lilac
2018,transport,2018-02-01,Máxima Diária,22,15,metro,Prata,Silver
2018,transport,2018-02-01,Máxima Diária,3928,99,metro,Sistema METRO,METRO System
2018,transport,2018-03-01,Total,36553,1,metro,Azul,Blue
2018,transport,2018-03-01,Total,17473,2,metro,Verde,Green
2018,transport,2018-03-01,Total,37387,3,metro,Vermelha,Red
2018,transport,2018-03-01,Total,7331,5,metro,Lilás,Lilac
2018,transport,2018-03-01,Total,411,15,metro,Prata,Silver
2018,transport,2018-03-01,Total,99155,99,metro,Sistema METRO,METRO System
2018,transport,2018-03-01,Média dos Dias Úteis,1452,1,metro,Azul,Blue
2018,transport,2018-03-01,Média dos Dias Úteis,713,2,metro,Verde,Green
2018,transport,2018-03-01,Média dos Dias Úteis,1467,3,metro,Vermelha,Red
2018,transport,2018-03-01,Média dos Dias Úteis,295,5,metro,Lilás,Lilac
2018,transport,2018-03-01,Média dos Dias Úteis,20,15,metro,Prata,Silver
2018,transport,2018-03-01,Média dos Dias Úteis,3946,99,metro,Sistema METRO,METRO System
2018,transport,2018-03-01,Média dos Sábados,777,1,metro,Azul,Blue
2018,transport,2018-03-01,Média dos Sábados,305,2,metro,Verde,Green
2018,transport,2018-03-01,Média dos Sábados,823,3,metro,Vermelha,Red
2018,transport,2018-03-01,Média dos Sábados,160,5,metro,Lilás,Lilac
2018,transport,2018-03-01,Média dos Sábados,5,15,metro,Prata,Silver
2018,transport,2018-03-01,Média dos Sábados,2066,99,metro,Sistema METRO,METRO System
2018,transport,2018-03-01,Média dos Domingos,439,1,metro,Azul,Blue
2018,transport,2018-03-01,Média dos Domingos,199,2,metro,Verde,Green
2018,transport,2018-03-01,Média dos Domingos,501,3,metro,Vermelha,Red
2018,transport,2018-03-01,Média dos Domingos,64,5,metro,Lilás,Lilac
2018,transport,2018-03-01,Média dos Domingos,NA,15,metro,Prata,Silver
2018,transport,2018-03-01,Média dos Domingos,1202,99,metro,Sistema METRO,METRO System
2018,transport,2018-03-01,Máxima Diária,1485,1,metro,Azul,Blue
2018,transport,2018-03-01,Máxima Diária,742,2,metro,Verde,Green
2018,transport,2018-03-01,Máxima Diária,1505,3,metro,Vermelha,Red
2018,transport,2018-03-01,Máxima Diária,305,5,metro,Lilás,Lilac
2018,transport,2018-03-01,Máxima Diária,23,15,metro,Prata,Silver
2018,transport,2018-03-01,Máxima Diária,4042,99,metro,Sistema METRO,METRO System
2018,transport,2018-04-01,Total,35480,1,metro,Azul,Blue
2018,transport,2018-04-01,Total,16870,2,metro,Verde,Green
2018,transport,2018-04-01,Total,36247,3,metro,Vermelha,Red
2018,transport,2018-04-01,Total,7640,5,metro,Lilás,Lilac
2018,transport,2018-04-01,Total,441,15,metro,Prata,Silver
2018,transport,2018-04-01,Total,96677,99,metro,Sistema METRO,METRO System
2018,transport,2018-04-01,Média dos Dias Úteis,1457,1,metro,Azul,Blue
2018,transport,2018-04-01,Média dos Dias Úteis,714,2,metro,Verde,Green
2018,transport,2018-04-01,Média dos Dias Úteis,1471,3,metro,Vermelha,Red
2018,transport,2018-04-01,Média dos Dias Úteis,319,5,metro,Lilás,Lilac
2018,transport,2018-04-01,Média dos Dias Úteis,21,15,metro,Prata,Silver
2018,transport,2018-04-01,Média dos Dias Úteis,3980,99,metro,Sistema METRO,METRO System
2018,transport,2018-04-01,Média dos Sábados,828,1,metro,Azul,Blue
2018,transport,2018-04-01,Média dos Sábados,319,2,metro,Verde,Green
2018,transport,2018-04-01,Média dos Sábados,883,3,metro,Vermelha,Red
2018,transport,2018-04-01,Média dos Sábados,170,5,metro,Lilás,Lilac
2018,transport,2018-04-01,Média dos Sábados,8,15,metro,Prata,Silver
2018,transport,2018-04-01,Média dos Sábados,2206,99,metro,Sistema METRO,METRO System
2018,transport,2018-04-01,Média dos Domingos,435,1,metro,Azul,Blue
2018,transport,2018-04-01,Média dos Domingos,188,2,metro,Verde,Green
2018,transport,2018-04-01,Média dos Domingos,482,3,metro,Vermelha,Red
2018,transport,2018-04-01,Média dos Domingos,76,5,metro,Lilás,Lilac
2018,transport,2018-04-01,Média dos Domingos,3,15,metro,Prata,Silver
2018,transport,2018-04-01,Média dos Domingos,1183,99,metro,Sistema METRO,METRO System
2018,transport,2018-04-01,Máxima Diária,1493,1,metro,Azul,Blue
2018,transport,2018-04-01,Máxima Diária,731,2,metro,Verde,Green
2018,transport,2018-04-01,Máxima Diária,1530,3,metro,Vermelha,Red
2018,transport,2018-04-01,Máxima Diária,331,5,metro,Lilás,Lilac
2018,transport,2018-04-01,Máxima Diária,24,15,metro,Prata,Silver
2018,transport,2018-04-01,Máxima Diária,4105,99,metro,Sistema METRO,METRO System
2018,transport,2018-05-01,Total,36519,1,metro,Azul,Blue
2018,transport,2018-05-01,Total,17492,2,metro,Verde,Green
2018,transport,2018-05-01,Total,37542,3,metro,Vermelha,Red
2018,transport,2018-05-01,Total,8106,5,metro,Lilás,Lilac
2018,transport,2018-05-01,Total,509,15,metro,Prata,Silver
2018,transport,2018-05-01,Total,100169,99,metro,Sistema METRO,METRO System
2018,transport,2018-05-01,Média dos Dias Úteis,1436,1,metro,Azul,Blue
2018,transport,2018-05-01,Média dos Dias Úteis,706,2,metro,Verde,Green
2018,transport,2018-05-01,Média dos Dias Úteis,1455,3,metro,Vermelha,Red
2018,transport,2018-05-01,Média dos Dias Úteis,322,5,metro,Lilás,Lilac
2018,transport,2018-05-01,Média dos Dias Úteis,22,15,metro,Prata,Silver
2018,transport,2018-05-01,Média dos Dias Úteis,3940,99,metro,Sistema METRO,METRO System
2018,transport,2018-05-01,Média dos Sábados,834,1,metro,Azul,Blue
2018,transport,2018-05-01,Média dos Sábados,336,2,metro,Verde,Green
2018,transport,2018-05-01,Média dos Sábados,900,3,metro,Vermelha,Red
2018,transport,2018-05-01,Média dos Sábados,184,5,metro,Lilás,Lilac
2018,transport,2018-05-01,Média dos Sábados,7,15,metro,Prata,Silver
2018,transport,2018-05-01,Média dos Sábados,2258,99,metro,Sistema METRO,METRO System
2018,transport,2018-05-01,Média dos Domingos,488,1,metro,Azul,Blue
2018,transport,2018-05-01,Média dos Domingos,218,2,metro,Verde,Green
2018,transport,2018-05-01,Média dos Domingos,559,3,metro,Vermelha,Red
2018,transport,2018-05-01,Média dos Domingos,95,5,metro,Lilás,Lilac
2018,transport,2018-05-01,Média dos Domingos,4,15,metro,Prata,Silver
2018,transport,2018-05-01,Média dos Domingos,1363,99,metro,Sistema METRO,METRO System
2018,transport,2018-05-01,Máxima Diária,1488,1,metro,Azul,Blue
2018,transport,2018-05-01,Máxima Diária,722,2,metro,Verde,Green
2018,transport,2018-05-01,Máxima Diária,1508,3,metro,Vermelha,Red
2018,transport,2018-05-01,Máxima Diária,335,5,metro,Lilás,Lilac
2018,transport,2018-05-01,Máxima Diária,24,15,metro,Prata,Silver
2018,transport,2018-05-01,Máxima Diária,4067,99,metro,Sistema METRO,METRO System
2018,transport,2018-06-01,Total,34239,1,metro,Azul,Blue
2018,transport,2018-06-01,Total,16160,2,metro,Verde,Green
2018,transport,2018-06-01,Total,35392,3,metro,Vermelha,Red
2018,transport,2018-06-01,Total,7401,5,metro,Lilás,Lilac
2018,transport,2018-06-01,Total,464,15,metro,Prata,Silver
2018,transport,2018-06-01,Total,93656,99,metro,Sistema METRO,METRO System
2018,transport,2018-06-01,Média dos Dias Úteis,1396,1,metro,Azul,Blue
2018,transport,2018-06-01,Média dos Dias Úteis,684,2,metro,Verde,Green
2018,transport,2018-06-01,Média dos Dias Úteis,1423,3,metro,Vermelha,Red
2018,transport,2018-06-01,Média dos Dias Úteis,305,5,metro,Lilás,Lilac
2018,transport,2018-06-01,Média dos Dias Úteis,22,15,metro,Prata,Silver
2018,transport,2018-06-01,Média dos Dias Úteis,3830,99,metro,Sistema METRO,METRO System
2018,transport,2018-06-01,Média dos Sábados,778,1,metro,Azul,Blue
2018,transport,2018-06-01,Média dos Sábados,301,2,metro,Verde,Green
2018,transport,2018-06-01,Média dos Sábados,842,3,metro,Vermelha,Red
2018,transport,2018-06-01,Média dos Sábados,172,5,metro,Lilás,Lilac
2018,transport,2018-06-01,Média dos Sábados,3,15,metro,Prata,Silver
2018,transport,2018-06-01,Média dos Sábados,2095,99,metro,Sistema METRO,METRO System
2018,transport,2018-06-01,Média dos Domingos,466,1,metro,Azul,Blue
2018,transport,2018-06-01,Média dos Domingos,215,2,metro,Verde,Green
2018,transport,2018-06-01,Média dos Domingos,527,3,metro,Vermelha,Red
2018,transport,2018-06-01,Média dos Domingos,69,5,metro,Lilás,Lilac
2018,transport,2018-06-01,Média dos Domingos,3,15,metro,Prata,Silver
2018,transport,2018-06-01,Média dos Domingos,1280,99,metro,Sistema METRO,METRO System
2018,transport,2018-06-01,Máxima Diária,1489,1,metro,Azul,Blue
2018,transport,2018-06-01,Máxima Diária,722,2,metro,Verde,Green
2018,transport,2018-06-01,Máxima Diária,1508,3,metro,Vermelha,Red
2018,transport,2018-06-01,Máxima Diária,327,5,metro,Lilás,Lilac
2018,transport,2018-06-01,Máxima Diária,23,15,metro,Prata,Silver
2018,transport,2018-06-01,Máxima Diária,4067,99,metro,Sistema METRO,METRO System
2018,transport,2018-07-01,Total,32512,1,metro,Azul,Blue
2018,transport,2018-07-01,Total,15368,2,metro,Verde,Green
2018,transport,2018-07-01,Total,33836,3,metro,Vermelha,Red
2018,transport,2018-07-01,Total,6983,5,metro,Lilás,Lilac
2018,transport,2018-07-01,Total,427,15,metro,Prata,Silver
2018,transport,2018-07-01,Total,89128,99,metro,Sistema METRO,METRO System
2018,transport,2018-07-01,Média dos Dias Úteis,1280,1,metro,Azul,Blue
2018,transport,2018-07-01,Média dos Dias Úteis,627,2,metro,Verde,Green
2018,transport,2018-07-01,Média dos Dias Úteis,1317,3,metro,Vermelha,Red
2018,transport,2018-07-01,Média dos Dias Úteis,278,5,metro,Lilás,Lilac
2018,transport,2018-07-01,Média dos Dias Úteis,20,15,metro,Prata,Silver
2018,transport,2018-07-01,Média dos Dias Úteis,3523,99,metro,Sistema METRO,METRO System
2018,transport,2018-07-01,Média dos Sábados,781,1,metro,Azul,Blue
2018,transport,2018-07-01,Média dos Sábados,297,2,metro,Verde,Green
2018,transport,2018-07-01,Média dos Sábados,829,3,metro,Vermelha,Red
2018,transport,2018-07-01,Média dos Sábados,171,5,metro,Lilás,Lilac
2018,transport,2018-07-01,Média dos Sábados,3,15,metro,Prata,Silver
2018,transport,2018-07-01,Média dos Sábados,2081,99,metro,Sistema METRO,METRO System
2018,transport,2018-07-01,Média dos Domingos,462,1,metro,Azul,Blue
2018,transport,2018-07-01,Média dos Domingos,201,2,metro,Verde,Green
2018,transport,2018-07-01,Média dos Domingos,518,3,metro,Vermelha,Red
2018,transport,2018-07-01,Média dos Domingos,88,5,metro,Lilás,Lilac
2018,transport,2018-07-01,Média dos Domingos,1,15,metro,Prata,Silver
2018,transport,2018-07-01,Média dos Domingos,1270,99,metro,Sistema METRO,METRO System
2018,transport,2018-07-01,Máxima Diária,1346,1,metro,Azul,Blue
2018,transport,2018-07-01,Máxima Diária,661,2,metro,Verde,Green
2018,transport,2018-07-01,Máxima Diária,1369,3,metro,Vermelha,Red
2018,transport,2018-07-01,Máxima Diária,284,5,metro,Lilás,Lilac
2018,transport,2018-07-01,Máxima Diária,21,15,metro,Prata,Silver
2018,transport,2018-07-01,Máxima Diária,3675,99,metro,Sistema METRO,METRO System
2018,transport,2018-08-01,Total,37776,1,metro,Azul,Blue
2018,transport,2018-08-01,Total,18164,2,metro,Verde,Green
2018,transport,2018-08-01,Total,38679,3,metro,Vermelha,Red
2018,transport,2018-08-01,Total,876,5,metro,Lilás,Lilac
2018,transport,2018-08-01,Total,516,15,metro,Prata,Silver
2018,transport,2018-08-01,Total,96011,99,metro,Sistema METRO,METRO System
2018,transport,2018-08-01,Média dos Dias Úteis,1420,1,metro,Azul,Blue
2018,transport,2018-08-01,Média dos Dias Úteis,701,2,metro,Verde,Green
2018,transport,2018-08-01,Média dos Dias Úteis,1440,3,metro,Vermelha,Red
2018,transport,2018-08-01,Média dos Dias Úteis,292,5,metro,Lilás,Lilac
2018,transport,2018-08-01,Média dos Dias Úteis,22,15,metro,Prata,Silver
2018,transport,2018-08-01,Média dos Dias Úteis,3622,99,metro,Sistema METRO,METRO System
2018,transport,2018-08-01,Média dos Sábados,832,1,metro,Azul,Blue
2018,transport,2018-08-01,Média dos Sábados,318,2,metro,Verde,Green
2018,transport,2018-08-01,Média dos Sábados,884,3,metro,Vermelha,Red
2018,transport,2018-08-01,Média dos Sábados,NA,5,metro,Lilás,Lilac
2018,transport,2018-08-01,Média dos Sábados,NA,15,metro,Prata,Silver
2018,transport,2018-08-01,Média dos Sábados,2033,99,metro,Sistema METRO,METRO System
2018,transport,2018-08-01,Média dos Domingos,446,1,metro,Azul,Blue
2018,transport,2018-08-01,Média dos Domingos,194,2,metro,Verde,Green
2018,transport,2018-08-01,Média dos Domingos,504,3,metro,Vermelha,Red
2018,transport,2018-08-01,Média dos Domingos,NA,5,metro,Lilás,Lilac
2018,transport,2018-08-01,Média dos Domingos,2,15,metro,Prata,Silver
2018,transport,2018-08-01,Média dos Domingos,1146,99,metro,Sistema METRO,METRO System
2018,transport,2018-08-01,Máxima Diária,1466,1,metro,Azul,Blue
2018,transport,2018-08-01,Máxima Diária,723,2,metro,Verde,Green
2018,transport,2018-08-01,Máxima Diária,1483,3,metro,Vermelha,Red
2018,transport,2018-08-01,Máxima Diária,295,5,metro,Lilás,Lilac
2018,transport,2018-08-01,Máxima Diária,23,15,metro,Prata,Silver
2018,transport,2018-08-01,Máxima Diária,3683,99,metro,Sistema METRO,METRO System
2018,transport,2018-09-01,Total,34371,1,metro,Azul,Blue
2018,transport,2018-09-01,Total,16246,2,metro,Verde,Green
2018,transport,2018-09-01,Total,35197,3,metro,Vermelha,Red
2018,transport,2018-09-01,Total,NA,5,metro,Lilás,Lilac
2018,transport,2018-09-01,Total,445,15,metro,Prata,Silver
2018,transport,2018-09-01,Total,86258,99,metro,Sistema METRO,METRO System
2018,transport,2018-09-01,Média dos Dias Úteis,1442,1,metro,Azul,Blue
2018,transport,2018-09-01,Média dos Dias Úteis,705,2,metro,Verde,Green
2018,transport,2018-09-01,Média dos Dias Úteis,1457,3,metro,Vermelha,Red
2018,transport,2018-09-01,Média dos Dias Úteis,NA,5,metro,Lilás,Lilac
2018,transport,2018-09-01,Média dos Dias Úteis,23,15,metro,Prata,Silver
2018,transport,2018-09-01,Média dos Dias Úteis,3626,99,metro,Sistema METRO,METRO System
2018,transport,2018-09-01,Média dos Sábados,822,1,metro,Azul,Blue
2018,transport,2018-09-01,Média dos Sábados,321,2,metro,Verde,Green
2018,transport,2018-09-01,Média dos Sábados,870,3,metro,Vermelha,Red
2018,transport,2018-09-01,Média dos Sábados,NA,5,metro,Lilás,Lilac
2018,transport,2018-09-01,Média dos Sábados,3,15,metro,Prata,Silver
2018,transport,2018-09-01,Média dos Sábados,2015,99,metro,Sistema METRO,METRO System
2018,transport,2018-09-01,Média dos Domingos,465,1,metro,Azul,Blue
2018,transport,2018-09-01,Média dos Domingos,202,2,metro,Verde,Green
2018,transport,2018-09-01,Média dos Domingos,515,3,metro,Vermelha,Red
2018,transport,2018-09-01,Média dos Domingos,NA,5,metro,Lilás,Lilac
2018,transport,2018-09-01,Média dos Domingos,2,15,metro,Prata,Silver
2018,transport,2018-09-01,Média dos Domingos,1182,99,metro,Sistema METRO,METRO System
2018,transport,2018-09-01,Máxima Diária,1521,1,metro,Azul,Blue
2018,transport,2018-09-01,Máxima Diária,733,2,metro,Verde,Green
2018,transport,2018-09-01,Máxima Diária,1544,3,metro,Vermelha,Red
2018,transport,2018-09-01,Máxima Diária,NA,5,metro,Lilás,Lilac
2018,transport,2018-09-01,Máxima Diária,23,15,metro,Prata,Silver
2018,transport,2018-09-01,Máxima Diária,3820,99,metro,Sistema METRO,METRO System
2018,transport,2018-10-01,Total,38308,1,metro,Azul,Blue
2018,transport,2018-10-01,Total,18431,2,metro,Verde,Green
2018,transport,2018-10-01,Total,38145,3,metro,Vermelha,Red
2018,transport,2018-10-01,Total,NA,5,metro,Lilás,Lilac
2018,transport,2018-10-01,Total,498,15,metro,Prata,Silver
2018,transport,2018-10-01,Total,95383,99,metro,Sistema METRO,METRO System
2018,transport,2018-10-01,Média dos Dias Úteis,1477,1,metro,Azul,Blue
2018,transport,2018-10-01,Média dos Dias Úteis,731,2,metro,Verde,Green
2018,transport,2018-10-01,Média dos Dias Úteis,1460,3,metro,Vermelha,Red
2018,transport,2018-10-01,Média dos Dias Úteis,NA,5,metro,Lilás,Lilac
2018,transport,2018-10-01,Média dos Dias Úteis,22,15,metro,Prata,Silver
2018,transport,2018-10-01,Média dos Dias Úteis,3690,99,metro,Sistema METRO,METRO System
2018,transport,2018-10-01,Média dos Sábados,836,1,metro,Azul,Blue
2018,transport,2018-10-01,Média dos Sábados,326,2,metro,Verde,Green
2018,transport,2018-10-01,Média dos Sábados,854,3,metro,Vermelha,Red
2018,transport,2018-10-01,Média dos Sábados,NA,5,metro,Lilás,Lilac
2018,transport,2018-10-01,Média dos Sábados,NA,15,metro,Prata,Silver
2018,transport,2018-10-01,Média dos Sábados,2016,99,metro,Sistema METRO,METRO System
2018,transport,2018-10-01,Média dos Domingos,482,1,metro,Azul,Blue
2018,transport,2018-10-01,Média dos Domingos,204,2,metro,Verde,Green
2018,transport,2018-10-01,Média dos Domingos,505,3,metro,Vermelha,Red
2018,transport,2018-10-01,Média dos Domingos,NA,5,metro,Lilás,Lilac
2018,transport,2018-10-01,Média dos Domingos,4,15,metro,Prata,Silver
2018,transport,2018-10-01,Média dos Domingos,1194,99,metro,Sistema METRO,METRO System
2018,transport,2018-10-01,Máxima Diária,1524,1,metro,Azul,Blue
2018,transport,2018-10-01,Máxima Diária,771,2,metro,Verde,Green
2018,transport,2018-10-01,Máxima Diária,1527,3,metro,Vermelha,Red
2018,transport,2018-10-01,Máxima Diária,NA,5,metro,Lilás,Lilac
2018,transport,2018-10-01,Máxima Diária,25,15,metro,Prata,Silver
2018,transport,2018-10-01,Máxima Diária,3799,99,metro,Sistema METRO,METRO System
2018,transport,2018-11-01,Total,35499,1,metro,Azul,Blue
2018,transport,2018-11-01,Total,16888,2,metro,Verde,Green
2018,transport,2018-11-01,Total,35008,3,metro,Vermelha,Red
2018,transport,2018-11-01,Total,NA,5,metro,Lilás,Lilac
2018,transport,2018-11-01,Total,398,15,metro,Prata,Silver
2018,transport,2018-11-01,Total,87792,99,metro,Sistema METRO,METRO System
2018,transport,2018-11-01,Média dos Dias Úteis,1538,1,metro,Azul,Blue
2018,transport,2018-11-01,Média dos Dias Úteis,769,2,metro,Verde,Green
2018,transport,2018-11-01,Média dos Dias Úteis,1493,3,metro,Vermelha,Red
2018,transport,2018-11-01,Média dos Dias Úteis,NA,5,metro,Lilás,Lilac
2018,transport,2018-11-01,Média dos Dias Úteis,23,15,metro,Prata,Silver
2018,transport,2018-11-01,Média dos Dias Úteis,3822,99,metro,Sistema METRO,METRO System
2018,transport,2018-11-01,Média dos Sábados,843,1,metro,Azul,Blue
2018,transport,2018-11-01,Média dos Sábados,326,2,metro,Verde,Green
2018,transport,2018-11-01,Média dos Sábados,864,3,metro,Vermelha,Red
2018,transport,2018-11-01,Média dos Sábados,NA,5,metro,Lilás,Lilac
2018,transport,2018-11-01,Média dos Sábados,6,15,metro,Prata,Silver
2018,transport,2018-11-01,Média dos Sábados,2034,99,metro,Sistema METRO,METRO System
2018,transport,2018-11-01,Média dos Domingos,499,1,metro,Azul,Blue
2018,transport,2018-11-01,Média dos Domingos,216,2,metro,Verde,Green
2018,transport,2018-11-01,Média dos Domingos,523,3,metro,Vermelha,Red
2018,transport,2018-11-01,Média dos Domingos,NA,5,metro,Lilás,Lilac
2018,transport,2018-11-01,Média dos Domingos,4,15,metro,Prata,Silver
2018,transport,2018-11-01,Média dos Domingos,1240,99,metro,Sistema METRO,METRO System
2018,transport,2018-11-01,Máxima Diária,1611,1,metro,Azul,Blue
2018,transport,2018-11-01,Máxima Diária,804,2,metro,Verde,Green
2018,transport,2018-11-01,Máxima Diária,1571,3,metro,Vermelha,Red
2018,transport,2018-11-01,Máxima Diária,NA,5,metro,Lilás,Lilac
2018,transport,2018-11-01,Máxima Diária,25,15,metro,Prata,Silver
2018,transport,2018-11-01,Máxima Diária,4009,99,metro,Sistema METRO,METRO System
2018,transport,2018-12-01,Total,34213,1,metro,Azul,Blue
2018,transport,2018-12-01,Total,16283,2,metro,Verde,Green
2018,transport,2018-12-01,Total,34178,3,metro,Vermelha,Red
2018,transport,2018-12-01,Total,NA,5,metro,Lilás,Lilac
2018,transport,2018-12-01,Total,710,15,metro,Prata,Silver
2018,transport,2018-12-01,Total,85383,99,metro,Sistema METRO,METRO System
2018,transport,2018-12-01,Média dos Dias Úteis,1425,1,metro,Azul,Blue
2018,transport,2018-12-01,Média dos Dias Úteis,711,2,metro,Verde,Green
2018,transport,2018-12-01,Média dos Dias Úteis,1399,3,metro,Vermelha,Red
2018,transport,2018-12-01,Média dos Dias Úteis,NA,5,metro,Lilás,Lilac
2018,transport,2018-12-01,Média dos Dias Úteis,32,15,metro,Prata,Silver
2018,transport,2018-12-01,Média dos Dias Úteis,3567,99,metro,Sistema METRO,METRO System
2018,transport,2018-12-01,Média dos Sábados,890,1,metro,Azul,Blue
2018,transport,2018-12-01,Média dos Sábados,342,2,metro,Verde,Green
2018,transport,2018-12-01,Média dos Sábados,933,3,metro,Vermelha,Red
2018,transport,2018-12-01,Média dos Sábados,NA,5,metro,Lilás,Lilac
2018,transport,2018-12-01,Média dos Sábados,14,15,metro,Prata,Silver
2018,transport,2018-12-01,Média dos Sábados,2179,99,metro,Sistema METRO,METRO System
2018,transport,2018-12-01,Média dos Domingos,543,1,metro,Azul,Blue
2018,transport,2018-12-01,Média dos Domingos,237,2,metro,Verde,Green
2018,transport,2018-12-01,Média dos Domingos,573,3,metro,Vermelha,Red
2018,transport,2018-12-01,Média dos Domingos,NA,5,metro,Lilás,Lilac
2018,transport,2018-12-01,Média dos Domingos,9,15,metro,Prata,Silver
2018,transport,2018-12-01,Média dos Domingos,1361,99,metro,Sistema METRO,METRO System
2018,transport,2018-12-01,Máxima Diária,1585,1,metro,Azul,Blue
2018,transport,2018-12-01,Máxima Diária,786,2,metro,Verde,Green
2018,transport,2018-12-01,Máxima Diária,1552,3,metro,Vermelha,Red
2018,transport,2018-12-01,Máxima Diária,NA,5,metro,Lilás,Lilac
2018,transport,2018-12-01,Máxima Diária,37,15,metro,Prata,Silver
2018,transport,2018-12-01,Máxima Diária,3957,99,metro,Sistema METRO,METRO System
2019,entrance,2019-01-01,Total,23584,1,metro,Azul,Blue
2019,entrance,2019-01-01,Total,12656,2,metro,Verde,Green
2019,entrance,2019-01-01,Total,26236,3,metro,Vermelha,Red
2019,entrance,2019-01-01,Total,504,15,metro,Prata,Silver
2019,entrance,2019-01-01,Total,62980,99,metro,Sistema METRO,METRO System
2019,entrance,2019-01-01,Média dos Dias Úteis,931,1,metro,Azul,Blue
2019,entrance,2019-01-01,Média dos Dias Úteis,515,2,metro,Verde,Green
2019,entrance,2019-01-01,Média dos Dias Úteis,1024,3,metro,Vermelha,Red
2019,entrance,2019-01-01,Média dos Dias Úteis,20,15,metro,Prata,Silver
2019,entrance,2019-01-01,Média dos Dias Úteis,2491,99,metro,Sistema METRO,METRO System
2019,entrance,2019-01-01,Média dos Sábados,522,1,metro,Azul,Blue
2019,entrance,2019-01-01,Média dos Sábados,224,2,metro,Verde,Green
2019,entrance,2019-01-01,Média dos Sábados,596,3,metro,Vermelha,Red
2019,entrance,2019-01-01,Média dos Sábados,10,15,metro,Prata,Silver
2019,entrance,2019-01-01,Média dos Sábados,1352,99,metro,Sistema METRO,METRO System
2019,entrance,2019-01-01,Média dos Domingos,321,1,metro,Azul,Blue
2019,entrance,2019-01-01,Média dos Domingos,158,2,metro,Verde,Green
2019,entrance,2019-01-01,Média dos Domingos,385,3,metro,Vermelha,Red
2019,entrance,2019-01-01,Média dos Domingos,6,15,metro,Prata,Silver
2019,entrance,2019-01-01,Média dos Domingos,871,99,metro,Sistema METRO,METRO System
2019,entrance,2019-01-01,Máxima Diária,1004,1,metro,Azul,Blue
2019,entrance,2019-01-01,Máxima Diária,580,2,metro,Verde,Green
2019,entrance,2019-01-01,Máxima Diária,1111,3,metro,Vermelha,Red
2019,entrance,2019-01-01,Máxima Diária,25,15,metro,Prata,Silver
2019,entrance,2019-01-01,Máxima Diária,2709,99,metro,Sistema METRO,METRO System
2019,entrance,2019-02-01,Total,25529,1,metro,Azul,Blue
2019,entrance,2019-02-01,Total,14089,2,metro,Verde,Green
2019,entrance,2019-02-01,Total,28116,3,metro,Vermelha,Red
2019,entrance,2019-02-01,Total,606,15,metro,Prata,Silver
2019,entrance,2019-02-01,Total,68339,99,metro,Sistema METRO,METRO System
2019,entrance,2019-02-01,Média dos Dias Úteis,1085,1,metro,Azul,Blue
2019,entrance,2019-02-01,Média dos Dias Úteis,612,2,metro,Verde,Green
2019,entrance,2019-02-01,Média dos Dias Úteis,1180,3,metro,Vermelha,Red
2019,entrance,2019-02-01,Média dos Dias Úteis,27,15,metro,Prata,Silver
2019,entrance,2019-02-01,Média dos Dias Úteis,2905,99,metro,Sistema METRO,METRO System
2019,entrance,2019-02-01,Média dos Sábados,611,1,metro,Azul,Blue
2019,entrance,2019-02-01,Média dos Sábados,280,2,metro,Verde,Green
2019,entrance,2019-02-01,Média dos Sábados,698,3,metro,Vermelha,Red
2019,entrance,2019-02-01,Média dos Sábados,12,15,metro,Prata,Silver
2019,entrance,2019-02-01,Média dos Sábados,1601,99,metro,Sistema METRO,METRO System
2019,entrance,2019-02-01,Média dos Domingos,344,1,metro,Azul,Blue
2019,entrance,2019-02-01,Média dos Domingos,184,2,metro,Verde,Green
2019,entrance,2019-02-01,Média dos Domingos,429,3,metro,Vermelha,Red
2019,entrance,2019-02-01,Média dos Domingos,5,15,metro,Prata,Silver
2019,entrance,2019-02-01,Média dos Domingos,962,99,metro,Sistema METRO,METRO System
2019,entrance,2019-02-01,Máxima Diária,1146,1,metro,Azul,Blue
2019,entrance,2019-02-01,Máxima Diária,642,2,metro,Verde,Green
2019,entrance,2019-02-01,Máxima Diária,1241,3,metro,Vermelha,Red
2019,entrance,2019-02-01,Máxima Diária,30,15,metro,Prata,Silver
2019,entrance,2019-02-01,Máxima Diária,3053,99,metro,Sistema METRO,METRO System
2019,entrance,2019-03-01,Total,26734,1,metro,Azul,Blue
2019,entrance,2019-03-01,Total,14689,2,metro,Verde,Green
2019,entrance,2019-03-01,Total,29901,3,metro,Vermelha,Red
2019,entrance,2019-03-01,Total,767,15,metro,Prata,Silver
2019,entrance,2019-03-01,Total,72091,99,metro,Sistema METRO,METRO System
2019,entrance,2019-03-01,Média dos Dias Úteis,1123,1,metro,Azul,Blue
2019,entrance,2019-03-01,Média dos Dias Úteis,638,2,metro,Verde,Green
2019,entrance,2019-03-01,Média dos Dias Úteis,1221,3,metro,Vermelha,Red
2019,entrance,2019-03-01,Média dos Dias Úteis,34,15,metro,Prata,Silver
2019,entrance,2019-03-01,Média dos Dias Úteis,3017,99,metro,Sistema METRO,METRO System
2019,entrance,2019-03-01,Média dos Sábados,610,1,metro,Azul,Blue
2019,entrance,2019-03-01,Média dos Sábados,281,2,metro,Verde,Green
2019,entrance,2019-03-01,Média dos Sábados,724,3,metro,Vermelha,Red
2019,entrance,2019-03-01,Média dos Sábados,14,15,metro,Prata,Silver
2019,entrance,2019-03-01,Média dos Sábados,1629,99,metro,Sistema METRO,METRO System
2019,entrance,2019-03-01,Média dos Domingos,337,1,metro,Azul,Blue
2019,entrance,2019-03-01,Média dos Domingos,180,2,metro,Verde,Green
2019,entrance,2019-03-01,Média dos Domingos,461,3,metro,Vermelha,Red
2019,entrance,2019-03-01,Média dos Domingos,8,15,metro,Prata,Silver
2019,entrance,2019-03-01,Média dos Domingos,986,99,metro,Sistema METRO,METRO System
2019,entrance,2019-03-01,Máxima Diária,1148,1,metro,Azul,Blue
2019,entrance,2019-03-01,Máxima Diária,666,2,metro,Verde,Green
2019,entrance,2019-03-01,Máxima Diária,1257,3,metro,Vermelha,Red
2019,entrance,2019-03-01,Máxima Diária,40,15,metro,Prata,Silver
2019,entrance,2019-03-01,Máxima Diária,3096,99,metro,Sistema METRO,METRO System
2019,entrance,2019-04-01,Total,27542,1,metro,Azul,Blue
2019,entrance,2019-04-01,Total,15516,2,metro,Verde,Green
2019,entrance,2019-04-01,Total,30584,3,metro,Vermelha,Red
2019,entrance,2019-04-01,Total,856,15,metro,Prata,Silver
2019,entrance,2019-04-01,Total,74498,99,metro,Sistema METRO,METRO System
2019,entrance,2019-04-01,Média dos Dias Úteis,1126,1,metro,Azul,Blue
2019,entrance,2019-04-01,Média dos Dias Úteis,648,2,metro,Verde,Green
2019,entrance,2019-04-01,Média dos Dias Úteis,1227,3,metro,Vermelha,Red
2019,entrance,2019-04-01,Média dos Dias Úteis,36,15,metro,Prata,Silver
2019,entrance,2019-04-01,Média dos Dias Úteis,3037,99,metro,Sistema METRO,METRO System
2019,entrance,2019-04-01,Média dos Sábados,579,1,metro,Azul,Blue
2019,entrance,2019-04-01,Média dos Sábados,267,2,metro,Verde,Green
2019,entrance,2019-04-01,Média dos Sábados,704,3,metro,Vermelha,Red
2019,entrance,2019-04-01,Média dos Sábados,15,15,metro,Prata,Silver
2019,entrance,2019-04-01,Média dos Sábados,1565,99,metro,Sistema METRO,METRO System
2019,entrance,2019-04-01,Média dos Domingos,318,1,metro,Azul,Blue
2019,entrance,2019-04-01,Média dos Domingos,170,2,metro,Verde,Green
2019,entrance,2019-04-01,Média dos Domingos,402,3,metro,Vermelha,Red
2019,entrance,2019-04-01,Média dos Domingos,8,15,metro,Prata,Silver
2019,entrance,2019-04-01,Média dos Domingos,897,99,metro,Sistema METRO,METRO System
2019,entrance,2019-04-01,Máxima Diária,1153,1,metro,Azul,Blue
2019,entrance,2019-04-01,Máxima Diária,659,2,metro,Verde,Green
2019,entrance,2019-04-01,Máxima Diária,1256,3,metro,Vermelha,Red
2019,entrance,2019-04-01,Máxima Diária,37,15,metro,Prata,Silver
2019,entrance,2019-04-01,Máxima Diária,3090,99,metro,Sistema METRO,METRO System
2019,entrance,2019-05-01,Total,28416,1,metro,Azul,Blue
2019,entrance,2019-05-01,Total,15705,2,metro,Verde,Green
2019,entrance,2019-05-01,Total,31728,3,metro,Vermelha,Red
2019,entrance,2019-05-01,Total,1052,15,metro,Prata,Silver
2019,entrance,2019-05-01,Total,76901,99,metro,Sistema METRO,METRO System
2019,entrance,2019-05-01,Média dos Dias Úteis,1106,1,metro,Azul,Blue
2019,entrance,2019-05-01,Média dos Dias Úteis,625,2,metro,Verde,Green
2019,entrance,2019-05-01,Média dos Dias Úteis,1216,3,metro,Vermelha,Red
2019,entrance,2019-05-01,Média dos Dias Úteis,42,15,metro,Prata,Silver
2019,entrance,2019-05-01,Média dos Dias Úteis,2989,99,metro,Sistema METRO,METRO System
2019,entrance,2019-05-01,Média dos Sábados,604,1,metro,Azul,Blue
2019,entrance,2019-05-01,Média dos Sábados,273,2,metro,Verde,Green
2019,entrance,2019-05-01,Média dos Sábados,729,3,metro,Vermelha,Red
2019,entrance,2019-05-01,Média dos Sábados,18,15,metro,Prata,Silver
2019,entrance,2019-05-01,Média dos Sábados,1624,99,metro,Sistema METRO,METRO System
2019,entrance,2019-05-01,Média dos Domingos,331,1,metro,Azul,Blue
2019,entrance,2019-05-01,Média dos Domingos,170,2,metro,Verde,Green
2019,entrance,2019-05-01,Média dos Domingos,402,3,metro,Vermelha,Red
2019,entrance,2019-05-01,Média dos Domingos,10,15,metro,Prata,Silver
2019,entrance,2019-05-01,Média dos Domingos,913,99,metro,Sistema METRO,METRO System
2019,entrance,2019-05-01,Máxima Diária,1145,1,metro,Azul,Blue
2019,entrance,2019-05-01,Máxima Diária,676,2,metro,Verde,Green
2019,entrance,2019-05-01,Máxima Diária,1254,3,metro,Vermelha,Red
2019,entrance,2019-05-01,Máxima Diária,46,15,metro,Prata,Silver
2019,entrance,2019-05-01,Máxima Diária,3079,99,metro,Sistema METRO,METRO System
2019,entrance,2019-06-01,Total,23993,1,metro,Azul,Blue
2019,entrance,2019-06-01,Total,13279,2,metro,Verde,Green
2019,entrance,2019-06-01,Total,27103,3,metro,Vermelha,Red
2019,entrance,2019-06-01,Total,934,15,metro,Prata,Silver
2019,entrance,2019-06-01,Total,65308,99,metro,Sistema METRO,METRO System
2019,entrance,2019-06-01,Média dos Dias Úteis,1058,1,metro,Azul,Blue
2019,entrance,2019-06-01,Média dos Dias Úteis,602,2,metro,Verde,Green
2019,entrance,2019-06-01,Média dos Dias Úteis,1177,3,metro,Vermelha,Red
2019,entrance,2019-06-01,Média dos Dias Úteis,44,15,metro,Prata,Silver
2019,entrance,2019-06-01,Média dos Dias Úteis,2881,99,metro,Sistema METRO,METRO System
2019,entrance,2019-06-01,Média dos Sábados,580,1,metro,Azul,Blue
2019,entrance,2019-06-01,Média dos Sábados,261,2,metro,Verde,Green
2019,entrance,2019-06-01,Média dos Sábados,699,3,metro,Vermelha,Red
2019,entrance,2019-06-01,Média dos Sábados,19,15,metro,Prata,Silver
2019,entrance,2019-06-01,Média dos Sábados,1558,99,metro,Sistema METRO,METRO System
2019,entrance,2019-06-01,Média dos Domingos,321,1,metro,Azul,Blue
2019,entrance,2019-06-01,Média dos Domingos,180,2,metro,Verde,Green
2019,entrance,2019-06-01,Média dos Domingos,367,3,metro,Vermelha,Red
2019,entrance,2019-06-01,Média dos Domingos,11,15,metro,Prata,Silver
2019,entrance,2019-06-01,Média dos Domingos,879,99,metro,Sistema METRO,METRO System
2019,entrance,2019-06-01,Máxima Diária,1115,1,metro,Azul,Blue
2019,entrance,2019-06-01,Máxima Diária,629,2,metro,Verde,Green
2019,entrance,2019-06-01,Máxima Diária,1231,3,metro,Vermelha,Red
2019,entrance,2019-06-01,Máxima Diária,46,15,metro,Prata,Silver
2019,entrance,2019-06-01,Máxima Diária,3014,99,metro,Sistema METRO,METRO System
2019,entrance,2019-07-01,Total,24713,1,metro,Azul,Blue
2019,entrance,2019-07-01,Total,13769,2,metro,Verde,Green
2019,entrance,2019-07-01,Total,28297,3,metro,Vermelha,Red
2019,entrance,2019-07-01,Total,981,15,metro,Prata,Silver
2019,entrance,2019-07-01,Total,67760,99,metro,Sistema METRO,METRO System
2019,entrance,2019-07-01,Média dos Dias Úteis,953,1,metro,Azul,Blue
2019,entrance,2019-07-01,Média dos Dias Úteis,547,2,metro,Verde,Green
2019,entrance,2019-07-01,Média dos Dias Úteis,1084,3,metro,Vermelha,Red
2019,entrance,2019-07-01,Média dos Dias Úteis,40,15,metro,Prata,Silver
2019,entrance,2019-07-01,Média dos Dias Úteis,2624,99,metro,Sistema METRO,METRO System
2019,entrance,2019-07-01,Média dos Sábados,572,1,metro,Azul,Blue
2019,entrance,2019-07-01,Média dos Sábados,259,2,metro,Verde,Green
2019,entrance,2019-07-01,Média dos Sábados,675,3,metro,Vermelha,Red
2019,entrance,2019-07-01,Média dos Sábados,12,15,metro,Prata,Silver
2019,entrance,2019-07-01,Média dos Sábados,1517,99,metro,Sistema METRO,METRO System
2019,entrance,2019-07-01,Média dos Domingos,325,1,metro,Azul,Blue
2019,entrance,2019-07-01,Média dos Domingos,169,2,metro,Verde,Green
2019,entrance,2019-07-01,Média dos Domingos,390,3,metro,Vermelha,Red
2019,entrance,2019-07-01,Média dos Domingos,11,15,metro,Prata,Silver
2019,entrance,2019-07-01,Média dos Domingos,894,99,metro,Sistema METRO,METRO System
2019,entrance,2019-07-01,Máxima Diária,977,1,metro,Azul,Blue
2019,entrance,2019-07-01,Máxima Diária,572,2,metro,Verde,Green
2019,entrance,2019-07-01,Máxima Diária,1113,3,metro,Vermelha,Red
2019,entrance,2019-07-01,Máxima Diária,42,15,metro,Prata,Silver
2019,entrance,2019-07-01,Máxima Diária,2702,99,metro,Sistema METRO,METRO System
2019,entrance,2019-08-01,Total,27683,1,metro,Azul,Blue
2019,entrance,2019-08-01,Total,15461,2,metro,Verde,Green
2019,entrance,2019-08-01,Total,31037,3,metro,Vermelha,Red
2019,entrance,2019-08-01,Total,1139,15,metro,Prata,Silver
2019,entrance,2019-08-01,Total,75320,99,metro,Sistema METRO,METRO System
2019,entrance,2019-08-01,Média dos Dias Úteis,1071,1,metro,Azul,Blue
2019,entrance,2019-08-01,Média dos Dias Úteis,614,2,metro,Verde,Green
2019,entrance,2019-08-01,Média dos Dias Úteis,1187,3,metro,Vermelha,Red
2019,entrance,2019-08-01,Média dos Dias Úteis,46,15,metro,Prata,Silver
2019,entrance,2019-08-01,Média dos Dias Úteis,2918,99,metro,Sistema METRO,METRO System
2019,entrance,2019-08-01,Média dos Sábados,578,1,metro,Azul,Blue
2019,entrance,2019-08-01,Média dos Sábados,263,2,metro,Verde,Green
2019,entrance,2019-08-01,Média dos Sábados,681,3,metro,Vermelha,Red
2019,entrance,2019-08-01,Média dos Sábados,15,15,metro,Prata,Silver
2019,entrance,2019-08-01,Média dos Sábados,1536,99,metro,Sistema METRO,METRO System
2019,entrance,2019-08-01,Média dos Domingos,306,1,metro,Azul,Blue
2019,entrance,2019-08-01,Média dos Domingos,161,2,metro,Verde,Green
2019,entrance,2019-08-01,Média dos Domingos,382,3,metro,Vermelha,Red
2019,entrance,2019-08-01,Média dos Domingos,10,15,metro,Prata,Silver
2019,entrance,2019-08-01,Média dos Domingos,860,99,metro,Sistema METRO,METRO System
2019,entrance,2019-08-01,Máxima Diária,1105,1,metro,Azul,Blue
2019,entrance,2019-08-01,Máxima Diária,634,2,metro,Verde,Green
2019,entrance,2019-08-01,Máxima Diária,1216,3,metro,Vermelha,Red
2019,entrance,2019-08-01,Máxima Diária,51,15,metro,Prata,Silver
2019,entrance,2019-08-01,Máxima Diária,2993,99,metro,Sistema METRO,METRO System
2019,entrance,2019-09-01,Total,26549,1,metro,Azul,Blue
2019,entrance,2019-09-01,Total,15238,2,metro,Verde,Green
2019,entrance,2019-09-01,Total,30216,3,metro,Vermelha,Red
2019,entrance,2019-09-01,Total,1211,15,metro,Prata,Silver
2019,entrance,2019-09-01,Total,73215,99,metro,Sistema METRO,METRO System
2019,entrance,2019-09-01,Média dos Dias Úteis,1075,1,metro,Azul,Blue
2019,entrance,2019-09-01,Média dos Dias Úteis,631,2,metro,Verde,Green
2019,entrance,2019-09-01,Média dos Dias Úteis,1212,3,metro,Vermelha,Red
2019,entrance,2019-09-01,Média dos Dias Úteis,51,15,metro,Prata,Silver
2019,entrance,2019-09-01,Média dos Dias Úteis,2968,99,metro,Sistema METRO,METRO System
2019,entrance,2019-09-01,Média dos Sábados,576,1,metro,Azul,Blue
2019,entrance,2019-09-01,Média dos Sábados,273,2,metro,Verde,Green
2019,entrance,2019-09-01,Média dos Sábados,693,3,metro,Vermelha,Red
2019,entrance,2019-09-01,Média dos Sábados,20,15,metro,Prata,Silver
2019,entrance,2019-09-01,Média dos Sábados,1562,99,metro,Sistema METRO,METRO System
2019,entrance,2019-09-01,Média dos Domingos,335,1,metro,Azul,Blue
2019,entrance,2019-09-01,Média dos Domingos,181,2,metro,Verde,Green
2019,entrance,2019-09-01,Média dos Domingos,400,3,metro,Vermelha,Red
2019,entrance,2019-09-01,Média dos Domingos,13,15,metro,Prata,Silver
2019,entrance,2019-09-01,Média dos Domingos,929,99,metro,Sistema METRO,METRO System
2019,entrance,2019-09-01,Máxima Diária,1113,1,metro,Azul,Blue
2019,entrance,2019-09-01,Máxima Diária,652,2,metro,Verde,Green
2019,entrance,2019-09-01,Máxima Diária,1261,3,metro,Vermelha,Red
2019,entrance,2019-09-01,Máxima Diária,53,15,metro,Prata,Silver
2019,entrance,2019-09-01,Máxima Diária,3060,99,metro,Sistema METRO,METRO System
2019,entrance,2019-10-01,Total,29567,1,metro,Azul,Blue
2019,entrance,2019-10-01,Total,16774,2,metro,Verde,Green
2019,entrance,2019-10-01,Total,32289,3,metro,Vermelha,Red
2019,entrance,2019-10-01,Total,1362,15,metro,Prata,Silver
2019,entrance,2019-10-01,Total,79992,99,metro,Sistema METRO,METRO System
2019,entrance,2019-10-01,Média dos Dias Úteis,1110,1,metro,Azul,Blue
2019,entrance,2019-10-01,Média dos Dias Úteis,645,2,metro,Verde,Green
2019,entrance,2019-10-01,Média dos Dias Úteis,1212,3,metro,Vermelha,Red
2019,entrance,2019-10-01,Média dos Dias Úteis,53,15,metro,Prata,Silver
2019,entrance,2019-10-01,Média dos Dias Úteis,3019,99,metro,Sistema METRO,METRO System
2019,entrance,2019-10-01,Média dos Sábados,656,1,metro,Azul,Blue
2019,entrance,2019-10-01,Média dos Sábados,298,2,metro,Verde,Green
2019,entrance,2019-10-01,Média dos Sábados,729,3,metro,Vermelha,Red
2019,entrance,2019-10-01,Média dos Sábados,26,15,metro,Prata,Silver
2019,entrance,2019-10-01,Média dos Sábados,1710,99,metro,Sistema METRO,METRO System
2019,entrance,2019-10-01,Média dos Domingos,384,1,metro,Azul,Blue
2019,entrance,2019-10-01,Média dos Domingos,199,2,metro,Verde,Green
2019,entrance,2019-10-01,Média dos Domingos,412,3,metro,Vermelha,Red
2019,entrance,2019-10-01,Média dos Domingos,12,15,metro,Prata,Silver
2019,entrance,2019-10-01,Média dos Domingos,1006,99,metro,Sistema METRO,METRO System
2019,entrance,2019-10-01,Máxima Diária,1157,1,metro,Azul,Blue
2019,entrance,2019-10-01,Máxima Diária,661,2,metro,Verde,Green
2019,entrance,2019-10-01,Máxima Diária,1261,3,metro,Vermelha,Red
2019,entrance,2019-10-01,Máxima Diária,55,15,metro,Prata,Silver
2019,entrance,2019-10-01,Máxima Diária,3125,99,metro,Sistema METRO,METRO System
2019,entrance,2019-11-01,Total,26079,1,metro,Azul,Blue
2019,entrance,2019-11-01,Total,14864,2,metro,Verde,Green
2019,entrance,2019-11-01,Total,29347,3,metro,Vermelha,Red
2019,entrance,2019-11-01,Total,1127,15,metro,Prata,Silver
2019,entrance,2019-11-01,Total,71417,99,metro,Sistema METRO,METRO System
2019,entrance,2019-11-01,Média dos Dias Úteis,1103,1,metro,Azul,Blue
2019,entrance,2019-11-01,Média dos Dias Úteis,647,2,metro,Verde,Green
2019,entrance,2019-11-01,Média dos Dias Úteis,1222,3,metro,Vermelha,Red
2019,entrance,2019-11-01,Média dos Dias Úteis,54,15,metro,Prata,Silver
2019,entrance,2019-11-01,Média dos Dias Úteis,3026,99,metro,Sistema METRO,METRO System
2019,entrance,2019-11-01,Média dos Sábados,619,1,metro,Azul,Blue
2019,entrance,2019-11-01,Média dos Sábados,297,2,metro,Verde,Green
2019,entrance,2019-11-01,Média dos Sábados,722,3,metro,Vermelha,Red
2019,entrance,2019-11-01,Média dos Sábados,7,15,metro,Prata,Silver
2019,entrance,2019-11-01,Média dos Sábados,1645,99,metro,Sistema METRO,METRO System
2019,entrance,2019-11-01,Média dos Domingos,341,1,metro,Azul,Blue
2019,entrance,2019-11-01,Média dos Domingos,187,2,metro,Verde,Green
2019,entrance,2019-11-01,Média dos Domingos,409,3,metro,Vermelha,Red
2019,entrance,2019-11-01,Média dos Domingos,12,15,metro,Prata,Silver
2019,entrance,2019-11-01,Média dos Domingos,949,99,metro,Sistema METRO,METRO System
2019,entrance,2019-11-01,Máxima Diária,1146,1,metro,Azul,Blue
2019,entrance,2019-11-01,Máxima Diária,664,2,metro,Verde,Green
2019,entrance,2019-11-01,Máxima Diária,1267,3,metro,Vermelha,Red
2019,entrance,2019-11-01,Máxima Diária,55,15,metro,Prata,Silver
2019,entrance,2019-11-01,Máxima Diária,3126,99,metro,Sistema METRO,METRO System
2019,entrance,2019-12-01,Total,24167,1,metro,Azul,Blue
2019,entrance,2019-12-01,Total,13662,2,metro,Verde,Green
2019,entrance,2019-12-01,Total,27625,3,metro,Vermelha,Red
2019,entrance,2019-12-01,Total,1087,15,metro,Prata,Silver
2019,entrance,2019-12-01,Total,66541,99,metro,Sistema METRO,METRO System
2019,entrance,2019-12-01,Média dos Dias Úteis,991,1,metro,Azul,Blue
2019,entrance,2019-12-01,Média dos Dias Úteis,577,2,metro,Verde,Green
2019,entrance,2019-12-01,Média dos Dias Úteis,1115,3,metro,Vermelha,Red
2019,entrance,2019-12-01,Média dos Dias Úteis,50,15,metro,Prata,Silver
2019,entrance,2019-12-01,Média dos Dias Úteis,2733,99,metro,Sistema METRO,METRO System
2019,entrance,2019-12-01,Média dos Sábados,629,1,metro,Azul,Blue
2019,entrance,2019-12-01,Média dos Sábados,288,2,metro,Verde,Green
2019,entrance,2019-12-01,Média dos Sábados,753,3,metro,Vermelha,Red
2019,entrance,2019-12-01,Média dos Sábados,13,15,metro,Prata,Silver
2019,entrance,2019-12-01,Média dos Sábados,1683,99,metro,Sistema METRO,METRO System
2019,entrance,2019-12-01,Média dos Domingos,373,1,metro,Azul,Blue
2019,entrance,2019-12-01,Média dos Domingos,206,2,metro,Verde,Green
2019,entrance,2019-12-01,Média dos Domingos,451,3,metro,Vermelha,Red
2019,entrance,2019-12-01,Média dos Domingos,7,15,metro,Prata,Silver
2019,entrance,2019-12-01,Média dos Domingos,1036,99,metro,Sistema METRO,METRO System
2019,entrance,2019-12-01,Máxima Diária,1124,1,metro,Azul,Blue
2019,entrance,2019-12-01,Máxima Diária,654,2,metro,Verde,Green
2019,entrance,2019-12-01,Máxima Diária,1233,3,metro,Vermelha,Red
2019,entrance,2019-12-01,Máxima Diária,55,15,metro,Prata,Silver
2019,entrance,2019-12-01,Máxima Diária,3059,99,metro,Sistema METRO,METRO System
2019,transport,2019-01-01,Total,32037,1,metro,Azul,Blue
2019,transport,2019-01-01,Total,15982,2,metro,Verde,Green
2019,transport,2019-01-01,Total,31644,3,metro,Vermelha,Red
2019,transport,2019-01-01,Total,903,15,metro,Prata,Silver
2019,transport,2019-01-01,Total,80567,99,metro,Sistema METRO,METRO System
2019,transport,2019-01-01,Média dos Dias Úteis,1258,1,metro,Azul,Blue
2019,transport,2019-01-01,Média dos Dias Úteis,648,2,metro,Verde,Green
2019,transport,2019-01-01,Média dos Dias Úteis,1230,3,metro,Vermelha,Red
2019,transport,2019-01-01,Média dos Dias Úteis,37,15,metro,Prata,Silver
2019,transport,2019-01-01,Média dos Dias Úteis,3171,99,metro,Sistema METRO,METRO System
2019,transport,2019-01-01,Média dos Sábados,721,1,metro,Azul,Blue
2019,transport,2019-01-01,Média dos Sábados,292,2,metro,Verde,Green
2019,transport,2019-01-01,Média dos Sábados,736,3,metro,Vermelha,Red
2019,transport,2019-01-01,Média dos Sábados,17,15,metro,Prata,Silver
2019,transport,2019-01-01,Média dos Sábados,1767,99,metro,Sistema METRO,METRO System
2019,transport,2019-01-01,Média dos Domingos,454,1,metro,Azul,Blue
2019,transport,2019-01-01,Média dos Domingos,203,2,metro,Verde,Green
2019,transport,2019-01-01,Média dos Domingos,475,3,metro,Vermelha,Red
2019,transport,2019-01-01,Média dos Domingos,11,15,metro,Prata,Silver
2019,transport,2019-01-01,Média dos Domingos,1143,99,metro,Sistema METRO,METRO System
2019,transport,2019-01-01,Máxima Diária,1362,1,metro,Azul,Blue
2019,transport,2019-01-01,Máxima Diária,724,2,metro,Verde,Green
2019,transport,2019-01-01,Máxima Diária,1332,3,metro,Vermelha,Red
2019,transport,2019-01-01,Máxima Diária,46,15,metro,Prata,Silver
2019,transport,2019-01-01,Máxima Diária,3452,99,metro,Sistema METRO,METRO System
2019,transport,2019-02-01,Total,34705,1,metro,Azul,Blue
2019,transport,2019-02-01,Total,17728,2,metro,Verde,Green
2019,transport,2019-02-01,Total,33962,3,metro,Vermelha,Red
2019,transport,2019-02-01,Total,1086,15,metro,Prata,Silver
2019,transport,2019-02-01,Total,87481,99,metro,Sistema METRO,METRO System
2019,transport,2019-02-01,Média dos Dias Úteis,1466,1,metro,Azul,Blue
2019,transport,2019-02-01,Média dos Dias Úteis,768,2,metro,Verde,Green
2019,transport,2019-02-01,Média dos Dias Úteis,1420,3,metro,Vermelha,Red
2019,transport,2019-02-01,Média dos Dias Úteis,48,15,metro,Prata,Silver
2019,transport,2019-02-01,Média dos Dias Úteis,3703,99,metro,Sistema METRO,METRO System
2019,transport,2019-02-01,Média dos Sábados,851,1,metro,Azul,Blue
2019,transport,2019-02-01,Média dos Sábados,360,2,metro,Verde,Green
2019,transport,2019-02-01,Média dos Sábados,864,3,metro,Vermelha,Red
2019,transport,2019-02-01,Média dos Sábados,21,15,metro,Prata,Silver
2019,transport,2019-02-01,Média dos Sábados,2096,99,metro,Sistema METRO,METRO System
2019,transport,2019-02-01,Média dos Domingos,495,1,metro,Azul,Blue
2019,transport,2019-02-01,Média dos Domingos,230,2,metro,Verde,Green
2019,transport,2019-02-01,Média dos Domingos,526,3,metro,Vermelha,Red
2019,transport,2019-02-01,Média dos Domingos,9,15,metro,Prata,Silver
2019,transport,2019-02-01,Média dos Domingos,1260,99,metro,Sistema METRO,METRO System
2019,transport,2019-02-01,Máxima Diária,1544,1,metro,Azul,Blue
2019,transport,2019-02-01,Máxima Diária,808,2,metro,Verde,Green
2019,transport,2019-02-01,Máxima Diária,1492,3,metro,Vermelha,Red
2019,transport,2019-02-01,Máxima Diária,54,15,metro,Prata,Silver
2019,transport,2019-02-01,Máxima Diária,3894,99,metro,Sistema METRO,METRO System
2019,transport,2019-03-01,Total,36580,1,metro,Azul,Blue
2019,transport,2019-03-01,Total,18610,2,metro,Verde,Green
2019,transport,2019-03-01,Total,36165,3,metro,Vermelha,Red
2019,transport,2019-03-01,Total,1374,15,metro,Prata,Silver
2019,transport,2019-03-01,Total,92728,99,metro,Sistema METRO,METRO System
2019,transport,2019-03-01,Média dos Dias Úteis,1519,1,metro,Azul,Blue
2019,transport,2019-03-01,Média dos Dias Úteis,807,2,metro,Verde,Green
2019,transport,2019-03-01,Média dos Dias Úteis,1470,3,metro,Vermelha,Red
2019,transport,2019-03-01,Média dos Dias Úteis,61,15,metro,Prata,Silver
2019,transport,2019-03-01,Média dos Dias Úteis,3856,99,metro,Sistema METRO,METRO System
2019,transport,2019-03-01,Média dos Sábados,855,1,metro,Azul,Blue
2019,transport,2019-03-01,Média dos Sábados,363,2,metro,Verde,Green
2019,transport,2019-03-01,Média dos Sábados,890,3,metro,Vermelha,Red
2019,transport,2019-03-01,Média dos Sábados,25,15,metro,Prata,Silver
2019,transport,2019-03-01,Média dos Sábados,2133,99,metro,Sistema METRO,METRO System
2019,transport,2019-03-01,Média dos Domingos,493,1,metro,Azul,Blue
2019,transport,2019-03-01,Média dos Domingos,230,2,metro,Verde,Green
2019,transport,2019-03-01,Média dos Domingos,556,3,metro,Vermelha,Red
2019,transport,2019-03-01,Média dos Domingos,14,15,metro,Prata,Silver
2019,transport,2019-03-01,Média dos Domingos,1293,99,metro,Sistema METRO,METRO System
2019,transport,2019-03-01,Máxima Diária,1550,1,metro,Azul,Blue
2019,transport,2019-03-01,Máxima Diária,838,2,metro,Verde,Green
2019,transport,2019-03-01,Máxima Diária,1507,3,metro,Vermelha,Red
2019,transport,2019-03-01,Máxima Diária,72,15,metro,Prata,Silver
2019,transport,2019-03-01,Máxima Diária,3959,99,metro,Sistema METRO,METRO System
2019,transport,2019-04-01,Total,37571,1,metro,Azul,Blue
2019,transport,2019-04-01,Total,19637,2,metro,Verde,Green
2019,transport,2019-04-01,Total,36898,3,metro,Vermelha,Red
2019,transport,2019-04-01,Total,1532,15,metro,Prata,Silver
2019,transport,2019-04-01,Total,95638,99,metro,Sistema METRO,METRO System
2019,transport,2019-04-01,Média dos Dias Úteis,1525,1,metro,Azul,Blue
2019,transport,2019-04-01,Média dos Dias Úteis,818,2,metro,Verde,Green
2019,transport,2019-04-01,Média dos Dias Úteis,1477,3,metro,Vermelha,Red
2019,transport,2019-04-01,Média dos Dias Úteis,64,15,metro,Prata,Silver
2019,transport,2019-04-01,Média dos Dias Úteis,3884,99,metro,Sistema METRO,METRO System
2019,transport,2019-04-01,Média dos Sábados,816,1,metro,Azul,Blue
2019,transport,2019-04-01,Média dos Sábados,347,2,metro,Verde,Green
2019,transport,2019-04-01,Média dos Sábados,861,3,metro,Vermelha,Red
2019,transport,2019-04-01,Média dos Sábados,27,15,metro,Prata,Silver
2019,transport,2019-04-01,Média dos Sábados,2051,99,metro,Sistema METRO,METRO System
2019,transport,2019-04-01,Média dos Domingos,459,1,metro,Azul,Blue
2019,transport,2019-04-01,Média dos Domingos,216,2,metro,Verde,Green
2019,transport,2019-04-01,Média dos Domingos,492,3,metro,Vermelha,Red
2019,transport,2019-04-01,Média dos Domingos,14,15,metro,Prata,Silver
2019,transport,2019-04-01,Média dos Domingos,1180,99,metro,Sistema METRO,METRO System
2019,transport,2019-04-01,Máxima Diária,1558,1,metro,Azul,Blue
2019,transport,2019-04-01,Máxima Diária,832,2,metro,Verde,Green
2019,transport,2019-04-01,Máxima Diária,1511,3,metro,Vermelha,Red
2019,transport,2019-04-01,Máxima Diária,66,15,metro,Prata,Silver
2019,transport,2019-04-01,Máxima Diária,3950,99,metro,Sistema METRO,METRO System
2019,transport,2019-05-01,Total,38705,1,metro,Azul,Blue
2019,transport,2019-05-01,Total,20076,2,metro,Verde,Green
2019,transport,2019-05-01,Total,38229,3,metro,Vermelha,Red
2019,transport,2019-05-01,Total,1808,15,metro,Prata,Silver
2019,transport,2019-05-01,Total,98818,99,metro,Sistema METRO,METRO System
2019,transport,2019-05-01,Média dos Dias Úteis,1497,1,metro,Azul,Blue
2019,transport,2019-05-01,Média dos Dias Úteis,797,2,metro,Verde,Green
2019,transport,2019-05-01,Média dos Dias Úteis,1461,3,metro,Vermelha,Red
2019,transport,2019-05-01,Média dos Dias Úteis,73,15,metro,Prata,Silver
2019,transport,2019-05-01,Média dos Dias Úteis,3827,99,metro,Sistema METRO,METRO System
2019,transport,2019-05-01,Média dos Sábados,848,1,metro,Azul,Blue
2019,transport,2019-05-01,Média dos Sábados,358,2,metro,Verde,Green
2019,transport,2019-05-01,Média dos Sábados,893,3,metro,Vermelha,Red
2019,transport,2019-05-01,Média dos Sábados,31,15,metro,Prata,Silver
2019,transport,2019-05-01,Média dos Sábados,2129,99,metro,Sistema METRO,METRO System
2019,transport,2019-05-01,Média dos Domingos,471,1,metro,Azul,Blue
2019,transport,2019-05-01,Média dos Domingos,219,2,metro,Verde,Green
2019,transport,2019-05-01,Média dos Domingos,495,3,metro,Vermelha,Red
2019,transport,2019-05-01,Média dos Domingos,18,15,metro,Prata,Silver
2019,transport,2019-05-01,Média dos Domingos,1202,99,metro,Sistema METRO,METRO System
2019,transport,2019-05-01,Máxima Diária,1548,1,metro,Azul,Blue
2019,transport,2019-05-01,Máxima Diária,849,2,metro,Verde,Green
2019,transport,2019-05-01,Máxima Diária,1507,3,metro,Vermelha,Red
2019,transport,2019-05-01,Máxima Diária,77,15,metro,Prata,Silver
2019,transport,2019-05-01,Máxima Diária,3937,99,metro,Sistema METRO,METRO System
2019,transport,2019-06-01,Total,32903,1,metro,Azul,Blue
2019,transport,2019-06-01,Total,17003,2,metro,Verde,Green
2019,transport,2019-06-01,Total,32737,3,metro,Vermelha,Red
2019,transport,2019-06-01,Total,1644,15,metro,Prata,Silver
2019,transport,2019-06-01,Total,84286,99,metro,Sistema METRO,METRO System
2019,transport,2019-06-01,Média dos Dias Úteis,1435,1,metro,Azul,Blue
2019,transport,2019-06-01,Média dos Dias Úteis,771,2,metro,Verde,Green
2019,transport,2019-06-01,Média dos Dias Úteis,1411,3,metro,Vermelha,Red
2019,transport,2019-06-01,Média dos Dias Úteis,77,15,metro,Prata,Silver
2019,transport,2019-06-01,Média dos Dias Úteis,3694,99,metro,Sistema METRO,METRO System
2019,transport,2019-06-01,Média dos Sábados,813,1,metro,Azul,Blue
2019,transport,2019-06-01,Média dos Sábados,343,2,metro,Verde,Green
2019,transport,2019-06-01,Média dos Sábados,856,3,metro,Vermelha,Red
2019,transport,2019-06-01,Média dos Sábados,33,15,metro,Prata,Silver
2019,transport,2019-06-01,Média dos Sábados,2045,99,metro,Sistema METRO,METRO System
2019,transport,2019-06-01,Média dos Domingos,458,1,metro,Azul,Blue
2019,transport,2019-06-01,Média dos Domingos,229,2,metro,Verde,Green
2019,transport,2019-06-01,Média dos Domingos,458,3,metro,Vermelha,Red
2019,transport,2019-06-01,Média dos Domingos,20,15,metro,Prata,Silver
2019,transport,2019-06-01,Média dos Domingos,1165,99,metro,Sistema METRO,METRO System
2019,transport,2019-06-01,Máxima Diária,1508,1,metro,Azul,Blue
2019,transport,2019-06-01,Máxima Diária,801,2,metro,Verde,Green
2019,transport,2019-06-01,Máxima Diária,1477,3,metro,Vermelha,Red
2019,transport,2019-06-01,Máxima Diária,79,15,metro,Prata,Silver
2019,transport,2019-06-01,Máxima Diária,3861,99,metro,Sistema METRO,METRO System
2019,transport,2019-07-01,Total,33892,1,metro,Azul,Blue
2019,transport,2019-07-01,Total,17670,2,metro,Verde,Green
2019,transport,2019-07-01,Total,34013,3,metro,Vermelha,Red
2019,transport,2019-07-01,Total,1778,15,metro,Prata,Silver
2019,transport,2019-07-01,Total,87353,99,metro,Sistema METRO,METRO System
2019,transport,2019-07-01,Média dos Dias Úteis,1299,1,metro,Azul,Blue
2019,transport,2019-07-01,Média dos Dias Úteis,701,2,metro,Verde,Green
2019,transport,2019-07-01,Média dos Dias Úteis,1294,3,metro,Vermelha,Red
2019,transport,2019-07-01,Média dos Dias Úteis,72,15,metro,Prata,Silver
2019,transport,2019-07-01,Média dos Dias Úteis,3366,99,metro,Sistema METRO,METRO System
2019,transport,2019-07-01,Média dos Sábados,799,1,metro,Azul,Blue
2019,transport,2019-07-01,Média dos Sábados,337,2,metro,Verde,Green
2019,transport,2019-07-01,Média dos Sábados,830,3,metro,Vermelha,Red
2019,transport,2019-07-01,Média dos Sábados,25,15,metro,Prata,Silver
2019,transport,2019-07-01,Média dos Sábados,1991,99,metro,Sistema METRO,METRO System
2019,transport,2019-07-01,Média dos Domingos,462,1,metro,Azul,Blue
2019,transport,2019-07-01,Média dos Domingos,218,2,metro,Verde,Green
2019,transport,2019-07-01,Média dos Domingos,481,3,metro,Vermelha,Red
2019,transport,2019-07-01,Média dos Domingos,20,15,metro,Prata,Silver
2019,transport,2019-07-01,Média dos Domingos,1182,99,metro,Sistema METRO,METRO System
2019,transport,2019-07-01,Máxima Diária,1331,1,metro,Azul,Blue
2019,transport,2019-07-01,Máxima Diária,729,2,metro,Verde,Green
2019,transport,2019-07-01,Máxima Diária,1329,3,metro,Vermelha,Red
2019,transport,2019-07-01,Máxima Diária,76,15,metro,Prata,Silver
2019,transport,2019-07-01,Máxima Diária,3465,99,metro,Sistema METRO,METRO System
2019,transport,2019-08-01,Total,37779,1,metro,Azul,Blue
2019,transport,2019-08-01,Total,19825,2,metro,Verde,Green
2019,transport,2019-08-01,Total,37379,3,metro,Vermelha,Red
2019,transport,2019-08-01,Total,2029,15,metro,Prata,Silver
2019,transport,2019-08-01,Total,97011,99,metro,Sistema METRO,METRO System
2019,transport,2019-08-01,Média dos Dias Úteis,1454,1,metro,Azul,Blue
2019,transport,2019-08-01,Média dos Dias Úteis,785,2,metro,Verde,Green
2019,transport,2019-08-01,Média dos Dias Úteis,1424,3,metro,Vermelha,Red
2019,transport,2019-08-01,Média dos Dias Úteis,82,15,metro,Prata,Silver
2019,transport,2019-08-01,Média dos Dias Úteis,3744,99,metro,Sistema METRO,METRO System
2019,transport,2019-08-01,Média dos Sábados,808,1,metro,Azul,Blue
2019,transport,2019-08-01,Média dos Sábados,345,2,metro,Verde,Green
2019,transport,2019-08-01,Média dos Sábados,837,3,metro,Vermelha,Red
2019,transport,2019-08-01,Média dos Sábados,30,15,metro,Prata,Silver
2019,transport,2019-08-01,Média dos Sábados,2019,99,metro,Sistema METRO,METRO System
2019,transport,2019-08-01,Média dos Domingos,439,1,metro,Azul,Blue
2019,transport,2019-08-01,Média dos Domingos,209,2,metro,Verde,Green
2019,transport,2019-08-01,Média dos Domingos,468,3,metro,Vermelha,Red
2019,transport,2019-08-01,Média dos Domingos,20,15,metro,Prata,Silver
2019,transport,2019-08-01,Média dos Domingos,1136,99,metro,Sistema METRO,METRO System
2019,transport,2019-08-01,Máxima Diária,1497,1,metro,Azul,Blue
2019,transport,2019-08-01,Máxima Diária,809,2,metro,Verde,Green
2019,transport,2019-08-01,Máxima Diária,1458,3,metro,Vermelha,Red
2019,transport,2019-08-01,Máxima Diária,88,15,metro,Prata,Silver
2019,transport,2019-08-01,Máxima Diária,3840,99,metro,Sistema METRO,METRO System
2019,transport,2019-09-01,Total,35968,1,metro,Azul,Blue
2019,transport,2019-09-01,Total,19555,2,metro,Verde,Green
2019,transport,2019-09-01,Total,36261,3,metro,Vermelha,Red
2019,transport,2019-09-01,Total,2171,15,metro,Prata,Silver
2019,transport,2019-09-01,Total,93956,99,metro,Sistema METRO,METRO System
2019,transport,2019-09-01,Média dos Dias Úteis,1443,1,metro,Azul,Blue
2019,transport,2019-09-01,Média dos Dias Úteis,808,2,metro,Verde,Green
2019,transport,2019-09-01,Média dos Dias Úteis,1447,3,metro,Vermelha,Red
2019,transport,2019-09-01,Média dos Dias Úteis,90,15,metro,Prata,Silver
2019,transport,2019-09-01,Média dos Dias Úteis,3787,99,metro,Sistema METRO,METRO System
2019,transport,2019-09-01,Média dos Sábados,817,1,metro,Azul,Blue
2019,transport,2019-09-01,Média dos Sábados,357,2,metro,Verde,Green
2019,transport,2019-09-01,Média dos Sábados,850,3,metro,Vermelha,Red
2019,transport,2019-09-01,Média dos Sábados,38,15,metro,Prata,Silver
2019,transport,2019-09-01,Média dos Sábados,2063,99,metro,Sistema METRO,METRO System
2019,transport,2019-09-01,Média dos Domingos,481,1,metro,Azul,Blue
2019,transport,2019-09-01,Média dos Domingos,234,2,metro,Verde,Green
2019,transport,2019-09-01,Média dos Domingos,495,3,metro,Vermelha,Red
2019,transport,2019-09-01,Média dos Domingos,25,15,metro,Prata,Silver
2019,transport,2019-09-01,Média dos Domingos,1236,99,metro,Sistema METRO,METRO System
2019,transport,2019-09-01,Máxima Diária,1491,1,metro,Azul,Blue
2019,transport,2019-09-01,Máxima Diária,829,2,metro,Verde,Green
2019,transport,2019-09-01,Máxima Diária,1504,3,metro,Vermelha,Red
2019,transport,2019-09-01,Máxima Diária,93,15,metro,Prata,Silver
2019,transport,2019-09-01,Máxima Diária,3905,99,metro,Sistema METRO,METRO System
2019,transport,2019-10-01,Total,39719,1,metro,Azul,Blue
2019,transport,2019-10-01,Total,21563,2,metro,Verde,Green
2019,transport,2019-10-01,Total,38994,3,metro,Vermelha,Red
2019,transport,2019-10-01,Total,2420,15,metro,Prata,Silver
2019,transport,2019-10-01,Total,102696,99,metro,Sistema METRO,METRO System
2019,transport,2019-10-01,Média dos Dias Úteis,1481,1,metro,Azul,Blue
2019,transport,2019-10-01,Média dos Dias Úteis,827,2,metro,Verde,Green
2019,transport,2019-10-01,Média dos Dias Úteis,1454,3,metro,Vermelha,Red
2019,transport,2019-10-01,Média dos Dias Úteis,93,15,metro,Prata,Silver
2019,transport,2019-10-01,Média dos Dias Úteis,3856,99,metro,Sistema METRO,METRO System
2019,transport,2019-10-01,Média dos Sábados,914,1,metro,Azul,Blue
2019,transport,2019-10-01,Média dos Sábados,394,2,metro,Verde,Green
2019,transport,2019-10-01,Média dos Sábados,909,3,metro,Vermelha,Red
2019,transport,2019-10-01,Média dos Sábados,47,15,metro,Prata,Silver
2019,transport,2019-10-01,Média dos Sábados,2264,99,metro,Sistema METRO,METRO System
2019,transport,2019-10-01,Média dos Domingos,538,1,metro,Azul,Blue
2019,transport,2019-10-01,Média dos Domingos,256,2,metro,Verde,Green
2019,transport,2019-10-01,Média dos Domingos,520,3,metro,Vermelha,Red
2019,transport,2019-10-01,Média dos Domingos,24,15,metro,Prata,Silver
2019,transport,2019-10-01,Média dos Domingos,1339,99,metro,Sistema METRO,METRO System
2019,transport,2019-10-01,Máxima Diária,1539,1,metro,Azul,Blue
2019,transport,2019-10-01,Máxima Diária,847,2,metro,Verde,Green
2019,transport,2019-10-01,Máxima Diária,1513,3,metro,Vermelha,Red
2019,transport,2019-10-01,Máxima Diária,95,15,metro,Prata,Silver
2019,transport,2019-10-01,Máxima Diária,3986,99,metro,Sistema METRO,METRO System
2019,transport,2019-11-01,Total,35360,1,metro,Azul,Blue
2019,transport,2019-11-01,Total,19075,2,metro,Verde,Green
2019,transport,2019-11-01,Total,35360,3,metro,Vermelha,Red
2019,transport,2019-11-01,Total,2030,15,metro,Prata,Silver
2019,transport,2019-11-01,Total,91824,99,metro,Sistema METRO,METRO System
2019,transport,2019-11-01,Média dos Dias Úteis,1477,1,metro,Azul,Blue
2019,transport,2019-11-01,Média dos Dias Úteis,830,2,metro,Verde,Green
2019,transport,2019-11-01,Média dos Dias Úteis,1463,3,metro,Vermelha,Red
2019,transport,2019-11-01,Média dos Dias Úteis,94,15,metro,Prata,Silver
2019,transport,2019-11-01,Média dos Dias Úteis,3864,99,metro,Sistema METRO,METRO System
2019,transport,2019-11-01,Média dos Sábados,873,1,metro,Azul,Blue
2019,transport,2019-11-01,Média dos Sábados,379,2,metro,Verde,Green
2019,transport,2019-11-01,Média dos Sábados,892,3,metro,Vermelha,Red
2019,transport,2019-11-01,Média dos Sábados,23,15,metro,Prata,Silver
2019,transport,2019-11-01,Média dos Sábados,2167,99,metro,Sistema METRO,METRO System
2019,transport,2019-11-01,Média dos Domingos,491,1,metro,Azul,Blue
2019,transport,2019-11-01,Média dos Domingos,240,2,metro,Verde,Green
2019,transport,2019-11-01,Média dos Domingos,506,3,metro,Vermelha,Red
2019,transport,2019-11-01,Média dos Domingos,24,15,metro,Prata,Silver
2019,transport,2019-11-01,Média dos Domingos,1262,99,metro,Sistema METRO,METRO System
2019,transport,2019-11-01,Máxima Diária,1532,1,metro,Azul,Blue
2019,transport,2019-11-01,Máxima Diária,853,2,metro,Verde,Green
2019,transport,2019-11-01,Máxima Diária,1513,3,metro,Vermelha,Red
2019,transport,2019-11-01,Máxima Diária,96,15,metro,Prata,Silver
2019,transport,2019-11-01,Máxima Diária,3992,99,metro,Sistema METRO,METRO System
2019,transport,2019-12-01,Total,32888,1,metro,Azul,Blue
2019,transport,2019-12-01,Total,17616,2,metro,Verde,Green
2019,transport,2019-12-01,Total,33225,3,metro,Vermelha,Red
2019,transport,2019-12-01,Total,1953,15,metro,Prata,Silver
2019,transport,2019-12-01,Total,85682,99,metro,Sistema METRO,METRO System
2019,transport,2019-12-01,Média dos Dias Úteis,1330,1,metro,Azul,Blue
2019,transport,2019-12-01,Média dos Dias Úteis,745,2,metro,Verde,Green
2019,transport,2019-12-01,Média dos Dias Úteis,1332,3,metro,Vermelha,Red
2019,transport,2019-12-01,Média dos Dias Úteis,87,15,metro,Prata,Silver
2019,transport,2019-12-01,Média dos Dias Úteis,3493,99,metro,Sistema METRO,METRO System
2019,transport,2019-12-01,Média dos Sábados,887,1,metro,Azul,Blue
2019,transport,2019-12-01,Média dos Sábados,375,2,metro,Verde,Green
2019,transport,2019-12-01,Média dos Sábados,924,3,metro,Vermelha,Red
2019,transport,2019-12-01,Média dos Sábados,29,15,metro,Prata,Silver
2019,transport,2019-12-01,Média dos Sábados,2215,99,metro,Sistema METRO,METRO System
2019,transport,2019-12-01,Média dos Domingos,537,1,metro,Azul,Blue
2019,transport,2019-12-01,Média dos Domingos,260,2,metro,Verde,Green
2019,transport,2019-12-01,Média dos Domingos,557,3,metro,Vermelha,Red
2019,transport,2019-12-01,Média dos Domingos,17,15,metro,Prata,Silver
2019,transport,2019-12-01,Média dos Domingos,1371,99,metro,Sistema METRO,METRO System
2019,transport,2019-12-01,Máxima Diária,1500,1,metro,Azul,Blue
2019,transport,2019-12-01,Máxima Diária,844,2,metro,Verde,Green
2019,transport,2019-12-01,Máxima Diária,1479,3,metro,Vermelha,Red
2019,transport,2019-12-01,Máxima Diária,96,15,metro,Prata,Silver
2019,transport,2019-12-01,Máxima Diária,3906,99,metro,Sistema METRO,METRO System
