year,measure,date,variable,value,line_number,type,line_name_pt,line_name
2017,entrance,2017-10-01,Total,26029,1,metro,Azul,Blue
2017,entrance,2017-10-01,Total,13219,2,metro,Verde,Green
2017,entrance,2017-10-01,Total,30557,3,metro,Vermelha,Red
2017,entrance,2017-10-01,Total,6427,5,metro,Lil<c3><a1>s,Lilac
2017,entrance,2017-10-01,Total,260,15,metro,Prata,Silver
2017,entrance,2017-10-01,Total,76491,99,metro,Sistema METRO,METRO System
2017,entrance,2017-10-01,Média dos dias úteis,1059,1,metro,Azul,Blue
2017,entrance,2017-10-01,Média dos dias úteis,555,2,metro,Verde,Green
2017,entrance,2017-10-01,Média dos dias úteis,1224,3,metro,Vermelha,Red
2017,entrance,2017-10-01,Média dos dias úteis,264,5,metro,Lil<c3><a1>s,Lilac
2017,entrance,2017-10-01,Média dos dias úteis,12,15,metro,Prata,Silver
2017,entrance,2017-10-01,Média dos dias úteis,3114,99,metro,Sistema METRO,METRO System
2017,entrance,2017-10-01,Média dos Sábados,569,1,metro,Azul,Blue
2017,entrance,2017-10-01,Média dos Sábados,233,2,metro,Verde,Green
2017,entrance,2017-10-01,Média dos Sábados,684,3,metro,Vermelha,Red
2017,entrance,2017-10-01,Média dos Sábados,149,5,metro,Lil<c3><a1>s,Lilac
2017,entrance,2017-10-01,Média dos Sábados,4,15,metro,Prata,Silver
2017,entrance,2017-10-01,Média dos Sábados,1637,99,metro,Sistema METRO,METRO System
2017,entrance,2017-10-01,Média dos Domingos,291,1,metro,Azul,Blue
2017,entrance,2017-10-01,Média dos Domingos,142,2,metro,Verde,Green
2017,entrance,2017-10-01,Média dos Domingos,405,3,metro,Vermelha,Red
2017,entrance,2017-10-01,Média dos Domingos,57,5,metro,Lil<c3><a1>s,Lilac
2017,entrance,2017-10-01,Média dos Domingos,1,15,metro,Prata,Silver
2017,entrance,2017-10-01,Média dos Domingos,895,99,metro,Sistema METRO,METRO System
2017,entrance,2017-10-01,Máxima Diária,1118,1,metro,Azul,Blue
2017,entrance,2017-10-01,Máxima Diária,569,2,metro,Verde,Green
2017,entrance,2017-10-01,Máxima Diária,1288,3,metro,Vermelha,Red
2017,entrance,2017-10-01,Máxima Diária,280,5,metro,Lil<c3><a1>s,Lilac
2017,entrance,2017-10-01,Máxima Diária,12,15,metro,Prata,Silver
2017,entrance,2017-10-01,Máxima Diária,3268,99,metro,Sistema METRO,METRO System
2017,entrance,2017-11-01,Total,24834,1,metro,Azul,Blue
2017,entrance,2017-11-01,Total,12437,2,metro,Verde,Green
2017,entrance,2017-11-01,Total,29305,3,metro,Vermelha,Red
2017,entrance,2017-11-01,Total,6348,5,metro,Lil<c3><a1>s,Lilac
2017,entrance,2017-11-01,Total,269,15,metro,Prata,Silver
2017,entrance,2017-11-01,Total,73193,99,metro,Sistema METRO,METRO System
2017,entrance,2017-11-01,Média dos dias úteis,1077,1,metro,Azul,Blue
2017,entrance,2017-11-01,Média dos dias úteis,559,2,metro,Verde,Green
2017,entrance,2017-11-01,Média dos dias úteis,1240,3,metro,Vermelha,Red
2017,entrance,2017-11-01,Média dos dias úteis,274,5,metro,Lil<c3><a1>s,Lilac
2017,entrance,2017-11-01,Média dos dias úteis,13,15,metro,Prata,Silver
2017,entrance,2017-11-01,Média dos dias úteis,3163,99,metro,Sistema METRO,METRO System
2017,entrance,2017-11-01,Média dos Sábados,571,1,metro,Azul,Blue
2017,entrance,2017-11-01,Média dos Sábados,229,2,metro,Verde,Green
2017,entrance,2017-11-01,Média dos Sábados,709,3,metro,Vermelha,Red
2017,entrance,2017-11-01,Média dos Sábados,155,5,metro,Lil<c3><a1>s,Lilac
2017,entrance,2017-11-01,Média dos Sábados,4,15,metro,Prata,Silver
2017,entrance,2017-11-01,Média dos Sábados,1668,99,metro,Sistema METRO,METRO System
2017,entrance,2017-11-01,Média dos Domingos,319,1,metro,Azul,Blue
2017,entrance,2017-11-01,Média dos Domingos,146,2,metro,Verde,Green
2017,entrance,2017-11-01,Média dos Domingos,444,3,metro,Vermelha,Red
2017,entrance,2017-11-01,Média dos Domingos,77,5,metro,Lil<c3><a1>s,Lilac
2017,entrance,2017-11-01,Média dos Domingos,1,15,metro,Prata,Silver
2017,entrance,2017-11-01,Média dos Domingos,987,99,metro,Sistema METRO,METRO System
2017,entrance,2017-11-01,Máxima Diária,1116,1,metro,Azul,Blue
2017,entrance,2017-11-01,Máxima Diária,574,2,metro,Verde,Green
2017,entrance,2017-11-01,Máxima Diária,1274,3,metro,Vermelha,Red
2017,entrance,2017-11-01,Máxima Diária,285,5,metro,Lil<c3><a1>s,Lilac
2017,entrance,2017-11-01,Máxima Diária,14,15,metro,Prata,Silver
2017,entrance,2017-11-01,Máxima Diária,3253,99,metro,Sistema METRO,METRO System
2017,entrance,2017-12-01,Total,24168,1,metro,Azul,Blue
2017,entrance,2017-12-01,Total,11814,2,metro,Verde,Green
2017,entrance,2017-12-01,Total,28584,3,metro,Vermelha,Red
2017,entrance,2017-12-01,Total,6541,5,metro,Lil<c3><a1>s,Lilac
2017,entrance,2017-12-01,Total,261,15,metro,Prata,Silver
2017,entrance,2017-12-01,Total,71368,99,metro,Sistema METRO,METRO System
2017,entrance,2017-12-01,Média dos dias úteis,991,1,metro,Azul,Blue
2017,entrance,2017-12-01,Média dos dias úteis,502,2,metro,Verde,Green
2017,entrance,2017-12-01,Média dos dias úteis,1148,3,metro,Vermelha,Red
2017,entrance,2017-12-01,Média dos dias úteis,264,5,metro,Lil<c3><a1>s,Lilac
2017,entrance,2017-12-01,Média dos dias úteis,12,15,metro,Prata,Silver
2017,entrance,2017-12-01,Média dos dias úteis,2917,99,metro,Sistema METRO,METRO System
2017,entrance,2017-12-01,Média dos Sábados,578,1,metro,Azul,Blue
2017,entrance,2017-12-01,Média dos Sábados,222,2,metro,Verde,Green
2017,entrance,2017-12-01,Média dos Sábados,725,3,metro,Vermelha,Red
2017,entrance,2017-12-01,Média dos Sábados,167,5,metro,Lil<c3><a1>s,Lilac
2017,entrance,2017-12-01,Média dos Sábados,4,15,metro,Prata,Silver
2017,entrance,2017-12-01,Média dos Sábados,1695,99,metro,Sistema METRO,METRO System
2017,entrance,2017-12-01,Média dos Domingos,326,1,metro,Azul,Blue
2017,entrance,2017-12-01,Média dos Domingos,163,2,metro,Verde,Green
2017,entrance,2017-12-01,Média dos Domingos,426,3,metro,Vermelha,Red
2017,entrance,2017-12-01,Média dos Domingos,88,5,metro,Lil<c3><a1>s,Lilac
2017,entrance,2017-12-01,Média dos Domingos,1,15,metro,Prata,Silver
2017,entrance,2017-12-01,Média dos Domingos,1004,99,metro,Sistema METRO,METRO System
2017,entrance,2017-12-01,Máxima Diária,1107,1,metro,Azul,Blue
2017,entrance,2017-12-01,Máxima Diária,565,2,metro,Verde,Green
2017,entrance,2017-12-01,Máxima Diária,1260,3,metro,Vermelha,Red
2017,entrance,2017-12-01,Máxima Diária,290,5,metro,Lil<c3><a1>s,Lilac
2017,entrance,2017-12-01,Máxima Diária,14,15,metro,Prata,Silver
2017,entrance,2017-12-01,Máxima Diária,3223,99,metro,Sistema METRO,METRO System
2017,transport,2017-10-01,Total,35446,1,metro,Azul,Blue
2017,transport,2017-10-01,Total,16637,2,metro,Verde,Green
2017,transport,2017-10-01,Total,36496,3,metro,Vermelha,Red
2017,transport,2017-10-01,Total,6427,5,metro,Lil<c3><a1>s,Lilac
2017,transport,2017-10-01,Total,459,15,metro,Prata,Silver
2017,transport,2017-10-01,Total,95464,99,metro,Sistema METRO,METRO System
2017,transport,2017-10-01,Média dos dias úteis,1432,1,metro,Azul,Blue
2017,transport,2017-10-01,Média dos dias úteis,696,2,metro,Verde,Green
2017,transport,2017-10-01,Média dos dias úteis,1455,3,metro,Vermelha,Red
2017,transport,2017-10-01,Média dos dias úteis,264,5,metro,Lil<c3><a1>s,Lilac
2017,transport,2017-10-01,Média dos dias úteis,20,15,metro,Prata,Silver
2017,transport,2017-10-01,Média dos dias úteis,3867,99,metro,Sistema METRO,METRO System
2017,transport,2017-10-01,Média dos Sábados,788,1,metro,Azul,Blue
2017,transport,2017-10-01,Média dos Sábados,301,2,metro,Verde,Green
2017,transport,2017-10-01,Média dos Sábados,835,3,metro,Vermelha,Red
2017,transport,2017-10-01,Média dos Sábados,149,5,metro,Lil<c3><a1>s,Lilac
2017,transport,2017-10-01,Média dos Sábados,7,15,metro,Prata,Silver
2017,transport,2017-10-01,Média dos Sábados,2080,99,metro,Sistema METRO,METRO System
2017,transport,2017-10-01,Média dos Domingos,422,1,metro,Azul,Blue
2017,transport,2017-10-01,Média dos Domingos,179,2,metro,Verde,Green
2017,transport,2017-10-01,Média dos Domingos,485,3,metro,Vermelha,Red
2017,transport,2017-10-01,Média dos Domingos,57,5,metro,Lil<c3><a1>s,Lilac
2017,transport,2017-10-01,Média dos Domingos,2,15,metro,Prata,Silver
2017,transport,2017-10-01,Média dos Domingos,1146,99,metro,Sistema METRO,METRO System
2017,transport,2017-10-01,Máxima Diária,1506,1,metro,Azul,Blue
2017,transport,2017-10-01,Máxima Diária,718,2,metro,Verde,Green
2017,transport,2017-10-01,Máxima Diária,1532,3,metro,Vermelha,Red
2017,transport,2017-10-01,Máxima Diária,280,5,metro,Lil<c3><a1>s,Lilac
2017,transport,2017-10-01,Máxima Diária,21,15,metro,Prata,Silver
2017,transport,2017-10-01,Máxima Diária,4057,99,metro,Sistema METRO,METRO System
2017,transport,2017-11-01,Total,33847,1,metro,Azul,Blue
2017,transport,2017-11-01,Total,15719,2,metro,Verde,Green
2017,transport,2017-11-01,Total,35010,3,metro,Vermelha,Red
2017,transport,2017-11-01,Total,6348,5,metro,Lil<c3><a1>s,Lilac
2017,transport,2017-11-01,Total,462,15,metro,Prata,Silver
2017,transport,2017-11-01,Total,91386,99,metro,Sistema METRO,METRO System
2017,transport,2017-11-01,Média dos dias úteis,1453,1,metro,Azul,Blue
2017,transport,2017-11-01,Média dos dias úteis,704,2,metro,Verde,Green
2017,transport,2017-11-01,Média dos dias úteis,1475,3,metro,Vermelha,Red
2017,transport,2017-11-01,Média dos dias úteis,274,5,metro,Lil<c3><a1>s,Lilac
2017,transport,2017-11-01,Média dos dias úteis,22,15,metro,Prata,Silver
2017,transport,2017-11-01,Média dos dias úteis,3928,99,metro,Sistema METRO,METRO System
2017,transport,2017-11-01,Média dos Sábados,794,1,metro,Azul,Blue
2017,transport,2017-11-01,Média dos Sábados,298,2,metro,Verde,Green
2017,transport,2017-11-01,Média dos Sábados,860,3,metro,Vermelha,Red
2017,transport,2017-11-01,Média dos Sábados,155,5,metro,Lil<c3><a1>s,Lilac
2017,transport,2017-11-01,Média dos Sábados,8,15,metro,Prata,Silver
2017,transport,2017-11-01,Média dos Sábados,2116,99,metro,Sistema METRO,METRO System
2017,transport,2017-11-01,Média dos Domingos,460,1,metro,Azul,Blue
2017,transport,2017-11-01,Média dos Domingos,187,2,metro,Verde,Green
2017,transport,2017-11-01,Média dos Domingos,532,3,metro,Vermelha,Red
2017,transport,2017-11-01,Média dos Domingos,77,5,metro,Lil<c3><a1>s,Lilac
2017,transport,2017-11-01,Média dos Domingos,2,15,metro,Prata,Silver
2017,transport,2017-11-01,Média dos Domingos,1258,99,metro,Sistema METRO,METRO System
2017,transport,2017-11-01,Máxima Diária,1502,1,metro,Azul,Blue
2017,transport,2017-11-01,Máxima Diária,721,2,metro,Verde,Green
2017,transport,2017-11-01,Máxima Diária,1517,3,metro,Vermelha,Red
2017,transport,2017-11-01,Máxima Diária,285,5,metro,Lil<c3><a1>s,Lilac
2017,transport,2017-11-01,Máxima Diária,24,15,metro,Prata,Silver
2017,transport,2017-11-01,Máxima Diária,4040,99,metro,Sistema METRO,METRO System
2017,transport,2017-12-01,Total,32878,1,metro,Azul,Blue
2017,transport,2017-12-01,Total,15014,2,metro,Verde,Green
2017,transport,2017-12-01,Total,34120,3,metro,Vermelha,Red
2017,transport,2017-12-01,Total,6541,5,metro,Lil<c3><a1>s,Lilac
2017,transport,2017-12-01,Total,438,15,metro,Prata,Silver
2017,transport,2017-12-01,Total,88991,99,metro,Sistema METRO,METRO System
2017,transport,2017-12-01,Média dos dias úteis,1335,1,metro,Azul,Blue
2017,transport,2017-12-01,Média dos dias úteis,635,2,metro,Verde,Green
2017,transport,2017-12-01,Média dos dias úteis,1364,3,metro,Vermelha,Red
2017,transport,2017-12-01,Média dos dias úteis,264,5,metro,Lil<c3><a1>s,Lilac
2017,transport,2017-12-01,Média dos dias úteis,20,15,metro,Prata,Silver
2017,transport,2017-12-01,Média dos dias úteis,3619,99,metro,Sistema METRO,METRO System
2017,transport,2017-12-01,Média dos Sábados,802,1,metro,Azul,Blue
2017,transport,2017-12-01,Média dos Sábados,292,2,metro,Verde,Green
2017,transport,2017-12-01,Média dos Sábados,878,3,metro,Vermelha,Red
2017,transport,2017-12-01,Média dos Sábados,167,5,metro,Lil<c3><a1>s,Lilac
2017,transport,2017-12-01,Média dos Sábados,8,15,metro,Prata,Silver
2017,transport,2017-12-01,Média dos Sábados,2145,99,metro,Sistema METRO,METRO System
2017,transport,2017-12-01,Média dos Domingos,468,1,metro,Azul,Blue
2017,transport,2017-12-01,Média dos Domingos,205,2,metro,Verde,Green
2017,transport,2017-12-01,Média dos Domingos,516,3,metro,Vermelha,Red
2017,transport,2017-12-01,Média dos Domingos,88,5,metro,Lil<c3><a1>s,Lilac
2017,transport,2017-12-01,Média dos Domingos,3,15,metro,Prata,Silver
2017,transport,2017-12-01,Média dos Domingos,1280,99,metro,Sistema METRO,METRO System
2017,transport,2017-12-01,Máxima Diária,1486,1,metro,Azul,Blue
2017,transport,2017-12-01,Máxima Diária,713,2,metro,Verde,Green
2017,transport,2017-12-01,Máxima Diária,1499,3,metro,Vermelha,Red
2017,transport,2017-12-01,Máxima Diária,290,5,metro,Lil<c3><a1>s,Lilac
2017,transport,2017-12-01,Máxima Diária,23,15,metro,Prata,Silver
2017,transport,2017-12-01,Máxima Diária,4000,99,metro,Sistema METRO,METRO System
2018,entrance,2018-01-01,Total,21185,1,metro,Azul,Blue
2018,entrance,2018-01-01,Total,10818,2,metro,Verde,Green
2018,entrance,2018-01-01,Total,25117,3,metro,Vermelha,Red
2018,entrance,2018-01-01,Total,5522,5,metro,Lil<c3><a1>s,Lilac
2018,entrance,2018-01-01,Total,209,15,metro,Prata,Silver
2018,entrance,2018-01-01,Total,62851,99,metro,Sistema METRO,METRO System
2018,entrance,2018-01-01,M<c3><a9>dia dos Dias <c3><9a>teis,863,1,metro,Azul,Blue
2018,entrance,2018-01-01,M<c3><a9>dia dos Dias <c3><9a>teis,454,2,metro,Verde,Green
2018,entrance,2018-01-01,M<c3><a9>dia dos Dias <c3><9a>teis,1008,3,metro,Vermelha,Red
2018,entrance,2018-01-01,M<c3><a9>dia dos Dias <c3><9a>teis,226,5,metro,Lil<c3><a1>s,Lilac
2018,entrance,2018-01-01,M<c3><a9>dia dos Dias <c3><9a>teis,10,15,metro,Prata,Silver
2018,entrance,2018-01-01,M<c3><a9>dia dos Dias <c3><9a>teis,2560,99,metro,Sistema METRO,METRO System
2018,entrance,2018-01-01,M<c3><a9>dia dos S<c3><a1>bados,501,1,metro,Azul,Blue
2018,entrance,2018-01-01,M<c3><a9>dia dos S<c3><a1>bados,216,2,metro,Verde,Green
2018,entrance,2018-01-01,M<c3><a9>dia dos S<c3><a1>bados,613,3,metro,Vermelha,Red
2018,entrance,2018-01-01,M<c3><a9>dia dos S<c3><a1>bados,139,5,metro,Lil<c3><a1>s,Lilac
2018,entrance,2018-01-01,M<c3><a9>dia dos S<c3><a1>bados,3,15,metro,Prata,Silver
2018,entrance,2018-01-01,M<c3><a9>dia dos S<c3><a1>bados,1472,99,metro,Sistema METRO,METRO System
2018,entrance,2018-01-01,M<c3><a9>dia dos Domingos,283,1,metro,Azul,Blue
2018,entrance,2018-01-01,M<c3><a9>dia dos Domingos,131,2,metro,Verde,Green
2018,entrance,2018-01-01,M<c3><a9>dia dos Domingos,361,3,metro,Vermelha,Red
2018,entrance,2018-01-01,M<c3><a9>dia dos Domingos,55,5,metro,Lil<c3><a1>s,Lilac
2018,entrance,2018-01-01,M<c3><a9>dia dos Domingos,1,15,metro,Prata,Silver
2018,entrance,2018-01-01,M<c3><a9>dia dos Domingos,831,99,metro,Sistema METRO,METRO System
2018,entrance,2018-01-01,M<c3><a1>xima Di<c3><a1>ria,952,1,metro,Azul,Blue
2018,entrance,2018-01-01,M<c3><a1>xima Di<c3><a1>ria,511,2,metro,Verde,Green
2018,entrance,2018-01-01,M<c3><a1>xima Di<c3><a1>ria,1106,3,metro,Vermelha,Red
2018,entrance,2018-01-01,M<c3><a1>xima Di<c3><a1>ria,249,5,metro,Lil<c3><a1>s,Lilac
2018,entrance,2018-01-01,M<c3><a1>xima Di<c3><a1>ria,11,15,metro,Prata,Silver
2018,entrance,2018-01-01,M<c3><a1>xima Di<c3><a1>ria,2816,99,metro,Sistema METRO,METRO System
2018,entrance,2018-02-01,Total,22657,1,metro,Azul,Blue
2018,entrance,2018-02-01,Total,11847,2,metro,Verde,Green
2018,entrance,2018-02-01,Total,26569,3,metro,Vermelha,Red
2018,entrance,2018-02-01,Total,5937,5,metro,Lil<c3><a1>s,Lilac
2018,entrance,2018-02-01,Total,207,15,metro,Prata,Silver
2018,entrance,2018-02-01,Total,67216,99,metro,Sistema METRO,METRO System
2018,entrance,2018-02-01,M<c3><a9>dia dos Dias <c3><9a>teis,1017,1,metro,Azul,Blue
2018,entrance,2018-02-01,M<c3><a9>dia dos Dias <c3><9a>teis,544,2,metro,Verde,Green
2018,entrance,2018-02-01,M<c3><a9>dia dos Dias <c3><9a>teis,1162,3,metro,Vermelha,Red
2018,entrance,2018-02-01,M<c3><a9>dia dos Dias <c3><9a>teis,269,5,metro,Lil<c3><a1>s,Lilac
2018,entrance,2018-02-01,M<c3><a9>dia dos Dias <c3><9a>teis,11,15,metro,Prata,Silver
2018,entrance,2018-02-01,M<c3><a9>dia dos Dias <c3><9a>teis,3004,99,metro,Sistema METRO,METRO System
2018,entrance,2018-02-01,M<c3><a9>dia dos S<c3><a1>bados,611,1,metro,Azul,Blue
2018,entrance,2018-02-01,M<c3><a9>dia dos S<c3><a1>bados,282,2,metro,Verde,Green
2018,entrance,2018-02-01,M<c3><a9>dia dos S<c3><a1>bados,746,3,metro,Vermelha,Red
2018,entrance,2018-02-01,M<c3><a9>dia dos S<c3><a1>bados,161,5,metro,Lil<c3><a1>s,Lilac
2018,entrance,2018-02-01,M<c3><a9>dia dos S<c3><a1>bados,5,15,metro,Prata,Silver
2018,entrance,2018-02-01,M<c3><a9>dia dos S<c3><a1>bados,1800,99,metro,Sistema METRO,METRO System
2018,entrance,2018-02-01,M<c3><a9>dia dos Domingos,335,1,metro,Azul,Blue
2018,entrance,2018-02-01,M<c3><a9>dia dos Domingos,180,2,metro,Verde,Green
2018,entrance,2018-02-01,M<c3><a9>dia dos Domingos,460,3,metro,Vermelha,Red
2018,entrance,2018-02-01,M<c3><a9>dia dos Domingos,72,5,metro,Lil<c3><a1>s,Lilac
2018,entrance,2018-02-01,M<c3><a9>dia dos Domingos,NA,15,metro,Prata,Silver
2018,entrance,2018-02-01,M<c3><a9>dia dos Domingos,1048,99,metro,Sistema METRO,METRO System
2018,entrance,2018-02-01,M<c3><a1>xima Di<c3><a1>ria,1071,1,metro,Azul,Blue
2018,entrance,2018-02-01,M<c3><a1>xima Di<c3><a1>ria,583,2,metro,Verde,Green
2018,entrance,2018-02-01,M<c3><a1>xima Di<c3><a1>ria,1222,3,metro,Vermelha,Red
2018,entrance,2018-02-01,M<c3><a1>xima Di<c3><a1>ria,288,5,metro,Lil<c3><a1>s,Lilac
2018,entrance,2018-02-01,M<c3><a1>xima Di<c3><a1>ria,12,15,metro,Prata,Silver
2018,entrance,2018-02-01,M<c3><a1>xima Di<c3><a1>ria,3165,99,metro,Sistema METRO,METRO System
2018,entrance,NA,Total,26821,1,metro,Azul,Blue
2018,entrance,NA,Total,13985,2,metro,Verde,Green
2018,entrance,NA,Total,31287,3,metro,Vermelha,Red
2018,entrance,NA,Total,7331,5,metro,Lil<c3><a1>s,Lilac
2018,entrance,NA,Total,236,15,metro,Prata,Silver
2018,entrance,NA,Total,79660,99,metro,Sistema METRO,METRO System
2018,entrance,NA,M<c3><a9>dia dos Dias <c3><9a>teis,1074,1,metro,Azul,Blue
2018,entrance,NA,M<c3><a9>dia dos Dias <c3><9a>teis,571,2,metro,Verde,Green
2018,entrance,NA,M<c3><a9>dia dos Dias <c3><9a>teis,1232,3,metro,Vermelha,Red
2018,entrance,NA,M<c3><a9>dia dos Dias <c3><9a>teis,295,5,metro,Lil<c3><a1>s,Lilac
2018,entrance,NA,M<c3><a9>dia dos Dias <c3><9a>teis,12,15,metro,Prata,Silver
2018,entrance,NA,M<c3><a9>dia dos Dias <c3><9a>teis,3183,99,metro,Sistema METRO,METRO System
2018,entrance,NA,M<c3><a9>dia dos S<c3><a1>bados,557,1,metro,Azul,Blue
2018,entrance,NA,M<c3><a9>dia dos S<c3><a1>bados,241,2,metro,Verde,Green
2018,entrance,NA,M<c3><a9>dia dos S<c3><a1>bados,674,3,metro,Vermelha,Red
2018,entrance,NA,M<c3><a9>dia dos S<c3><a1>bados,160,5,metro,Lil<c3><a1>s,Lilac
2018,entrance,NA,M<c3><a9>dia dos S<c3><a1>bados,2,15,metro,Prata,Silver
2018,entrance,NA,M<c3><a9>dia dos S<c3><a1>bados,1632,99,metro,Sistema METRO,METRO System
2018,entrance,NA,M<c3><a9>dia dos Domingos,299,1,metro,Azul,Blue
2018,entrance,NA,M<c3><a9>dia dos Domingos,161,2,metro,Verde,Green
2018,entrance,NA,M<c3><a9>dia dos Domingos,417,3,metro,Vermelha,Red
2018,entrance,NA,M<c3><a9>dia dos Domingos,64,5,metro,Lil<c3><a1>s,Lilac
2018,entrance,NA,M<c3><a9>dia dos Domingos,NA,15,metro,Prata,Silver
2018,entrance,NA,M<c3><a9>dia dos Domingos,941,99,metro,Sistema METRO,METRO System
2018,entrance,NA,M<c3><a1>xima Di<c3><a1>ria,1096,1,metro,Azul,Blue
2018,entrance,NA,M<c3><a1>xima Di<c3><a1>ria,598,2,metro,Verde,Green
2018,entrance,NA,M<c3><a1>xima Di<c3><a1>ria,1270,3,metro,Vermelha,Red
2018,entrance,NA,M<c3><a1>xima Di<c3><a1>ria,305,5,metro,Lil<c3><a1>s,Lilac
2018,entrance,NA,M<c3><a1>xima Di<c3><a1>ria,12,15,metro,Prata,Silver
2018,entrance,NA,M<c3><a1>xima Di<c3><a1>ria,3258,99,metro,Sistema METRO,METRO System
2018,entrance,2018-04-01,Total,26059,1,metro,Azul,Blue
2018,entrance,2018-04-01,Total,13462,2,metro,Verde,Green
2018,entrance,2018-04-01,Total,30304,3,metro,Vermelha,Red
2018,entrance,2018-04-01,Total,7640,5,metro,Lil<c3><a1>s,Lilac
2018,entrance,2018-04-01,Total,248,15,metro,Prata,Silver
2018,entrance,2018-04-01,Total,77714,99,metro,Sistema METRO,METRO System
2018,entrance,2018-04-01,M<c3><a9>dia dos Dias <c3><9a>teis,1078,1,metro,Azul,Blue
2018,entrance,2018-04-01,M<c3><a9>dia dos Dias <c3><9a>teis,571,2,metro,Verde,Green
2018,entrance,2018-04-01,M<c3><a9>dia dos Dias <c3><9a>teis,1235,3,metro,Vermelha,Red
2018,entrance,2018-04-01,M<c3><a9>dia dos Dias <c3><9a>teis,319,5,metro,Lil<c3><a1>s,Lilac
2018,entrance,2018-04-01,M<c3><a9>dia dos Dias <c3><9a>teis,12,15,metro,Prata,Silver
2018,entrance,2018-04-01,M<c3><a9>dia dos Dias <c3><9a>teis,3214,99,metro,Sistema METRO,METRO System
2018,entrance,2018-04-01,M<c3><a9>dia dos S<c3><a1>bados,595,1,metro,Azul,Blue
2018,entrance,2018-04-01,M<c3><a9>dia dos S<c3><a1>bados,248,2,metro,Verde,Green
2018,entrance,2018-04-01,M<c3><a9>dia dos S<c3><a1>bados,724,3,metro,Vermelha,Red
2018,entrance,2018-04-01,M<c3><a9>dia dos S<c3><a1>bados,170,5,metro,Lil<c3><a1>s,Lilac
2018,entrance,2018-04-01,M<c3><a9>dia dos S<c3><a1>bados,4,15,metro,Prata,Silver
2018,entrance,2018-04-01,M<c3><a9>dia dos S<c3><a1>bados,1740,99,metro,Sistema METRO,METRO System
2018,entrance,2018-04-01,M<c3><a9>dia dos Domingos,302,1,metro,Azul,Blue
2018,entrance,2018-04-01,M<c3><a9>dia dos Domingos,150,2,metro,Verde,Green
2018,entrance,2018-04-01,M<c3><a9>dia dos Domingos,398,3,metro,Vermelha,Red
2018,entrance,2018-04-01,M<c3><a9>dia dos Domingos,76,5,metro,Lil<c3><a1>s,Lilac
2018,entrance,2018-04-01,M<c3><a9>dia dos Domingos,1,15,metro,Prata,Silver
2018,entrance,2018-04-01,M<c3><a9>dia dos Domingos,927,99,metro,Sistema METRO,METRO System
2018,entrance,2018-04-01,M<c3><a1>xima Di<c3><a1>ria,1102,1,metro,Azul,Blue
2018,entrance,2018-04-01,M<c3><a1>xima Di<c3><a1>ria,594,2,metro,Verde,Green
2018,entrance,2018-04-01,M<c3><a1>xima Di<c3><a1>ria,1289,3,metro,Vermelha,Red
2018,entrance,2018-04-01,M<c3><a1>xima Di<c3><a1>ria,331,5,metro,Lil<c3><a1>s,Lilac
2018,entrance,2018-04-01,M<c3><a1>xima Di<c3><a1>ria,13,15,metro,Prata,Silver
2018,entrance,2018-04-01,M<c3><a1>xima Di<c3><a1>ria,3315,99,metro,Sistema METRO,METRO System
2018,entrance,2018-05-01,Total,26746,1,metro,Azul,Blue
2018,entrance,2018-05-01,Total,13961,2,metro,Verde,Green
2018,entrance,2018-05-01,Total,31441,3,metro,Vermelha,Red
2018,entrance,2018-05-01,Total,8106,5,metro,Lil<c3><a1>s,Lilac
2018,entrance,2018-05-01,Total,282,15,metro,Prata,Silver
2018,entrance,2018-05-01,Total,80535,99,metro,Sistema METRO,METRO System
2018,entrance,2018-05-01,M<c3><a9>dia dos Dias <c3><9a>teis,1061,1,metro,Azul,Blue
2018,entrance,2018-05-01,M<c3><a9>dia dos Dias <c3><9a>teis,564,2,metro,Verde,Green
2018,entrance,2018-05-01,M<c3><a9>dia dos Dias <c3><9a>teis,1223,3,metro,Vermelha,Red
2018,entrance,2018-05-01,M<c3><a9>dia dos Dias <c3><9a>teis,322,5,metro,Lil<c3><a1>s,Lilac
2018,entrance,2018-05-01,M<c3><a9>dia dos Dias <c3><9a>teis,12,15,metro,Prata,Silver
2018,entrance,2018-05-01,M<c3><a9>dia dos Dias <c3><9a>teis,3182,99,metro,Sistema METRO,METRO System
2018,entrance,2018-05-01,M<c3><a9>dia dos S<c3><a1>bados,591,1,metro,Azul,Blue
2018,entrance,2018-05-01,M<c3><a9>dia dos S<c3><a1>bados,266,2,metro,Verde,Green
2018,entrance,2018-05-01,M<c3><a9>dia dos S<c3><a1>bados,740,3,metro,Vermelha,Red
2018,entrance,2018-05-01,M<c3><a9>dia dos S<c3><a1>bados,184,5,metro,Lil<c3><a1>s,Lilac
2018,entrance,2018-05-01,M<c3><a9>dia dos S<c3><a1>bados,3,15,metro,Prata,Silver
2018,entrance,2018-05-01,M<c3><a9>dia dos S<c3><a1>bados,1783,99,metro,Sistema METRO,METRO System
2018,entrance,2018-05-01,M<c3><a9>dia dos Domingos,333,1,metro,Azul,Blue
2018,entrance,2018-05-01,M<c3><a9>dia dos Domingos,175,2,metro,Verde,Green
2018,entrance,2018-05-01,M<c3><a9>dia dos Domingos,466,3,metro,Vermelha,Red
2018,entrance,2018-05-01,M<c3><a9>dia dos Domingos,95,5,metro,Lil<c3><a1>s,Lilac
2018,entrance,2018-05-01,M<c3><a9>dia dos Domingos,2,15,metro,Prata,Silver
2018,entrance,2018-05-01,M<c3><a9>dia dos Domingos,1070,99,metro,Sistema METRO,METRO System
2018,entrance,2018-05-01,M<c3><a1>xima Di<c3><a1>ria,1105,1,metro,Azul,Blue
2018,entrance,2018-05-01,M<c3><a1>xima Di<c3><a1>ria,576,2,metro,Verde,Green
2018,entrance,2018-05-01,M<c3><a1>xima Di<c3><a1>ria,1268,3,metro,Vermelha,Red
2018,entrance,2018-05-01,M<c3><a1>xima Di<c3><a1>ria,335,5,metro,Lil<c3><a1>s,Lilac
2018,entrance,2018-05-01,M<c3><a1>xima Di<c3><a1>ria,13,15,metro,Prata,Silver
2018,entrance,2018-05-01,M<c3><a1>xima Di<c3><a1>ria,3285,99,metro,Sistema METRO,METRO System
2018,entrance,2018-06-01,Total,24961,1,metro,Azul,Blue
2018,entrance,2018-06-01,Total,12900,2,metro,Verde,Green
2018,entrance,2018-06-01,Total,29583,3,metro,Vermelha,Red
2018,entrance,2018-06-01,Total,7401,5,metro,Lil<c3><a1>s,Lilac
2018,entrance,2018-06-01,Total,251,15,metro,Prata,Silver
2018,entrance,2018-06-01,Total,75096,99,metro,Sistema METRO,METRO System
2018,entrance,2018-06-01,M<c3><a9>dia dos Dias <c3><9a>teis,1031,1,metro,Azul,Blue
2018,entrance,2018-06-01,M<c3><a9>dia dos Dias <c3><9a>teis,545,2,metro,Verde,Green
2018,entrance,2018-06-01,M<c3><a9>dia dos Dias <c3><9a>teis,1198,3,metro,Vermelha,Red
2018,entrance,2018-06-01,M<c3><a9>dia dos Dias <c3><9a>teis,305,5,metro,Lil<c3><a1>s,Lilac
2018,entrance,2018-06-01,M<c3><a9>dia dos Dias <c3><9a>teis,12,15,metro,Prata,Silver
2018,entrance,2018-06-01,M<c3><a9>dia dos Dias <c3><9a>teis,3091,99,metro,Sistema METRO,METRO System
2018,entrance,2018-06-01,M<c3><a9>dia dos S<c3><a1>bados,554,1,metro,Azul,Blue
2018,entrance,2018-06-01,M<c3><a9>dia dos S<c3><a1>bados,237,2,metro,Verde,Green
2018,entrance,2018-06-01,M<c3><a9>dia dos S<c3><a1>bados,693,3,metro,Vermelha,Red
2018,entrance,2018-06-01,M<c3><a9>dia dos S<c3><a1>bados,172,5,metro,Lil<c3><a1>s,Lilac
2018,entrance,2018-06-01,M<c3><a9>dia dos S<c3><a1>bados,1,15,metro,Prata,Silver
2018,entrance,2018-06-01,M<c3><a9>dia dos S<c3><a1>bados,1657,99,metro,Sistema METRO,METRO System
2018,entrance,2018-06-01,M<c3><a9>dia dos Domingos,317,1,metro,Azul,Blue
2018,entrance,2018-06-01,M<c3><a9>dia dos Domingos,175,2,metro,Verde,Green
2018,entrance,2018-06-01,M<c3><a9>dia dos Domingos,438,3,metro,Vermelha,Red
2018,entrance,2018-06-01,M<c3><a9>dia dos Domingos,69,5,metro,Lil<c3><a1>s,Lilac
2018,entrance,2018-06-01,M<c3><a9>dia dos Domingos,1,15,metro,Prata,Silver
2018,entrance,2018-06-01,M<c3><a9>dia dos Domingos,999,99,metro,Sistema METRO,METRO System
2018,entrance,2018-06-01,M<c3><a1>xima Di<c3><a1>ria,1103,1,metro,Azul,Blue
2018,entrance,2018-06-01,M<c3><a1>xima Di<c3><a1>ria,575,2,metro,Verde,Green
2018,entrance,2018-06-01,M<c3><a1>xima Di<c3><a1>ria,1267,3,metro,Vermelha,Red
2018,entrance,2018-06-01,M<c3><a1>xima Di<c3><a1>ria,327,5,metro,Lil<c3><a1>s,Lilac
2018,entrance,2018-06-01,M<c3><a1>xima Di<c3><a1>ria,13,15,metro,Prata,Silver
2018,entrance,2018-06-01,M<c3><a1>xima Di<c3><a1>ria,3284,99,metro,Sistema METRO,METRO System
2018,entrance,2018-07-01,Total,23676,1,metro,Azul,Blue
2018,entrance,2018-07-01,Total,12262,2,metro,Verde,Green
2018,entrance,2018-07-01,Total,28345,3,metro,Vermelha,Red
2018,entrance,2018-07-01,Total,6983,5,metro,Lil<c3><a1>s,Lilac
2018,entrance,2018-07-01,Total,230,15,metro,Prata,Silver
2018,entrance,2018-07-01,Total,71497,99,metro,Sistema METRO,METRO System
2018,entrance,2018-07-01,M<c3><a9>dia dos Dias <c3><9a>teis,943,1,metro,Azul,Blue
2018,entrance,2018-07-01,M<c3><a9>dia dos Dias <c3><9a>teis,501,2,metro,Verde,Green
2018,entrance,2018-07-01,M<c3><a9>dia dos Dias <c3><9a>teis,1111,3,metro,Vermelha,Red
2018,entrance,2018-07-01,M<c3><a9>dia dos Dias <c3><9a>teis,278,5,metro,Lil<c3><a1>s,Lilac
2018,entrance,2018-07-01,M<c3><a9>dia dos Dias <c3><9a>teis,11,15,metro,Prata,Silver
2018,entrance,2018-07-01,M<c3><a9>dia dos Dias <c3><9a>teis,2843,99,metro,Sistema METRO,METRO System
2018,entrance,2018-07-01,M<c3><a9>dia dos S<c3><a1>bados,562,1,metro,Azul,Blue
2018,entrance,2018-07-01,M<c3><a9>dia dos S<c3><a1>bados,233,2,metro,Verde,Green
2018,entrance,2018-07-01,M<c3><a9>dia dos S<c3><a1>bados,679,3,metro,Vermelha,Red
2018,entrance,2018-07-01,M<c3><a9>dia dos S<c3><a1>bados,171,5,metro,Lil<c3><a1>s,Lilac
2018,entrance,2018-07-01,M<c3><a9>dia dos S<c3><a1>bados,1,15,metro,Prata,Silver
2018,entrance,2018-07-01,M<c3><a9>dia dos S<c3><a1>bados,1646,99,metro,Sistema METRO,METRO System
2018,entrance,2018-07-01,M<c3><a9>dia dos Domingos,319,1,metro,Azul,Blue
2018,entrance,2018-07-01,M<c3><a9>dia dos Domingos,161,2,metro,Verde,Green
2018,entrance,2018-07-01,M<c3><a9>dia dos Domingos,429,3,metro,Vermelha,Red
2018,entrance,2018-07-01,M<c3><a9>dia dos Domingos,88,5,metro,Lil<c3><a1>s,Lilac
2018,entrance,2018-07-01,M<c3><a9>dia dos Domingos,1,15,metro,Prata,Silver
2018,entrance,2018-07-01,M<c3><a9>dia dos Domingos,998,99,metro,Sistema METRO,METRO System
2018,entrance,2018-07-01,M<c3><a1>xima Di<c3><a1>ria,994,1,metro,Azul,Blue
2018,entrance,2018-07-01,M<c3><a1>xima Di<c3><a1>ria,528,2,metro,Verde,Green
2018,entrance,2018-07-01,M<c3><a1>xima Di<c3><a1>ria,1152,3,metro,Vermelha,Red
2018,entrance,2018-07-01,M<c3><a1>xima Di<c3><a1>ria,284,5,metro,Lil<c3><a1>s,Lilac
2018,entrance,2018-07-01,M<c3><a1>xima Di<c3><a1>ria,12,15,metro,Prata,Silver
2018,entrance,2018-07-01,M<c3><a1>xima Di<c3><a1>ria,2963,99,metro,Sistema METRO,METRO System
2018,entrance,2018-08-01,Total,27733,1,metro,Azul,Blue
2018,entrance,2018-08-01,Total,14509,2,metro,Verde,Green
2018,entrance,2018-08-01,Total,32413,3,metro,Vermelha,Red
2018,entrance,2018-08-01,Total,876,5,metro,Lil<c3><a1>s,Lilac
2018,entrance,2018-08-01,Total,282,15,metro,Prata,Silver
2018,entrance,2018-08-01,Total,75813,99,metro,Sistema METRO,METRO System
2018,entrance,2018-08-01,M<c3><a9>dia dos Dias <c3><9a>teis,1048,1,metro,Azul,Blue
2018,entrance,2018-08-01,M<c3><a9>dia dos Dias <c3><9a>teis,560,2,metro,Verde,Green
2018,entrance,2018-08-01,M<c3><a9>dia dos Dias <c3><9a>teis,1211,3,metro,Vermelha,Red
2018,entrance,2018-08-01,M<c3><a9>dia dos Dias <c3><9a>teis,292,5,metro,Lil<c3><a1>s,Lilac
2018,entrance,2018-08-01,M<c3><a9>dia dos Dias <c3><9a>teis,12,15,metro,Prata,Silver
2018,entrance,2018-08-01,M<c3><a9>dia dos Dias <c3><9a>teis,2870,99,metro,Sistema METRO,METRO System
2018,entrance,2018-08-01,M<c3><a9>dia dos S<c3><a1>bados,598,1,metro,Azul,Blue
2018,entrance,2018-08-01,M<c3><a9>dia dos S<c3><a1>bados,250,2,metro,Verde,Green
2018,entrance,2018-08-01,M<c3><a9>dia dos S<c3><a1>bados,724,3,metro,Vermelha,Red
2018,entrance,2018-08-01,M<c3><a9>dia dos S<c3><a1>bados,NA,5,metro,Lil<c3><a1>s,Lilac
2018,entrance,2018-08-01,M<c3><a9>dia dos S<c3><a1>bados,NA,15,metro,Prata,Silver
2018,entrance,2018-08-01,M<c3><a9>dia dos S<c3><a1>bados,1571,99,metro,Sistema METRO,METRO System
2018,entrance,2018-08-01,M<c3><a9>dia dos Domingos,307,1,metro,Azul,Blue
2018,entrance,2018-08-01,M<c3><a9>dia dos Domingos,155,2,metro,Verde,Green
2018,entrance,2018-08-01,M<c3><a9>dia dos Domingos,418,3,metro,Vermelha,Red
2018,entrance,2018-08-01,M<c3><a9>dia dos Domingos,NA,5,metro,Lil<c3><a1>s,Lilac
2018,entrance,2018-08-01,M<c3><a9>dia dos Domingos,1,15,metro,Prata,Silver
2018,entrance,2018-08-01,M<c3><a9>dia dos Domingos,881,99,metro,Sistema METRO,METRO System
2018,entrance,2018-08-01,M<c3><a1>xima Di<c3><a1>ria,1086,1,metro,Azul,Blue
2018,entrance,2018-08-01,M<c3><a1>xima Di<c3><a1>ria,581,2,metro,Verde,Green
2018,entrance,2018-08-01,M<c3><a1>xima Di<c3><a1>ria,1248,3,metro,Vermelha,Red
2018,entrance,2018-08-01,M<c3><a1>xima Di<c3><a1>ria,295,5,metro,Lil<c3><a1>s,Lilac
2018,entrance,2018-08-01,M<c3><a1>xima Di<c3><a1>ria,13,15,metro,Prata,Silver
2018,entrance,2018-08-01,M<c3><a1>xima Di<c3><a1>ria,2928,99,metro,Sistema METRO,METRO System
2018,entrance,2018-09-01,Total,25215,1,metro,Azul,Blue
2018,entrance,2018-09-01,Total,12946,2,metro,Verde,Green
2018,entrance,2018-09-01,Total,29414,3,metro,Vermelha,Red
2018,entrance,2018-09-01,Total,NA,5,metro,Lil<c3><a1>s,Lilac
2018,entrance,2018-09-01,Total,243,15,metro,Prata,Silver
2018,entrance,2018-09-01,Total,67818,99,metro,Sistema METRO,METRO System
2018,entrance,2018-09-01,M<c3><a9>dia dos Dias <c3><9a>teis,1067,1,metro,Azul,Blue
2018,entrance,2018-09-01,M<c3><a9>dia dos Dias <c3><9a>teis,562,2,metro,Verde,Green
2018,entrance,2018-09-01,M<c3><a9>dia dos Dias <c3><9a>teis,1223,3,metro,Vermelha,Red
2018,entrance,2018-09-01,M<c3><a9>dia dos Dias <c3><9a>teis,NA,5,metro,Lil<c3><a1>s,Lilac
2018,entrance,2018-09-01,M<c3><a9>dia dos Dias <c3><9a>teis,13,15,metro,Prata,Silver
2018,entrance,2018-09-01,M<c3><a9>dia dos Dias <c3><9a>teis,2865,99,metro,Sistema METRO,METRO System
2018,entrance,2018-09-01,M<c3><a9>dia dos S<c3><a1>bados,589,1,metro,Azul,Blue
2018,entrance,2018-09-01,M<c3><a9>dia dos S<c3><a1>bados,254,2,metro,Verde,Green
2018,entrance,2018-09-01,M<c3><a9>dia dos S<c3><a1>bados,712,3,metro,Vermelha,Red
2018,entrance,2018-09-01,M<c3><a9>dia dos S<c3><a1>bados,NA,5,metro,Lil<c3><a1>s,Lilac
2018,entrance,2018-09-01,M<c3><a9>dia dos S<c3><a1>bados,1,15,metro,Prata,Silver
2018,entrance,2018-09-01,M<c3><a9>dia dos S<c3><a1>bados,1556,99,metro,Sistema METRO,METRO System
2018,entrance,2018-09-01,M<c3><a9>dia dos Domingos,322,1,metro,Azul,Blue
2018,entrance,2018-09-01,M<c3><a9>dia dos Domingos,162,2,metro,Verde,Green
2018,entrance,2018-09-01,M<c3><a9>dia dos Domingos,425,3,metro,Vermelha,Red
2018,entrance,2018-09-01,M<c3><a9>dia dos Domingos,NA,5,metro,Lil<c3><a1>s,Lilac
2018,entrance,2018-09-01,M<c3><a9>dia dos Domingos,1,15,metro,Prata,Silver
2018,entrance,2018-09-01,M<c3><a9>dia dos Domingos,910,99,metro,Sistema METRO,METRO System
2018,entrance,2018-09-01,M<c3><a1>xima Di<c3><a1>ria,1127,1,metro,Azul,Blue
2018,entrance,2018-09-01,M<c3><a1>xima Di<c3><a1>ria,582,2,metro,Verde,Green
2018,entrance,2018-09-01,M<c3><a1>xima Di<c3><a1>ria,1298,3,metro,Vermelha,Red
2018,entrance,2018-09-01,M<c3><a1>xima Di<c3><a1>ria,NA,5,metro,Lil<c3><a1>s,Lilac
2018,entrance,2018-09-01,M<c3><a1>xima Di<c3><a1>ria,13,15,metro,Prata,Silver
2018,entrance,2018-09-01,M<c3><a1>xima Di<c3><a1>ria,3020,99,metro,Sistema METRO,METRO System
2018,entrance,2018-10-01,Total,28299,1,metro,Azul,Blue
2018,entrance,2018-10-01,Total,14744,2,metro,Verde,Green
2018,entrance,2018-10-01,Total,31717,3,metro,Vermelha,Red
2018,entrance,2018-10-01,Total,NA,5,metro,Lil<c3><a1>s,Lilac
2018,entrance,2018-10-01,Total,266,15,metro,Prata,Silver
2018,entrance,2018-10-01,Total,75026,99,metro,Sistema METRO,METRO System
2018,entrance,2018-10-01,M<c3><a9>dia dos Dias <c3><9a>teis,1096,1,metro,Azul,Blue
2018,entrance,2018-10-01,M<c3><a9>dia dos Dias <c3><9a>teis,586,2,metro,Verde,Green
2018,entrance,2018-10-01,M<c3><a9>dia dos Dias <c3><9a>teis,1220,3,metro,Vermelha,Red
2018,entrance,2018-10-01,M<c3><a9>dia dos Dias <c3><9a>teis,NA,5,metro,Lil<c3><a1>s,Lilac
2018,entrance,2018-10-01,M<c3><a9>dia dos Dias <c3><9a>teis,12,15,metro,Prata,Silver
2018,entrance,2018-10-01,M<c3><a9>dia dos Dias <c3><9a>teis,2914,99,metro,Sistema METRO,METRO System
2018,entrance,2018-10-01,M<c3><a9>dia dos S<c3><a1>bados,605,1,metro,Azul,Blue
2018,entrance,2018-10-01,M<c3><a9>dia dos S<c3><a1>bados,258,2,metro,Verde,Green
2018,entrance,2018-10-01,M<c3><a9>dia dos S<c3><a1>bados,691,3,metro,Vermelha,Red
2018,entrance,2018-10-01,M<c3><a9>dia dos S<c3><a1>bados,NA,5,metro,Lil<c3><a1>s,Lilac
2018,entrance,2018-10-01,M<c3><a9>dia dos S<c3><a1>bados,NA,15,metro,Prata,Silver
2018,entrance,2018-10-01,M<c3><a9>dia dos S<c3><a1>bados,1554,99,metro,Sistema METRO,METRO System
2018,entrance,2018-10-01,M<c3><a9>dia dos Domingos,344,1,metro,Azul,Blue
2018,entrance,2018-10-01,M<c3><a9>dia dos Domingos,161,2,metro,Verde,Green
2018,entrance,2018-10-01,M<c3><a9>dia dos Domingos,410,3,metro,Vermelha,Red
2018,entrance,2018-10-01,M<c3><a9>dia dos Domingos,NA,5,metro,Lil<c3><a1>s,Lilac
2018,entrance,2018-10-01,M<c3><a9>dia dos Domingos,2,15,metro,Prata,Silver
2018,entrance,2018-10-01,M<c3><a9>dia dos Domingos,916,99,metro,Sistema METRO,METRO System
2018,entrance,2018-10-01,M<c3><a1>xima Di<c3><a1>ria,1133,1,metro,Azul,Blue
2018,entrance,2018-10-01,M<c3><a1>xima Di<c3><a1>ria,625,2,metro,Verde,Green
2018,entrance,2018-10-01,M<c3><a1>xima Di<c3><a1>ria,1280,3,metro,Vermelha,Red
2018,entrance,2018-10-01,M<c3><a1>xima Di<c3><a1>ria,NA,5,metro,Lil<c3><a1>s,Lilac
2018,entrance,2018-10-01,M<c3><a1>xima Di<c3><a1>ria,13,15,metro,Prata,Silver
2018,entrance,2018-10-01,M<c3><a1>xima Di<c3><a1>ria,3002,99,metro,Sistema METRO,METRO System
2018,entrance,2018-11-01,Total,26174,1,metro,Azul,Blue
2018,entrance,2018-11-01,Total,13531,2,metro,Verde,Green
2018,entrance,2018-11-01,Total,28899,3,metro,Vermelha,Red
2018,entrance,2018-11-01,Total,NA,5,metro,Lil<c3><a1>s,Lilac
2018,entrance,2018-11-01,Total,219,15,metro,Prata,Silver
2018,entrance,2018-11-01,Total,68822,99,metro,Sistema METRO,METRO System
2018,entrance,2018-11-01,M<c3><a9>dia dos Dias <c3><9a>teis,1145,1,metro,Azul,Blue
2018,entrance,2018-11-01,M<c3><a9>dia dos Dias <c3><9a>teis,617,2,metro,Verde,Green
2018,entrance,2018-11-01,M<c3><a9>dia dos Dias <c3><9a>teis,1241,3,metro,Vermelha,Red
2018,entrance,2018-11-01,M<c3><a9>dia dos Dias <c3><9a>teis,NA,5,metro,Lil<c3><a1>s,Lilac
2018,entrance,2018-11-01,M<c3><a9>dia dos Dias <c3><9a>teis,13,15,metro,Prata,Silver
2018,entrance,2018-11-01,M<c3><a9>dia dos Dias <c3><9a>teis,3016,99,metro,Sistema METRO,METRO System
2018,entrance,2018-11-01,M<c3><a9>dia dos S<c3><a1>bados,611,1,metro,Azul,Blue
2018,entrance,2018-11-01,M<c3><a9>dia dos S<c3><a1>bados,256,2,metro,Verde,Green
2018,entrance,2018-11-01,M<c3><a9>dia dos S<c3><a1>bados,700,3,metro,Vermelha,Red
2018,entrance,2018-11-01,M<c3><a9>dia dos S<c3><a1>bados,NA,5,metro,Lil<c3><a1>s,Lilac
2018,entrance,2018-11-01,M<c3><a9>dia dos S<c3><a1>bados,3,15,metro,Prata,Silver
2018,entrance,2018-11-01,M<c3><a9>dia dos S<c3><a1>bados,1567,99,metro,Sistema METRO,METRO System
2018,entrance,2018-11-01,M<c3><a9>dia dos Domingos,353,1,metro,Azul,Blue
2018,entrance,2018-11-01,M<c3><a9>dia dos Domingos,172,2,metro,Verde,Green
2018,entrance,2018-11-01,M<c3><a9>dia dos Domingos,425,3,metro,Vermelha,Red
2018,entrance,2018-11-01,M<c3><a9>dia dos Domingos,NA,5,metro,Lil<c3><a1>s,Lilac
2018,entrance,2018-11-01,M<c3><a9>dia dos Domingos,2,15,metro,Prata,Silver
2018,entrance,2018-11-01,M<c3><a9>dia dos Domingos,951,99,metro,Sistema METRO,METRO System
2018,entrance,2018-11-01,M<c3><a1>xima Di<c3><a1>ria,1198,1,metro,Azul,Blue
2018,entrance,2018-11-01,M<c3><a1>xima Di<c3><a1>ria,647,2,metro,Verde,Green
2018,entrance,2018-11-01,M<c3><a1>xima Di<c3><a1>ria,1307,3,metro,Vermelha,Red
2018,entrance,2018-11-01,M<c3><a1>xima Di<c3><a1>ria,NA,5,metro,Lil<c3><a1>s,Lilac
2018,entrance,2018-11-01,M<c3><a1>xima Di<c3><a1>ria,14,15,metro,Prata,Silver
2018,entrance,2018-11-01,M<c3><a1>xima Di<c3><a1>ria,3164,99,metro,Sistema METRO,METRO System
2018,entrance,2018-12-01,Total,25199,1,metro,Azul,Blue
2018,entrance,2018-12-01,Total,12875,2,metro,Verde,Green
2018,entrance,2018-12-01,Total,28329,3,metro,Vermelha,Red
2018,entrance,2018-12-01,Total,NA,5,metro,Lil<c3><a1>s,Lilac
2018,entrance,2018-12-01,Total,397,15,metro,Prata,Silver
2018,entrance,2018-12-01,Total,66800,99,metro,Sistema METRO,METRO System
2018,entrance,2018-12-01,M<c3><a9>dia dos Dias <c3><9a>teis,1059,1,metro,Azul,Blue
2018,entrance,2018-12-01,M<c3><a9>dia dos Dias <c3><9a>teis,565,2,metro,Verde,Green
2018,entrance,2018-12-01,M<c3><a9>dia dos Dias <c3><9a>teis,1167,3,metro,Vermelha,Red
2018,entrance,2018-12-01,M<c3><a9>dia dos Dias <c3><9a>teis,NA,5,metro,Lil<c3><a1>s,Lilac
2018,entrance,2018-12-01,M<c3><a9>dia dos Dias <c3><9a>teis,18,15,metro,Prata,Silver
2018,entrance,2018-12-01,M<c3><a9>dia dos Dias <c3><9a>teis,2809,99,metro,Sistema METRO,METRO System
2018,entrance,2018-12-01,M<c3><a9>dia dos S<c3><a1>bados,644,1,metro,Azul,Blue
2018,entrance,2018-12-01,M<c3><a9>dia dos S<c3><a1>bados,261,2,metro,Verde,Green
2018,entrance,2018-12-01,M<c3><a9>dia dos S<c3><a1>bados,761,3,metro,Vermelha,Red
2018,entrance,2018-12-01,M<c3><a9>dia dos S<c3><a1>bados,NA,5,metro,Lil<c3><a1>s,Lilac
2018,entrance,2018-12-01,M<c3><a9>dia dos S<c3><a1>bados,8,15,metro,Prata,Silver
2018,entrance,2018-12-01,M<c3><a9>dia dos S<c3><a1>bados,1674,99,metro,Sistema METRO,METRO System
2018,entrance,2018-12-01,M<c3><a9>dia dos Domingos,384,1,metro,Azul,Blue
2018,entrance,2018-12-01,M<c3><a9>dia dos Domingos,186,2,metro,Verde,Green
2018,entrance,2018-12-01,M<c3><a9>dia dos Domingos,466,3,metro,Vermelha,Red
2018,entrance,2018-12-01,M<c3><a9>dia dos Domingos,NA,5,metro,Lil<c3><a1>s,Lilac
2018,entrance,2018-12-01,M<c3><a9>dia dos Domingos,5,15,metro,Prata,Silver
2018,entrance,2018-12-01,M<c3><a9>dia dos Domingos,1040,99,metro,Sistema METRO,METRO System
2018,entrance,2018-12-01,M<c3><a1>xima Di<c3><a1>ria,1181,1,metro,Azul,Blue
2018,entrance,2018-12-01,M<c3><a1>xima Di<c3><a1>ria,628,2,metro,Verde,Green
2018,entrance,2018-12-01,M<c3><a1>xima Di<c3><a1>ria,1293,3,metro,Vermelha,Red
2018,entrance,2018-12-01,M<c3><a1>xima Di<c3><a1>ria,NA,5,metro,Lil<c3><a1>s,Lilac
2018,entrance,2018-12-01,M<c3><a1>xima Di<c3><a1>ria,21,15,metro,Prata,Silver
2018,entrance,2018-12-01,M<c3><a1>xima Di<c3><a1>ria,3116,99,metro,Sistema METRO,METRO System
2018,transport,2018-01-01,Total,28972,1,metro,Azul,Blue
2018,transport,2018-01-01,Total,13602,2,metro,Verde,Green
2018,transport,2018-01-01,Total,29999,3,metro,Vermelha,Red
2018,transport,2018-01-01,Total,5522,5,metro,Lil<c3><a1>s,Lilac
2018,transport,2018-01-01,Total,379,15,metro,Prata,Silver
2018,transport,2018-01-01,Total,78475,99,metro,Sistema METRO,METRO System
2018,transport,2018-01-01,M<c3><a9>dia dos Dias <c3><9a>teis,1169,1,metro,Azul,Blue
2018,transport,2018-01-01,M<c3><a9>dia dos Dias <c3><9a>teis,570,2,metro,Verde,Green
2018,transport,2018-01-01,M<c3><a9>dia dos Dias <c3><9a>teis,1196,3,metro,Vermelha,Red
2018,transport,2018-01-01,M<c3><a9>dia dos Dias <c3><9a>teis,226,5,metro,Lil<c3><a1>s,Lilac
2018,transport,2018-01-01,M<c3><a9>dia dos Dias <c3><9a>teis,17,15,metro,Prata,Silver
2018,transport,2018-01-01,M<c3><a9>dia dos Dias <c3><9a>teis,3178,99,metro,Sistema METRO,METRO System
2018,transport,2018-01-01,M<c3><a9>dia dos S<c3><a1>bados,701,1,metro,Azul,Blue
2018,transport,2018-01-01,M<c3><a9>dia dos S<c3><a1>bados,276,2,metro,Verde,Green
2018,transport,2018-01-01,M<c3><a9>dia dos S<c3><a1>bados,748,3,metro,Vermelha,Red
2018,transport,2018-01-01,M<c3><a9>dia dos S<c3><a1>bados,139,5,metro,Lil<c3><a1>s,Lilac
2018,transport,2018-01-01,M<c3><a9>dia dos S<c3><a1>bados,6,15,metro,Prata,Silver
2018,transport,2018-01-01,M<c3><a9>dia dos S<c3><a1>bados,1868,99,metro,Sistema METRO,METRO System
2018,transport,2018-01-01,M<c3><a9>dia dos Domingos,402,1,metro,Azul,Blue
2018,transport,2018-01-01,M<c3><a9>dia dos Domingos,167,2,metro,Verde,Green
2018,transport,2018-01-01,M<c3><a9>dia dos Domingos,439,3,metro,Vermelha,Red
2018,transport,2018-01-01,M<c3><a9>dia dos Domingos,55,5,metro,Lil<c3><a1>s,Lilac
2018,transport,2018-01-01,M<c3><a9>dia dos Domingos,3,15,metro,Prata,Silver
2018,transport,2018-01-01,M<c3><a9>dia dos Domingos,1065,99,metro,Sistema METRO,METRO System
2018,transport,2018-01-01,M<c3><a1>xima Di<c3><a1>ria,1289,1,metro,Azul,Blue
2018,transport,2018-01-01,M<c3><a1>xima Di<c3><a1>ria,639,2,metro,Verde,Green
2018,transport,2018-01-01,M<c3><a1>xima Di<c3><a1>ria,1309,3,metro,Vermelha,Red
2018,transport,2018-01-01,M<c3><a1>xima Di<c3><a1>ria,249,5,metro,Lil<c3><a1>s,Lilac
2018,transport,2018-01-01,M<c3><a1>xima Di<c3><a1>ria,19,15,metro,Prata,Silver
2018,transport,2018-01-01,M<c3><a1>xima Di<c3><a1>ria,3497,99,metro,Sistema METRO,METRO System
2018,transport,2018-02-01,Total,31025,1,metro,Azul,Blue
2018,transport,2018-02-01,Total,14784,2,metro,Verde,Green
2018,transport,2018-02-01,Total,31820,3,metro,Vermelha,Red
2018,transport,2018-02-01,Total,5937,5,metro,Lil<c3><a1>s,Lilac
2018,transport,2018-02-01,Total,368,15,metro,Prata,Silver
2018,transport,2018-02-01,Total,83934,99,metro,Sistema METRO,METRO System
2018,transport,2018-02-01,M<c3><a9>dia dos Dias <c3><9a>teis,1375,1,metro,Azul,Blue
2018,transport,2018-02-01,M<c3><a9>dia dos Dias <c3><9a>teis,679,2,metro,Verde,Green
2018,transport,2018-02-01,M<c3><a9>dia dos Dias <c3><9a>teis,1385,3,metro,Vermelha,Red
2018,transport,2018-02-01,M<c3><a9>dia dos Dias <c3><9a>teis,269,5,metro,Lil<c3><a1>s,Lilac
2018,transport,2018-02-01,M<c3><a9>dia dos Dias <c3><9a>teis,20,15,metro,Prata,Silver
2018,transport,2018-02-01,M<c3><a9>dia dos Dias <c3><9a>teis,3729,99,metro,Sistema METRO,METRO System
2018,transport,2018-02-01,M<c3><a9>dia dos S<c3><a1>bados,860,1,metro,Azul,Blue
2018,transport,2018-02-01,M<c3><a9>dia dos S<c3><a1>bados,353,2,metro,Verde,Green
2018,transport,2018-02-01,M<c3><a9>dia dos S<c3><a1>bados,911,3,metro,Vermelha,Red
2018,transport,2018-02-01,M<c3><a9>dia dos S<c3><a1>bados,161,5,metro,Lil<c3><a1>s,Lilac
2018,transport,2018-02-01,M<c3><a9>dia dos S<c3><a1>bados,10,15,metro,Prata,Silver
2018,transport,2018-02-01,M<c3><a9>dia dos S<c3><a1>bados,2287,99,metro,Sistema METRO,METRO System
2018,transport,2018-02-01,M<c3><a9>dia dos Domingos,490,1,metro,Azul,Blue
2018,transport,2018-02-01,M<c3><a9>dia dos Domingos,221,2,metro,Verde,Green
2018,transport,2018-02-01,M<c3><a9>dia dos Domingos,555,3,metro,Vermelha,Red
2018,transport,2018-02-01,M<c3><a9>dia dos Domingos,72,5,metro,Lil<c3><a1>s,Lilac
2018,transport,2018-02-01,M<c3><a9>dia dos Domingos,NA,15,metro,Prata,Silver
2018,transport,2018-02-01,M<c3><a9>dia dos Domingos,1338,99,metro,Sistema METRO,METRO System
2018,transport,2018-02-01,M<c3><a1>xima Di<c3><a1>ria,1448,1,metro,Azul,Blue
2018,transport,2018-02-01,M<c3><a1>xima Di<c3><a1>ria,719,2,metro,Verde,Green
2018,transport,2018-02-01,M<c3><a1>xima Di<c3><a1>ria,1457,3,metro,Vermelha,Red
2018,transport,2018-02-01,M<c3><a1>xima Di<c3><a1>ria,288,5,metro,Lil<c3><a1>s,Lilac
2018,transport,2018-02-01,M<c3><a1>xima Di<c3><a1>ria,22,15,metro,Prata,Silver
2018,transport,2018-02-01,M<c3><a1>xima Di<c3><a1>ria,3928,99,metro,Sistema METRO,METRO System
2018,transport,NA,Total,36553,1,metro,Azul,Blue
2018,transport,NA,Total,17473,2,metro,Verde,Green
2018,transport,NA,Total,37387,3,metro,Vermelha,Red
2018,transport,NA,Total,7331,5,metro,Lil<c3><a1>s,Lilac
2018,transport,NA,Total,411,15,metro,Prata,Silver
2018,transport,NA,Total,99155,99,metro,Sistema METRO,METRO System
2018,transport,NA,M<c3><a9>dia dos Dias <c3><9a>teis,1452,1,metro,Azul,Blue
2018,transport,NA,M<c3><a9>dia dos Dias <c3><9a>teis,713,2,metro,Verde,Green
2018,transport,NA,M<c3><a9>dia dos Dias <c3><9a>teis,1467,3,metro,Vermelha,Red
2018,transport,NA,M<c3><a9>dia dos Dias <c3><9a>teis,295,5,metro,Lil<c3><a1>s,Lilac
2018,transport,NA,M<c3><a9>dia dos Dias <c3><9a>teis,20,15,metro,Prata,Silver
2018,transport,NA,M<c3><a9>dia dos Dias <c3><9a>teis,3946,99,metro,Sistema METRO,METRO System
2018,transport,NA,M<c3><a9>dia dos S<c3><a1>bados,777,1,metro,Azul,Blue
2018,transport,NA,M<c3><a9>dia dos S<c3><a1>bados,305,2,metro,Verde,Green
2018,transport,NA,M<c3><a9>dia dos S<c3><a1>bados,823,3,metro,Vermelha,Red
2018,transport,NA,M<c3><a9>dia dos S<c3><a1>bados,160,5,metro,Lil<c3><a1>s,Lilac
2018,transport,NA,M<c3><a9>dia dos S<c3><a1>bados,5,15,metro,Prata,Silver
2018,transport,NA,M<c3><a9>dia dos S<c3><a1>bados,2066,99,metro,Sistema METRO,METRO System
2018,transport,NA,M<c3><a9>dia dos Domingos,439,1,metro,Azul,Blue
2018,transport,NA,M<c3><a9>dia dos Domingos,199,2,metro,Verde,Green
2018,transport,NA,M<c3><a9>dia dos Domingos,501,3,metro,Vermelha,Red
2018,transport,NA,M<c3><a9>dia dos Domingos,64,5,metro,Lil<c3><a1>s,Lilac
2018,transport,NA,M<c3><a9>dia dos Domingos,NA,15,metro,Prata,Silver
2018,transport,NA,M<c3><a9>dia dos Domingos,1202,99,metro,Sistema METRO,METRO System
2018,transport,NA,M<c3><a1>xima Di<c3><a1>ria,1485,1,metro,Azul,Blue
2018,transport,NA,M<c3><a1>xima Di<c3><a1>ria,742,2,metro,Verde,Green
2018,transport,NA,M<c3><a1>xima Di<c3><a1>ria,1505,3,metro,Vermelha,Red
2018,transport,NA,M<c3><a1>xima Di<c3><a1>ria,305,5,metro,Lil<c3><a1>s,Lilac
2018,transport,NA,M<c3><a1>xima Di<c3><a1>ria,23,15,metro,Prata,Silver
2018,transport,NA,M<c3><a1>xima Di<c3><a1>ria,4042,99,metro,Sistema METRO,METRO System
2018,transport,2018-04-01,Total,35480,1,metro,Azul,Blue
2018,transport,2018-04-01,Total,16870,2,metro,Verde,Green
2018,transport,2018-04-01,Total,36247,3,metro,Vermelha,Red
2018,transport,2018-04-01,Total,7640,5,metro,Lil<c3><a1>s,Lilac
2018,transport,2018-04-01,Total,441,15,metro,Prata,Silver
2018,transport,2018-04-01,Total,96677,99,metro,Sistema METRO,METRO System
2018,transport,2018-04-01,M<c3><a9>dia dos Dias <c3><9a>teis,1457,1,metro,Azul,Blue
2018,transport,2018-04-01,M<c3><a9>dia dos Dias <c3><9a>teis,714,2,metro,Verde,Green
2018,transport,2018-04-01,M<c3><a9>dia dos Dias <c3><9a>teis,1471,3,metro,Vermelha,Red
2018,transport,2018-04-01,M<c3><a9>dia dos Dias <c3><9a>teis,319,5,metro,Lil<c3><a1>s,Lilac
2018,transport,2018-04-01,M<c3><a9>dia dos Dias <c3><9a>teis,21,15,metro,Prata,Silver
2018,transport,2018-04-01,M<c3><a9>dia dos Dias <c3><9a>teis,3980,99,metro,Sistema METRO,METRO System
2018,transport,2018-04-01,M<c3><a9>dia dos S<c3><a1>bados,828,1,metro,Azul,Blue
2018,transport,2018-04-01,M<c3><a9>dia dos S<c3><a1>bados,319,2,metro,Verde,Green
2018,transport,2018-04-01,M<c3><a9>dia dos S<c3><a1>bados,883,3,metro,Vermelha,Red
2018,transport,2018-04-01,M<c3><a9>dia dos S<c3><a1>bados,170,5,metro,Lil<c3><a1>s,Lilac
2018,transport,2018-04-01,M<c3><a9>dia dos S<c3><a1>bados,8,15,metro,Prata,Silver
2018,transport,2018-04-01,M<c3><a9>dia dos S<c3><a1>bados,2206,99,metro,Sistema METRO,METRO System
2018,transport,2018-04-01,M<c3><a9>dia dos Domingos,435,1,metro,Azul,Blue
2018,transport,2018-04-01,M<c3><a9>dia dos Domingos,188,2,metro,Verde,Green
2018,transport,2018-04-01,M<c3><a9>dia dos Domingos,482,3,metro,Vermelha,Red
2018,transport,2018-04-01,M<c3><a9>dia dos Domingos,76,5,metro,Lil<c3><a1>s,Lilac
2018,transport,2018-04-01,M<c3><a9>dia dos Domingos,3,15,metro,Prata,Silver
2018,transport,2018-04-01,M<c3><a9>dia dos Domingos,1183,99,metro,Sistema METRO,METRO System
2018,transport,2018-04-01,M<c3><a1>xima Di<c3><a1>ria,1493,1,metro,Azul,Blue
2018,transport,2018-04-01,M<c3><a1>xima Di<c3><a1>ria,731,2,metro,Verde,Green
2018,transport,2018-04-01,M<c3><a1>xima Di<c3><a1>ria,1530,3,metro,Vermelha,Red
2018,transport,2018-04-01,M<c3><a1>xima Di<c3><a1>ria,331,5,metro,Lil<c3><a1>s,Lilac
2018,transport,2018-04-01,M<c3><a1>xima Di<c3><a1>ria,24,15,metro,Prata,Silver
2018,transport,2018-04-01,M<c3><a1>xima Di<c3><a1>ria,4105,99,metro,Sistema METRO,METRO System
2018,transport,2018-05-01,Total,36519,1,metro,Azul,Blue
2018,transport,2018-05-01,Total,17492,2,metro,Verde,Green
2018,transport,2018-05-01,Total,37542,3,metro,Vermelha,Red
2018,transport,2018-05-01,Total,8106,5,metro,Lil<c3><a1>s,Lilac
2018,transport,2018-05-01,Total,509,15,metro,Prata,Silver
2018,transport,2018-05-01,Total,100169,99,metro,Sistema METRO,METRO System
2018,transport,2018-05-01,M<c3><a9>dia dos Dias <c3><9a>teis,1436,1,metro,Azul,Blue
2018,transport,2018-05-01,M<c3><a9>dia dos Dias <c3><9a>teis,706,2,metro,Verde,Green
2018,transport,2018-05-01,M<c3><a9>dia dos Dias <c3><9a>teis,1455,3,metro,Vermelha,Red
2018,transport,2018-05-01,M<c3><a9>dia dos Dias <c3><9a>teis,322,5,metro,Lil<c3><a1>s,Lilac
2018,transport,2018-05-01,M<c3><a9>dia dos Dias <c3><9a>teis,22,15,metro,Prata,Silver
2018,transport,2018-05-01,M<c3><a9>dia dos Dias <c3><9a>teis,3940,99,metro,Sistema METRO,METRO System
2018,transport,2018-05-01,M<c3><a9>dia dos S<c3><a1>bados,834,1,metro,Azul,Blue
2018,transport,2018-05-01,M<c3><a9>dia dos S<c3><a1>bados,336,2,metro,Verde,Green
2018,transport,2018-05-01,M<c3><a9>dia dos S<c3><a1>bados,900,3,metro,Vermelha,Red
2018,transport,2018-05-01,M<c3><a9>dia dos S<c3><a1>bados,184,5,metro,Lil<c3><a1>s,Lilac
2018,transport,2018-05-01,M<c3><a9>dia dos S<c3><a1>bados,7,15,metro,Prata,Silver
2018,transport,2018-05-01,M<c3><a9>dia dos S<c3><a1>bados,2258,99,metro,Sistema METRO,METRO System
2018,transport,2018-05-01,M<c3><a9>dia dos Domingos,488,1,metro,Azul,Blue
2018,transport,2018-05-01,M<c3><a9>dia dos Domingos,218,2,metro,Verde,Green
2018,transport,2018-05-01,M<c3><a9>dia dos Domingos,559,3,metro,Vermelha,Red
2018,transport,2018-05-01,M<c3><a9>dia dos Domingos,95,5,metro,Lil<c3><a1>s,Lilac
2018,transport,2018-05-01,M<c3><a9>dia dos Domingos,4,15,metro,Prata,Silver
2018,transport,2018-05-01,M<c3><a9>dia dos Domingos,1363,99,metro,Sistema METRO,METRO System
2018,transport,2018-05-01,M<c3><a1>xima Di<c3><a1>ria,1488,1,metro,Azul,Blue
2018,transport,2018-05-01,M<c3><a1>xima Di<c3><a1>ria,722,2,metro,Verde,Green
2018,transport,2018-05-01,M<c3><a1>xima Di<c3><a1>ria,1508,3,metro,Vermelha,Red
2018,transport,2018-05-01,M<c3><a1>xima Di<c3><a1>ria,335,5,metro,Lil<c3><a1>s,Lilac
2018,transport,2018-05-01,M<c3><a1>xima Di<c3><a1>ria,24,15,metro,Prata,Silver
2018,transport,2018-05-01,M<c3><a1>xima Di<c3><a1>ria,4067,99,metro,Sistema METRO,METRO System
2018,transport,2018-06-01,Total,34239,1,metro,Azul,Blue
2018,transport,2018-06-01,Total,16160,2,metro,Verde,Green
2018,transport,2018-06-01,Total,35392,3,metro,Vermelha,Red
2018,transport,2018-06-01,Total,7401,5,metro,Lil<c3><a1>s,Lilac
2018,transport,2018-06-01,Total,464,15,metro,Prata,Silver
2018,transport,2018-06-01,Total,93656,99,metro,Sistema METRO,METRO System
2018,transport,2018-06-01,M<c3><a9>dia dos Dias <c3><9a>teis,1396,1,metro,Azul,Blue
2018,transport,2018-06-01,M<c3><a9>dia dos Dias <c3><9a>teis,684,2,metro,Verde,Green
2018,transport,2018-06-01,M<c3><a9>dia dos Dias <c3><9a>teis,1423,3,metro,Vermelha,Red
2018,transport,2018-06-01,M<c3><a9>dia dos Dias <c3><9a>teis,305,5,metro,Lil<c3><a1>s,Lilac
2018,transport,2018-06-01,M<c3><a9>dia dos Dias <c3><9a>teis,22,15,metro,Prata,Silver
2018,transport,2018-06-01,M<c3><a9>dia dos Dias <c3><9a>teis,3830,99,metro,Sistema METRO,METRO System
2018,transport,2018-06-01,M<c3><a9>dia dos S<c3><a1>bados,778,1,metro,Azul,Blue
2018,transport,2018-06-01,M<c3><a9>dia dos S<c3><a1>bados,301,2,metro,Verde,Green
2018,transport,2018-06-01,M<c3><a9>dia dos S<c3><a1>bados,842,3,metro,Vermelha,Red
2018,transport,2018-06-01,M<c3><a9>dia dos S<c3><a1>bados,172,5,metro,Lil<c3><a1>s,Lilac
2018,transport,2018-06-01,M<c3><a9>dia dos S<c3><a1>bados,3,15,metro,Prata,Silver
2018,transport,2018-06-01,M<c3><a9>dia dos S<c3><a1>bados,2095,99,metro,Sistema METRO,METRO System
2018,transport,2018-06-01,M<c3><a9>dia dos Domingos,466,1,metro,Azul,Blue
2018,transport,2018-06-01,M<c3><a9>dia dos Domingos,215,2,metro,Verde,Green
2018,transport,2018-06-01,M<c3><a9>dia dos Domingos,527,3,metro,Vermelha,Red
2018,transport,2018-06-01,M<c3><a9>dia dos Domingos,69,5,metro,Lil<c3><a1>s,Lilac
2018,transport,2018-06-01,M<c3><a9>dia dos Domingos,3,15,metro,Prata,Silver
2018,transport,2018-06-01,M<c3><a9>dia dos Domingos,1280,99,metro,Sistema METRO,METRO System
2018,transport,2018-06-01,M<c3><a1>xima Di<c3><a1>ria,1489,1,metro,Azul,Blue
2018,transport,2018-06-01,M<c3><a1>xima Di<c3><a1>ria,722,2,metro,Verde,Green
2018,transport,2018-06-01,M<c3><a1>xima Di<c3><a1>ria,1508,3,metro,Vermelha,Red
2018,transport,2018-06-01,M<c3><a1>xima Di<c3><a1>ria,327,5,metro,Lil<c3><a1>s,Lilac
2018,transport,2018-06-01,M<c3><a1>xima Di<c3><a1>ria,23,15,metro,Prata,Silver
2018,transport,2018-06-01,M<c3><a1>xima Di<c3><a1>ria,4067,99,metro,Sistema METRO,METRO System
2018,transport,2018-07-01,Total,32512,1,metro,Azul,Blue
2018,transport,2018-07-01,Total,15368,2,metro,Verde,Green
2018,transport,2018-07-01,Total,33836,3,metro,Vermelha,Red
2018,transport,2018-07-01,Total,6983,5,metro,Lil<c3><a1>s,Lilac
2018,transport,2018-07-01,Total,427,15,metro,Prata,Silver
2018,transport,2018-07-01,Total,89128,99,metro,Sistema METRO,METRO System
2018,transport,2018-07-01,M<c3><a9>dia dos Dias <c3><9a>teis,1280,1,metro,Azul,Blue
2018,transport,2018-07-01,M<c3><a9>dia dos Dias <c3><9a>teis,627,2,metro,Verde,Green
2018,transport,2018-07-01,M<c3><a9>dia dos Dias <c3><9a>teis,1317,3,metro,Vermelha,Red
2018,transport,2018-07-01,M<c3><a9>dia dos Dias <c3><9a>teis,278,5,metro,Lil<c3><a1>s,Lilac
2018,transport,2018-07-01,M<c3><a9>dia dos Dias <c3><9a>teis,20,15,metro,Prata,Silver
2018,transport,2018-07-01,M<c3><a9>dia dos Dias <c3><9a>teis,3523,99,metro,Sistema METRO,METRO System
2018,transport,2018-07-01,M<c3><a9>dia dos S<c3><a1>bados,781,1,metro,Azul,Blue
2018,transport,2018-07-01,M<c3><a9>dia dos S<c3><a1>bados,297,2,metro,Verde,Green
2018,transport,2018-07-01,M<c3><a9>dia dos S<c3><a1>bados,829,3,metro,Vermelha,Red
2018,transport,2018-07-01,M<c3><a9>dia dos S<c3><a1>bados,171,5,metro,Lil<c3><a1>s,Lilac
2018,transport,2018-07-01,M<c3><a9>dia dos S<c3><a1>bados,3,15,metro,Prata,Silver
2018,transport,2018-07-01,M<c3><a9>dia dos S<c3><a1>bados,2081,99,metro,Sistema METRO,METRO System
2018,transport,2018-07-01,M<c3><a9>dia dos Domingos,462,1,metro,Azul,Blue
2018,transport,2018-07-01,M<c3><a9>dia dos Domingos,201,2,metro,Verde,Green
2018,transport,2018-07-01,M<c3><a9>dia dos Domingos,518,3,metro,Vermelha,Red
2018,transport,2018-07-01,M<c3><a9>dia dos Domingos,88,5,metro,Lil<c3><a1>s,Lilac
2018,transport,2018-07-01,M<c3><a9>dia dos Domingos,1,15,metro,Prata,Silver
2018,transport,2018-07-01,M<c3><a9>dia dos Domingos,1270,99,metro,Sistema METRO,METRO System
2018,transport,2018-07-01,M<c3><a1>xima Di<c3><a1>ria,1346,1,metro,Azul,Blue
2018,transport,2018-07-01,M<c3><a1>xima Di<c3><a1>ria,661,2,metro,Verde,Green
2018,transport,2018-07-01,M<c3><a1>xima Di<c3><a1>ria,1369,3,metro,Vermelha,Red
2018,transport,2018-07-01,M<c3><a1>xima Di<c3><a1>ria,284,5,metro,Lil<c3><a1>s,Lilac
2018,transport,2018-07-01,M<c3><a1>xima Di<c3><a1>ria,21,15,metro,Prata,Silver
2018,transport,2018-07-01,M<c3><a1>xima Di<c3><a1>ria,3675,99,metro,Sistema METRO,METRO System
2018,transport,2018-08-01,Total,37776,1,metro,Azul,Blue
2018,transport,2018-08-01,Total,18164,2,metro,Verde,Green
2018,transport,2018-08-01,Total,38679,3,metro,Vermelha,Red
2018,transport,2018-08-01,Total,876,5,metro,Lil<c3><a1>s,Lilac
2018,transport,2018-08-01,Total,516,15,metro,Prata,Silver
2018,transport,2018-08-01,Total,96011,99,metro,Sistema METRO,METRO System
2018,transport,2018-08-01,M<c3><a9>dia dos Dias <c3><9a>teis,1420,1,metro,Azul,Blue
2018,transport,2018-08-01,M<c3><a9>dia dos Dias <c3><9a>teis,701,2,metro,Verde,Green
2018,transport,2018-08-01,M<c3><a9>dia dos Dias <c3><9a>teis,1440,3,metro,Vermelha,Red
2018,transport,2018-08-01,M<c3><a9>dia dos Dias <c3><9a>teis,292,5,metro,Lil<c3><a1>s,Lilac
2018,transport,2018-08-01,M<c3><a9>dia dos Dias <c3><9a>teis,22,15,metro,Prata,Silver
2018,transport,2018-08-01,M<c3><a9>dia dos Dias <c3><9a>teis,3622,99,metro,Sistema METRO,METRO System
2018,transport,2018-08-01,M<c3><a9>dia dos S<c3><a1>bados,832,1,metro,Azul,Blue
2018,transport,2018-08-01,M<c3><a9>dia dos S<c3><a1>bados,318,2,metro,Verde,Green
2018,transport,2018-08-01,M<c3><a9>dia dos S<c3><a1>bados,884,3,metro,Vermelha,Red
2018,transport,2018-08-01,M<c3><a9>dia dos S<c3><a1>bados,NA,5,metro,Lil<c3><a1>s,Lilac
2018,transport,2018-08-01,M<c3><a9>dia dos S<c3><a1>bados,NA,15,metro,Prata,Silver
2018,transport,2018-08-01,M<c3><a9>dia dos S<c3><a1>bados,2033,99,metro,Sistema METRO,METRO System
2018,transport,2018-08-01,M<c3><a9>dia dos Domingos,446,1,metro,Azul,Blue
2018,transport,2018-08-01,M<c3><a9>dia dos Domingos,194,2,metro,Verde,Green
2018,transport,2018-08-01,M<c3><a9>dia dos Domingos,504,3,metro,Vermelha,Red
2018,transport,2018-08-01,M<c3><a9>dia dos Domingos,NA,5,metro,Lil<c3><a1>s,Lilac
2018,transport,2018-08-01,M<c3><a9>dia dos Domingos,2,15,metro,Prata,Silver
2018,transport,2018-08-01,M<c3><a9>dia dos Domingos,1146,99,metro,Sistema METRO,METRO System
2018,transport,2018-08-01,M<c3><a1>xima Di<c3><a1>ria,1466,1,metro,Azul,Blue
2018,transport,2018-08-01,M<c3><a1>xima Di<c3><a1>ria,723,2,metro,Verde,Green
2018,transport,2018-08-01,M<c3><a1>xima Di<c3><a1>ria,1483,3,metro,Vermelha,Red
2018,transport,2018-08-01,M<c3><a1>xima Di<c3><a1>ria,295,5,metro,Lil<c3><a1>s,Lilac
2018,transport,2018-08-01,M<c3><a1>xima Di<c3><a1>ria,23,15,metro,Prata,Silver
2018,transport,2018-08-01,M<c3><a1>xima Di<c3><a1>ria,3683,99,metro,Sistema METRO,METRO System
2018,transport,2018-09-01,Total,34371,1,metro,Azul,Blue
2018,transport,2018-09-01,Total,16246,2,metro,Verde,Green
2018,transport,2018-09-01,Total,35197,3,metro,Vermelha,Red
2018,transport,2018-09-01,Total,NA,5,metro,Lil<c3><a1>s,Lilac
2018,transport,2018-09-01,Total,445,15,metro,Prata,Silver
2018,transport,2018-09-01,Total,86258,99,metro,Sistema METRO,METRO System
2018,transport,2018-09-01,M<c3><a9>dia dos Dias <c3><9a>teis,1442,1,metro,Azul,Blue
2018,transport,2018-09-01,M<c3><a9>dia dos Dias <c3><9a>teis,705,2,metro,Verde,Green
2018,transport,2018-09-01,M<c3><a9>dia dos Dias <c3><9a>teis,1457,3,metro,Vermelha,Red
2018,transport,2018-09-01,M<c3><a9>dia dos Dias <c3><9a>teis,NA,5,metro,Lil<c3><a1>s,Lilac
2018,transport,2018-09-01,M<c3><a9>dia dos Dias <c3><9a>teis,23,15,metro,Prata,Silver
2018,transport,2018-09-01,M<c3><a9>dia dos Dias <c3><9a>teis,3626,99,metro,Sistema METRO,METRO System
2018,transport,2018-09-01,M<c3><a9>dia dos S<c3><a1>bados,822,1,metro,Azul,Blue
2018,transport,2018-09-01,M<c3><a9>dia dos S<c3><a1>bados,321,2,metro,Verde,Green
2018,transport,2018-09-01,M<c3><a9>dia dos S<c3><a1>bados,870,3,metro,Vermelha,Red
2018,transport,2018-09-01,M<c3><a9>dia dos S<c3><a1>bados,NA,5,metro,Lil<c3><a1>s,Lilac
2018,transport,2018-09-01,M<c3><a9>dia dos S<c3><a1>bados,3,15,metro,Prata,Silver
2018,transport,2018-09-01,M<c3><a9>dia dos S<c3><a1>bados,2015,99,metro,Sistema METRO,METRO System
2018,transport,2018-09-01,M<c3><a9>dia dos Domingos,465,1,metro,Azul,Blue
2018,transport,2018-09-01,M<c3><a9>dia dos Domingos,202,2,metro,Verde,Green
2018,transport,2018-09-01,M<c3><a9>dia dos Domingos,515,3,metro,Vermelha,Red
2018,transport,2018-09-01,M<c3><a9>dia dos Domingos,NA,5,metro,Lil<c3><a1>s,Lilac
2018,transport,2018-09-01,M<c3><a9>dia dos Domingos,2,15,metro,Prata,Silver
2018,transport,2018-09-01,M<c3><a9>dia dos Domingos,1182,99,metro,Sistema METRO,METRO System
2018,transport,2018-09-01,M<c3><a1>xima Di<c3><a1>ria,1521,1,metro,Azul,Blue
2018,transport,2018-09-01,M<c3><a1>xima Di<c3><a1>ria,733,2,metro,Verde,Green
2018,transport,2018-09-01,M<c3><a1>xima Di<c3><a1>ria,1544,3,metro,Vermelha,Red
2018,transport,2018-09-01,M<c3><a1>xima Di<c3><a1>ria,NA,5,metro,Lil<c3><a1>s,Lilac
2018,transport,2018-09-01,M<c3><a1>xima Di<c3><a1>ria,23,15,metro,Prata,Silver
2018,transport,2018-09-01,M<c3><a1>xima Di<c3><a1>ria,3820,99,metro,Sistema METRO,METRO System
2018,transport,2018-10-01,Total,38308,1,metro,Azul,Blue
2018,transport,2018-10-01,Total,18431,2,metro,Verde,Green
2018,transport,2018-10-01,Total,38145,3,metro,Vermelha,Red
2018,transport,2018-10-01,Total,NA,5,metro,Lil<c3><a1>s,Lilac
2018,transport,2018-10-01,Total,498,15,metro,Prata,Silver
2018,transport,2018-10-01,Total,95383,99,metro,Sistema METRO,METRO System
2018,transport,2018-10-01,M<c3><a9>dia dos Dias <c3><9a>teis,1477,1,metro,Azul,Blue
2018,transport,2018-10-01,M<c3><a9>dia dos Dias <c3><9a>teis,731,2,metro,Verde,Green
2018,transport,2018-10-01,M<c3><a9>dia dos Dias <c3><9a>teis,1460,3,metro,Vermelha,Red
2018,transport,2018-10-01,M<c3><a9>dia dos Dias <c3><9a>teis,NA,5,metro,Lil<c3><a1>s,Lilac
2018,transport,2018-10-01,M<c3><a9>dia dos Dias <c3><9a>teis,22,15,metro,Prata,Silver
2018,transport,2018-10-01,M<c3><a9>dia dos Dias <c3><9a>teis,3690,99,metro,Sistema METRO,METRO System
2018,transport,2018-10-01,M<c3><a9>dia dos S<c3><a1>bados,836,1,metro,Azul,Blue
2018,transport,2018-10-01,M<c3><a9>dia dos S<c3><a1>bados,326,2,metro,Verde,Green
2018,transport,2018-10-01,M<c3><a9>dia dos S<c3><a1>bados,854,3,metro,Vermelha,Red
2018,transport,2018-10-01,M<c3><a9>dia dos S<c3><a1>bados,NA,5,metro,Lil<c3><a1>s,Lilac
2018,transport,2018-10-01,M<c3><a9>dia dos S<c3><a1>bados,NA,15,metro,Prata,Silver
2018,transport,2018-10-01,M<c3><a9>dia dos S<c3><a1>bados,2016,99,metro,Sistema METRO,METRO System
2018,transport,2018-10-01,M<c3><a9>dia dos Domingos,482,1,metro,Azul,Blue
2018,transport,2018-10-01,M<c3><a9>dia dos Domingos,204,2,metro,Verde,Green
2018,transport,2018-10-01,M<c3><a9>dia dos Domingos,505,3,metro,Vermelha,Red
2018,transport,2018-10-01,M<c3><a9>dia dos Domingos,NA,5,metro,Lil<c3><a1>s,Lilac
2018,transport,2018-10-01,M<c3><a9>dia dos Domingos,4,15,metro,Prata,Silver
2018,transport,2018-10-01,M<c3><a9>dia dos Domingos,1194,99,metro,Sistema METRO,METRO System
2018,transport,2018-10-01,M<c3><a1>xima Di<c3><a1>ria,1524,1,metro,Azul,Blue
2018,transport,2018-10-01,M<c3><a1>xima Di<c3><a1>ria,771,2,metro,Verde,Green
2018,transport,2018-10-01,M<c3><a1>xima Di<c3><a1>ria,1527,3,metro,Vermelha,Red
2018,transport,2018-10-01,M<c3><a1>xima Di<c3><a1>ria,NA,5,metro,Lil<c3><a1>s,Lilac
2018,transport,2018-10-01,M<c3><a1>xima Di<c3><a1>ria,25,15,metro,Prata,Silver
2018,transport,2018-10-01,M<c3><a1>xima Di<c3><a1>ria,3799,99,metro,Sistema METRO,METRO System
2018,transport,2018-11-01,Total,35499,1,metro,Azul,Blue
2018,transport,2018-11-01,Total,16888,2,metro,Verde,Green
2018,transport,2018-11-01,Total,35008,3,metro,Vermelha,Red
2018,transport,2018-11-01,Total,NA,5,metro,Lil<c3><a1>s,Lilac
2018,transport,2018-11-01,Total,398,15,metro,Prata,Silver
2018,transport,2018-11-01,Total,87792,99,metro,Sistema METRO,METRO System
2018,transport,2018-11-01,M<c3><a9>dia dos Dias <c3><9a>teis,1538,1,metro,Azul,Blue
2018,transport,2018-11-01,M<c3><a9>dia dos Dias <c3><9a>teis,769,2,metro,Verde,Green
2018,transport,2018-11-01,M<c3><a9>dia dos Dias <c3><9a>teis,1493,3,metro,Vermelha,Red
2018,transport,2018-11-01,M<c3><a9>dia dos Dias <c3><9a>teis,NA,5,metro,Lil<c3><a1>s,Lilac
2018,transport,2018-11-01,M<c3><a9>dia dos Dias <c3><9a>teis,23,15,metro,Prata,Silver
2018,transport,2018-11-01,M<c3><a9>dia dos Dias <c3><9a>teis,3822,99,metro,Sistema METRO,METRO System
2018,transport,2018-11-01,M<c3><a9>dia dos S<c3><a1>bados,843,1,metro,Azul,Blue
2018,transport,2018-11-01,M<c3><a9>dia dos S<c3><a1>bados,326,2,metro,Verde,Green
2018,transport,2018-11-01,M<c3><a9>dia dos S<c3><a1>bados,864,3,metro,Vermelha,Red
2018,transport,2018-11-01,M<c3><a9>dia dos S<c3><a1>bados,NA,5,metro,Lil<c3><a1>s,Lilac
2018,transport,2018-11-01,M<c3><a9>dia dos S<c3><a1>bados,6,15,metro,Prata,Silver
2018,transport,2018-11-01,M<c3><a9>dia dos S<c3><a1>bados,2034,99,metro,Sistema METRO,METRO System
2018,transport,2018-11-01,M<c3><a9>dia dos Domingos,499,1,metro,Azul,Blue
2018,transport,2018-11-01,M<c3><a9>dia dos Domingos,216,2,metro,Verde,Green
2018,transport,2018-11-01,M<c3><a9>dia dos Domingos,523,3,metro,Vermelha,Red
2018,transport,2018-11-01,M<c3><a9>dia dos Domingos,NA,5,metro,Lil<c3><a1>s,Lilac
2018,transport,2018-11-01,M<c3><a9>dia dos Domingos,4,15,metro,Prata,Silver
2018,transport,2018-11-01,M<c3><a9>dia dos Domingos,1240,99,metro,Sistema METRO,METRO System
2018,transport,2018-11-01,M<c3><a1>xima Di<c3><a1>ria,1611,1,metro,Azul,Blue
2018,transport,2018-11-01,M<c3><a1>xima Di<c3><a1>ria,804,2,metro,Verde,Green
2018,transport,2018-11-01,M<c3><a1>xima Di<c3><a1>ria,1571,3,metro,Vermelha,Red
2018,transport,2018-11-01,M<c3><a1>xima Di<c3><a1>ria,NA,5,metro,Lil<c3><a1>s,Lilac
2018,transport,2018-11-01,M<c3><a1>xima Di<c3><a1>ria,25,15,metro,Prata,Silver
2018,transport,2018-11-01,M<c3><a1>xima Di<c3><a1>ria,4009,99,metro,Sistema METRO,METRO System
2018,transport,2018-12-01,Total,34213,1,metro,Azul,Blue
2018,transport,2018-12-01,Total,16283,2,metro,Verde,Green
2018,transport,2018-12-01,Total,34178,3,metro,Vermelha,Red
2018,transport,2018-12-01,Total,NA,5,metro,Lil<c3><a1>s,Lilac
2018,transport,2018-12-01,Total,710,15,metro,Prata,Silver
2018,transport,2018-12-01,Total,85383,99,metro,Sistema METRO,METRO System
2018,transport,2018-12-01,M<c3><a9>dia dos Dias <c3><9a>teis,1425,1,metro,Azul,Blue
2018,transport,2018-12-01,M<c3><a9>dia dos Dias <c3><9a>teis,711,2,metro,Verde,Green
2018,transport,2018-12-01,M<c3><a9>dia dos Dias <c3><9a>teis,1399,3,metro,Vermelha,Red
2018,transport,2018-12-01,M<c3><a9>dia dos Dias <c3><9a>teis,NA,5,metro,Lil<c3><a1>s,Lilac
2018,transport,2018-12-01,M<c3><a9>dia dos Dias <c3><9a>teis,32,15,metro,Prata,Silver
2018,transport,2018-12-01,M<c3><a9>dia dos Dias <c3><9a>teis,3567,99,metro,Sistema METRO,METRO System
2018,transport,2018-12-01,M<c3><a9>dia dos S<c3><a1>bados,890,1,metro,Azul,Blue
2018,transport,2018-12-01,M<c3><a9>dia dos S<c3><a1>bados,342,2,metro,Verde,Green
2018,transport,2018-12-01,M<c3><a9>dia dos S<c3><a1>bados,933,3,metro,Vermelha,Red
2018,transport,2018-12-01,M<c3><a9>dia dos S<c3><a1>bados,NA,5,metro,Lil<c3><a1>s,Lilac
2018,transport,2018-12-01,M<c3><a9>dia dos S<c3><a1>bados,14,15,metro,Prata,Silver
2018,transport,2018-12-01,M<c3><a9>dia dos S<c3><a1>bados,2179,99,metro,Sistema METRO,METRO System
2018,transport,2018-12-01,M<c3><a9>dia dos Domingos,543,1,metro,Azul,Blue
2018,transport,2018-12-01,M<c3><a9>dia dos Domingos,237,2,metro,Verde,Green
2018,transport,2018-12-01,M<c3><a9>dia dos Domingos,573,3,metro,Vermelha,Red
2018,transport,2018-12-01,M<c3><a9>dia dos Domingos,NA,5,metro,Lil<c3><a1>s,Lilac
2018,transport,2018-12-01,M<c3><a9>dia dos Domingos,9,15,metro,Prata,Silver
2018,transport,2018-12-01,M<c3><a9>dia dos Domingos,1361,99,metro,Sistema METRO,METRO System
2018,transport,2018-12-01,M<c3><a1>xima Di<c3><a1>ria,1585,1,metro,Azul,Blue
2018,transport,2018-12-01,M<c3><a1>xima Di<c3><a1>ria,786,2,metro,Verde,Green
2018,transport,2018-12-01,M<c3><a1>xima Di<c3><a1>ria,1552,3,metro,Vermelha,Red
2018,transport,2018-12-01,M<c3><a1>xima Di<c3><a1>ria,NA,5,metro,Lil<c3><a1>s,Lilac
2018,transport,2018-12-01,M<c3><a1>xima Di<c3><a1>ria,37,15,metro,Prata,Silver
2018,transport,2018-12-01,M<c3><a1>xima Di<c3><a1>ria,3957,99,metro,Sistema METRO,METRO System
2019,entrance,2019-01-01,Total,23584,1,metro,Azul,Blue
2019,entrance,2019-01-01,Total,12656,2,metro,Verde,Green
2019,entrance,2019-01-01,Total,26236,3,metro,Vermelha,Red
2019,entrance,2019-01-01,Total,504,15,metro,Prata,Silver
2019,entrance,2019-01-01,Total,62980,99,metro,Sistema METRO,METRO System
2019,entrance,2019-01-01,M<c3><a9>dia dos Dias <c3><9a>teis,931,1,metro,Azul,Blue
2019,entrance,2019-01-01,M<c3><a9>dia dos Dias <c3><9a>teis,515,2,metro,Verde,Green
2019,entrance,2019-01-01,M<c3><a9>dia dos Dias <c3><9a>teis,1024,3,metro,Vermelha,Red
2019,entrance,2019-01-01,M<c3><a9>dia dos Dias <c3><9a>teis,20,15,metro,Prata,Silver
2019,entrance,2019-01-01,M<c3><a9>dia dos Dias <c3><9a>teis,2491,99,metro,Sistema METRO,METRO System
2019,entrance,2019-01-01,M<c3><a9>dia dos S<c3><a1>bados,522,1,metro,Azul,Blue
2019,entrance,2019-01-01,M<c3><a9>dia dos S<c3><a1>bados,224,2,metro,Verde,Green
2019,entrance,2019-01-01,M<c3><a9>dia dos S<c3><a1>bados,596,3,metro,Vermelha,Red
2019,entrance,2019-01-01,M<c3><a9>dia dos S<c3><a1>bados,10,15,metro,Prata,Silver
2019,entrance,2019-01-01,M<c3><a9>dia dos S<c3><a1>bados,1352,99,metro,Sistema METRO,METRO System
2019,entrance,2019-01-01,M<c3><a9>dia dos Domingos,321,1,metro,Azul,Blue
2019,entrance,2019-01-01,M<c3><a9>dia dos Domingos,158,2,metro,Verde,Green
2019,entrance,2019-01-01,M<c3><a9>dia dos Domingos,385,3,metro,Vermelha,Red
2019,entrance,2019-01-01,M<c3><a9>dia dos Domingos,6,15,metro,Prata,Silver
2019,entrance,2019-01-01,M<c3><a9>dia dos Domingos,871,99,metro,Sistema METRO,METRO System
2019,entrance,2019-01-01,M<c3><a1>xima Di<c3><a1>ria,1004,1,metro,Azul,Blue
2019,entrance,2019-01-01,M<c3><a1>xima Di<c3><a1>ria,580,2,metro,Verde,Green
2019,entrance,2019-01-01,M<c3><a1>xima Di<c3><a1>ria,1111,3,metro,Vermelha,Red
2019,entrance,2019-01-01,M<c3><a1>xima Di<c3><a1>ria,25,15,metro,Prata,Silver
2019,entrance,2019-01-01,M<c3><a1>xima Di<c3><a1>ria,2709,99,metro,Sistema METRO,METRO System
2019,entrance,2019-02-01,Total,25529,1,metro,Azul,Blue
2019,entrance,2019-02-01,Total,14089,2,metro,Verde,Green
2019,entrance,2019-02-01,Total,28116,3,metro,Vermelha,Red
2019,entrance,2019-02-01,Total,606,15,metro,Prata,Silver
2019,entrance,2019-02-01,Total,68339,99,metro,Sistema METRO,METRO System
2019,entrance,2019-02-01,M<c3><a9>dia dos Dias <c3><9a>teis,1085,1,metro,Azul,Blue
2019,entrance,2019-02-01,M<c3><a9>dia dos Dias <c3><9a>teis,612,2,metro,Verde,Green
2019,entrance,2019-02-01,M<c3><a9>dia dos Dias <c3><9a>teis,1180,3,metro,Vermelha,Red
2019,entrance,2019-02-01,M<c3><a9>dia dos Dias <c3><9a>teis,27,15,metro,Prata,Silver
2019,entrance,2019-02-01,M<c3><a9>dia dos Dias <c3><9a>teis,2905,99,metro,Sistema METRO,METRO System
2019,entrance,2019-02-01,M<c3><a9>dia dos S<c3><a1>bados,611,1,metro,Azul,Blue
2019,entrance,2019-02-01,M<c3><a9>dia dos S<c3><a1>bados,280,2,metro,Verde,Green
2019,entrance,2019-02-01,M<c3><a9>dia dos S<c3><a1>bados,698,3,metro,Vermelha,Red
2019,entrance,2019-02-01,M<c3><a9>dia dos S<c3><a1>bados,12,15,metro,Prata,Silver
2019,entrance,2019-02-01,M<c3><a9>dia dos S<c3><a1>bados,1601,99,metro,Sistema METRO,METRO System
2019,entrance,2019-02-01,M<c3><a9>dia dos Domingos,344,1,metro,Azul,Blue
2019,entrance,2019-02-01,M<c3><a9>dia dos Domingos,184,2,metro,Verde,Green
2019,entrance,2019-02-01,M<c3><a9>dia dos Domingos,429,3,metro,Vermelha,Red
2019,entrance,2019-02-01,M<c3><a9>dia dos Domingos,5,15,metro,Prata,Silver
2019,entrance,2019-02-01,M<c3><a9>dia dos Domingos,962,99,metro,Sistema METRO,METRO System
2019,entrance,2019-02-01,M<c3><a1>xima Di<c3><a1>ria,1146,1,metro,Azul,Blue
2019,entrance,2019-02-01,M<c3><a1>xima Di<c3><a1>ria,642,2,metro,Verde,Green
2019,entrance,2019-02-01,M<c3><a1>xima Di<c3><a1>ria,1241,3,metro,Vermelha,Red
2019,entrance,2019-02-01,M<c3><a1>xima Di<c3><a1>ria,30,15,metro,Prata,Silver
2019,entrance,2019-02-01,M<c3><a1>xima Di<c3><a1>ria,3053,99,metro,Sistema METRO,METRO System
2019,entrance,NA,Total,26734,1,metro,Azul,Blue
2019,entrance,NA,Total,14689,2,metro,Verde,Green
2019,entrance,NA,Total,29901,3,metro,Vermelha,Red
2019,entrance,NA,Total,767,15,metro,Prata,Silver
2019,entrance,NA,Total,72091,99,metro,Sistema METRO,METRO System
2019,entrance,NA,M<c3><a9>dia dos Dias <c3><9a>teis,1123,1,metro,Azul,Blue
2019,entrance,NA,M<c3><a9>dia dos Dias <c3><9a>teis,638,2,metro,Verde,Green
2019,entrance,NA,M<c3><a9>dia dos Dias <c3><9a>teis,1221,3,metro,Vermelha,Red
2019,entrance,NA,M<c3><a9>dia dos Dias <c3><9a>teis,34,15,metro,Prata,Silver
2019,entrance,NA,M<c3><a9>dia dos Dias <c3><9a>teis,3017,99,metro,Sistema METRO,METRO System
2019,entrance,NA,M<c3><a9>dia dos S<c3><a1>bados,610,1,metro,Azul,Blue
2019,entrance,NA,M<c3><a9>dia dos S<c3><a1>bados,281,2,metro,Verde,Green
2019,entrance,NA,M<c3><a9>dia dos S<c3><a1>bados,724,3,metro,Vermelha,Red
2019,entrance,NA,M<c3><a9>dia dos S<c3><a1>bados,14,15,metro,Prata,Silver
2019,entrance,NA,M<c3><a9>dia dos S<c3><a1>bados,1629,99,metro,Sistema METRO,METRO System
2019,entrance,NA,M<c3><a9>dia dos Domingos,337,1,metro,Azul,Blue
2019,entrance,NA,M<c3><a9>dia dos Domingos,180,2,metro,Verde,Green
2019,entrance,NA,M<c3><a9>dia dos Domingos,461,3,metro,Vermelha,Red
2019,entrance,NA,M<c3><a9>dia dos Domingos,8,15,metro,Prata,Silver
2019,entrance,NA,M<c3><a9>dia dos Domingos,986,99,metro,Sistema METRO,METRO System
2019,entrance,NA,M<c3><a1>xima Di<c3><a1>ria,1148,1,metro,Azul,Blue
2019,entrance,NA,M<c3><a1>xima Di<c3><a1>ria,666,2,metro,Verde,Green
2019,entrance,NA,M<c3><a1>xima Di<c3><a1>ria,1257,3,metro,Vermelha,Red
2019,entrance,NA,M<c3><a1>xima Di<c3><a1>ria,40,15,metro,Prata,Silver
2019,entrance,NA,M<c3><a1>xima Di<c3><a1>ria,3096,99,metro,Sistema METRO,METRO System
2019,entrance,2019-04-01,Total,27542,1,metro,Azul,Blue
2019,entrance,2019-04-01,Total,15516,2,metro,Verde,Green
2019,entrance,2019-04-01,Total,30584,3,metro,Vermelha,Red
2019,entrance,2019-04-01,Total,856,15,metro,Prata,Silver
2019,entrance,2019-04-01,Total,74498,99,metro,Sistema METRO,METRO System
2019,entrance,2019-04-01,M<c3><a9>dia dos Dias <c3><9a>teis,1126,1,metro,Azul,Blue
2019,entrance,2019-04-01,M<c3><a9>dia dos Dias <c3><9a>teis,648,2,metro,Verde,Green
2019,entrance,2019-04-01,M<c3><a9>dia dos Dias <c3><9a>teis,1227,3,metro,Vermelha,Red
2019,entrance,2019-04-01,M<c3><a9>dia dos Dias <c3><9a>teis,36,15,metro,Prata,Silver
2019,entrance,2019-04-01,M<c3><a9>dia dos Dias <c3><9a>teis,3037,99,metro,Sistema METRO,METRO System
2019,entrance,2019-04-01,M<c3><a9>dia dos S<c3><a1>bados,579,1,metro,Azul,Blue
2019,entrance,2019-04-01,M<c3><a9>dia dos S<c3><a1>bados,267,2,metro,Verde,Green
2019,entrance,2019-04-01,M<c3><a9>dia dos S<c3><a1>bados,704,3,metro,Vermelha,Red
2019,entrance,2019-04-01,M<c3><a9>dia dos S<c3><a1>bados,15,15,metro,Prata,Silver
2019,entrance,2019-04-01,M<c3><a9>dia dos S<c3><a1>bados,1565,99,metro,Sistema METRO,METRO System
2019,entrance,2019-04-01,M<c3><a9>dia dos Domingos,318,1,metro,Azul,Blue
2019,entrance,2019-04-01,M<c3><a9>dia dos Domingos,170,2,metro,Verde,Green
2019,entrance,2019-04-01,M<c3><a9>dia dos Domingos,402,3,metro,Vermelha,Red
2019,entrance,2019-04-01,M<c3><a9>dia dos Domingos,8,15,metro,Prata,Silver
2019,entrance,2019-04-01,M<c3><a9>dia dos Domingos,897,99,metro,Sistema METRO,METRO System
2019,entrance,2019-04-01,M<c3><a1>xima Di<c3><a1>ria,1153,1,metro,Azul,Blue
2019,entrance,2019-04-01,M<c3><a1>xima Di<c3><a1>ria,659,2,metro,Verde,Green
2019,entrance,2019-04-01,M<c3><a1>xima Di<c3><a1>ria,1256,3,metro,Vermelha,Red
2019,entrance,2019-04-01,M<c3><a1>xima Di<c3><a1>ria,37,15,metro,Prata,Silver
2019,entrance,2019-04-01,M<c3><a1>xima Di<c3><a1>ria,3090,99,metro,Sistema METRO,METRO System
2019,entrance,2019-05-01,Total,28416,1,metro,Azul,Blue
2019,entrance,2019-05-01,Total,15705,2,metro,Verde,Green
2019,entrance,2019-05-01,Total,31728,3,metro,Vermelha,Red
2019,entrance,2019-05-01,Total,1052,15,metro,Prata,Silver
2019,entrance,2019-05-01,Total,76901,99,metro,Sistema METRO,METRO System
2019,entrance,2019-05-01,M<c3><a9>dia dos Dias <c3><9a>teis,1106,1,metro,Azul,Blue
2019,entrance,2019-05-01,M<c3><a9>dia dos Dias <c3><9a>teis,625,2,metro,Verde,Green
2019,entrance,2019-05-01,M<c3><a9>dia dos Dias <c3><9a>teis,1216,3,metro,Vermelha,Red
2019,entrance,2019-05-01,M<c3><a9>dia dos Dias <c3><9a>teis,42,15,metro,Prata,Silver
2019,entrance,2019-05-01,M<c3><a9>dia dos Dias <c3><9a>teis,2989,99,metro,Sistema METRO,METRO System
2019,entrance,2019-05-01,M<c3><a9>dia dos S<c3><a1>bados,604,1,metro,Azul,Blue
2019,entrance,2019-05-01,M<c3><a9>dia dos S<c3><a1>bados,273,2,metro,Verde,Green
2019,entrance,2019-05-01,M<c3><a9>dia dos S<c3><a1>bados,729,3,metro,Vermelha,Red
2019,entrance,2019-05-01,M<c3><a9>dia dos S<c3><a1>bados,18,15,metro,Prata,Silver
2019,entrance,2019-05-01,M<c3><a9>dia dos S<c3><a1>bados,1624,99,metro,Sistema METRO,METRO System
2019,entrance,2019-05-01,M<c3><a9>dia dos Domingos,331,1,metro,Azul,Blue
2019,entrance,2019-05-01,M<c3><a9>dia dos Domingos,170,2,metro,Verde,Green
2019,entrance,2019-05-01,M<c3><a9>dia dos Domingos,402,3,metro,Vermelha,Red
2019,entrance,2019-05-01,M<c3><a9>dia dos Domingos,10,15,metro,Prata,Silver
2019,entrance,2019-05-01,M<c3><a9>dia dos Domingos,913,99,metro,Sistema METRO,METRO System
2019,entrance,2019-05-01,M<c3><a1>xima Di<c3><a1>ria,1145,1,metro,Azul,Blue
2019,entrance,2019-05-01,M<c3><a1>xima Di<c3><a1>ria,676,2,metro,Verde,Green
2019,entrance,2019-05-01,M<c3><a1>xima Di<c3><a1>ria,1254,3,metro,Vermelha,Red
2019,entrance,2019-05-01,M<c3><a1>xima Di<c3><a1>ria,46,15,metro,Prata,Silver
2019,entrance,2019-05-01,M<c3><a1>xima Di<c3><a1>ria,3079,99,metro,Sistema METRO,METRO System
2019,entrance,2019-06-01,Total,23993,1,metro,Azul,Blue
2019,entrance,2019-06-01,Total,13279,2,metro,Verde,Green
2019,entrance,2019-06-01,Total,27103,3,metro,Vermelha,Red
2019,entrance,2019-06-01,Total,934,15,metro,Prata,Silver
2019,entrance,2019-06-01,Total,65308,99,metro,Sistema METRO,METRO System
2019,entrance,2019-06-01,M<c3><a9>dia dos Dias <c3><9a>teis,1058,1,metro,Azul,Blue
2019,entrance,2019-06-01,M<c3><a9>dia dos Dias <c3><9a>teis,602,2,metro,Verde,Green
2019,entrance,2019-06-01,M<c3><a9>dia dos Dias <c3><9a>teis,1177,3,metro,Vermelha,Red
2019,entrance,2019-06-01,M<c3><a9>dia dos Dias <c3><9a>teis,44,15,metro,Prata,Silver
2019,entrance,2019-06-01,M<c3><a9>dia dos Dias <c3><9a>teis,2881,99,metro,Sistema METRO,METRO System
2019,entrance,2019-06-01,M<c3><a9>dia dos S<c3><a1>bados,580,1,metro,Azul,Blue
2019,entrance,2019-06-01,M<c3><a9>dia dos S<c3><a1>bados,261,2,metro,Verde,Green
2019,entrance,2019-06-01,M<c3><a9>dia dos S<c3><a1>bados,699,3,metro,Vermelha,Red
2019,entrance,2019-06-01,M<c3><a9>dia dos S<c3><a1>bados,19,15,metro,Prata,Silver
2019,entrance,2019-06-01,M<c3><a9>dia dos S<c3><a1>bados,1558,99,metro,Sistema METRO,METRO System
2019,entrance,2019-06-01,M<c3><a9>dia dos Domingos,321,1,metro,Azul,Blue
2019,entrance,2019-06-01,M<c3><a9>dia dos Domingos,180,2,metro,Verde,Green
2019,entrance,2019-06-01,M<c3><a9>dia dos Domingos,367,3,metro,Vermelha,Red
2019,entrance,2019-06-01,M<c3><a9>dia dos Domingos,11,15,metro,Prata,Silver
2019,entrance,2019-06-01,M<c3><a9>dia dos Domingos,879,99,metro,Sistema METRO,METRO System
2019,entrance,2019-06-01,M<c3><a1>xima Di<c3><a1>ria,1115,1,metro,Azul,Blue
2019,entrance,2019-06-01,M<c3><a1>xima Di<c3><a1>ria,629,2,metro,Verde,Green
2019,entrance,2019-06-01,M<c3><a1>xima Di<c3><a1>ria,1231,3,metro,Vermelha,Red
2019,entrance,2019-06-01,M<c3><a1>xima Di<c3><a1>ria,46,15,metro,Prata,Silver
2019,entrance,2019-06-01,M<c3><a1>xima Di<c3><a1>ria,3014,99,metro,Sistema METRO,METRO System
2019,entrance,2019-07-01,Total,24713,1,metro,Azul,Blue
2019,entrance,2019-07-01,Total,13769,2,metro,Verde,Green
2019,entrance,2019-07-01,Total,28297,3,metro,Vermelha,Red
2019,entrance,2019-07-01,Total,981,15,metro,Prata,Silver
2019,entrance,2019-07-01,Total,67760,99,metro,Sistema METRO,METRO System
2019,entrance,2019-07-01,M<c3><a9>dia dos Dias <c3><9a>teis,953,1,metro,Azul,Blue
2019,entrance,2019-07-01,M<c3><a9>dia dos Dias <c3><9a>teis,547,2,metro,Verde,Green
2019,entrance,2019-07-01,M<c3><a9>dia dos Dias <c3><9a>teis,1084,3,metro,Vermelha,Red
2019,entrance,2019-07-01,M<c3><a9>dia dos Dias <c3><9a>teis,40,15,metro,Prata,Silver
2019,entrance,2019-07-01,M<c3><a9>dia dos Dias <c3><9a>teis,2624,99,metro,Sistema METRO,METRO System
2019,entrance,2019-07-01,M<c3><a9>dia dos S<c3><a1>bados,572,1,metro,Azul,Blue
2019,entrance,2019-07-01,M<c3><a9>dia dos S<c3><a1>bados,259,2,metro,Verde,Green
2019,entrance,2019-07-01,M<c3><a9>dia dos S<c3><a1>bados,675,3,metro,Vermelha,Red
2019,entrance,2019-07-01,M<c3><a9>dia dos S<c3><a1>bados,12,15,metro,Prata,Silver
2019,entrance,2019-07-01,M<c3><a9>dia dos S<c3><a1>bados,1517,99,metro,Sistema METRO,METRO System
2019,entrance,2019-07-01,M<c3><a9>dia dos Domingos,325,1,metro,Azul,Blue
2019,entrance,2019-07-01,M<c3><a9>dia dos Domingos,169,2,metro,Verde,Green
2019,entrance,2019-07-01,M<c3><a9>dia dos Domingos,390,3,metro,Vermelha,Red
2019,entrance,2019-07-01,M<c3><a9>dia dos Domingos,11,15,metro,Prata,Silver
2019,entrance,2019-07-01,M<c3><a9>dia dos Domingos,894,99,metro,Sistema METRO,METRO System
2019,entrance,2019-07-01,M<c3><a1>xima Di<c3><a1>ria,977,1,metro,Azul,Blue
2019,entrance,2019-07-01,M<c3><a1>xima Di<c3><a1>ria,572,2,metro,Verde,Green
2019,entrance,2019-07-01,M<c3><a1>xima Di<c3><a1>ria,1113,3,metro,Vermelha,Red
2019,entrance,2019-07-01,M<c3><a1>xima Di<c3><a1>ria,42,15,metro,Prata,Silver
2019,entrance,2019-07-01,M<c3><a1>xima Di<c3><a1>ria,2702,99,metro,Sistema METRO,METRO System
2019,entrance,2019-08-01,Total,27683,1,metro,Azul,Blue
2019,entrance,2019-08-01,Total,15461,2,metro,Verde,Green
2019,entrance,2019-08-01,Total,31037,3,metro,Vermelha,Red
2019,entrance,2019-08-01,Total,1139,15,metro,Prata,Silver
2019,entrance,2019-08-01,Total,75320,99,metro,Sistema METRO,METRO System
2019,entrance,2019-08-01,M<c3><a9>dia dos Dias <c3><9a>teis,1071,1,metro,Azul,Blue
2019,entrance,2019-08-01,M<c3><a9>dia dos Dias <c3><9a>teis,614,2,metro,Verde,Green
2019,entrance,2019-08-01,M<c3><a9>dia dos Dias <c3><9a>teis,1187,3,metro,Vermelha,Red
2019,entrance,2019-08-01,M<c3><a9>dia dos Dias <c3><9a>teis,46,15,metro,Prata,Silver
2019,entrance,2019-08-01,M<c3><a9>dia dos Dias <c3><9a>teis,2918,99,metro,Sistema METRO,METRO System
2019,entrance,2019-08-01,M<c3><a9>dia dos S<c3><a1>bados,578,1,metro,Azul,Blue
2019,entrance,2019-08-01,M<c3><a9>dia dos S<c3><a1>bados,263,2,metro,Verde,Green
2019,entrance,2019-08-01,M<c3><a9>dia dos S<c3><a1>bados,681,3,metro,Vermelha,Red
2019,entrance,2019-08-01,M<c3><a9>dia dos S<c3><a1>bados,15,15,metro,Prata,Silver
2019,entrance,2019-08-01,M<c3><a9>dia dos S<c3><a1>bados,1536,99,metro,Sistema METRO,METRO System
2019,entrance,2019-08-01,M<c3><a9>dia dos Domingos,306,1,metro,Azul,Blue
2019,entrance,2019-08-01,M<c3><a9>dia dos Domingos,161,2,metro,Verde,Green
2019,entrance,2019-08-01,M<c3><a9>dia dos Domingos,382,3,metro,Vermelha,Red
2019,entrance,2019-08-01,M<c3><a9>dia dos Domingos,10,15,metro,Prata,Silver
2019,entrance,2019-08-01,M<c3><a9>dia dos Domingos,860,99,metro,Sistema METRO,METRO System
2019,entrance,2019-08-01,M<c3><a1>xima Di<c3><a1>ria,1105,1,metro,Azul,Blue
2019,entrance,2019-08-01,M<c3><a1>xima Di<c3><a1>ria,634,2,metro,Verde,Green
2019,entrance,2019-08-01,M<c3><a1>xima Di<c3><a1>ria,1216,3,metro,Vermelha,Red
2019,entrance,2019-08-01,M<c3><a1>xima Di<c3><a1>ria,51,15,metro,Prata,Silver
2019,entrance,2019-08-01,M<c3><a1>xima Di<c3><a1>ria,2993,99,metro,Sistema METRO,METRO System
2019,entrance,2019-09-01,Total,26549,1,metro,Azul,Blue
2019,entrance,2019-09-01,Total,15238,2,metro,Verde,Green
2019,entrance,2019-09-01,Total,30216,3,metro,Vermelha,Red
2019,entrance,2019-09-01,Total,1211,15,metro,Prata,Silver
2019,entrance,2019-09-01,Total,73215,99,metro,Sistema METRO,METRO System
2019,entrance,2019-09-01,M<c3><a9>dia dos Dias <c3><9a>teis,1075,1,metro,Azul,Blue
2019,entrance,2019-09-01,M<c3><a9>dia dos Dias <c3><9a>teis,631,2,metro,Verde,Green
2019,entrance,2019-09-01,M<c3><a9>dia dos Dias <c3><9a>teis,1212,3,metro,Vermelha,Red
2019,entrance,2019-09-01,M<c3><a9>dia dos Dias <c3><9a>teis,51,15,metro,Prata,Silver
2019,entrance,2019-09-01,M<c3><a9>dia dos Dias <c3><9a>teis,2968,99,metro,Sistema METRO,METRO System
2019,entrance,2019-09-01,M<c3><a9>dia dos S<c3><a1>bados,576,1,metro,Azul,Blue
2019,entrance,2019-09-01,M<c3><a9>dia dos S<c3><a1>bados,273,2,metro,Verde,Green
2019,entrance,2019-09-01,M<c3><a9>dia dos S<c3><a1>bados,693,3,metro,Vermelha,Red
2019,entrance,2019-09-01,M<c3><a9>dia dos S<c3><a1>bados,20,15,metro,Prata,Silver
2019,entrance,2019-09-01,M<c3><a9>dia dos S<c3><a1>bados,1562,99,metro,Sistema METRO,METRO System
2019,entrance,2019-09-01,M<c3><a9>dia dos Domingos,335,1,metro,Azul,Blue
2019,entrance,2019-09-01,M<c3><a9>dia dos Domingos,181,2,metro,Verde,Green
2019,entrance,2019-09-01,M<c3><a9>dia dos Domingos,400,3,metro,Vermelha,Red
2019,entrance,2019-09-01,M<c3><a9>dia dos Domingos,13,15,metro,Prata,Silver
2019,entrance,2019-09-01,M<c3><a9>dia dos Domingos,929,99,metro,Sistema METRO,METRO System
2019,entrance,2019-09-01,M<c3><a1>xima Di<c3><a1>ria,1113,1,metro,Azul,Blue
2019,entrance,2019-09-01,M<c3><a1>xima Di<c3><a1>ria,652,2,metro,Verde,Green
2019,entrance,2019-09-01,M<c3><a1>xima Di<c3><a1>ria,1261,3,metro,Vermelha,Red
2019,entrance,2019-09-01,M<c3><a1>xima Di<c3><a1>ria,53,15,metro,Prata,Silver
2019,entrance,2019-09-01,M<c3><a1>xima Di<c3><a1>ria,3060,99,metro,Sistema METRO,METRO System
2019,entrance,2019-10-01,Total,29567,1,metro,Azul,Blue
2019,entrance,2019-10-01,Total,16774,2,metro,Verde,Green
2019,entrance,2019-10-01,Total,32289,3,metro,Vermelha,Red
2019,entrance,2019-10-01,Total,1362,15,metro,Prata,Silver
2019,entrance,2019-10-01,Total,79992,99,metro,Sistema METRO,METRO System
2019,entrance,2019-10-01,M<c3><a9>dia dos Dias <c3><9a>teis,1110,1,metro,Azul,Blue
2019,entrance,2019-10-01,M<c3><a9>dia dos Dias <c3><9a>teis,645,2,metro,Verde,Green
2019,entrance,2019-10-01,M<c3><a9>dia dos Dias <c3><9a>teis,1212,3,metro,Vermelha,Red
2019,entrance,2019-10-01,M<c3><a9>dia dos Dias <c3><9a>teis,53,15,metro,Prata,Silver
2019,entrance,2019-10-01,M<c3><a9>dia dos Dias <c3><9a>teis,3019,99,metro,Sistema METRO,METRO System
2019,entrance,2019-10-01,M<c3><a9>dia dos S<c3><a1>bados,656,1,metro,Azul,Blue
2019,entrance,2019-10-01,M<c3><a9>dia dos S<c3><a1>bados,298,2,metro,Verde,Green
2019,entrance,2019-10-01,M<c3><a9>dia dos S<c3><a1>bados,729,3,metro,Vermelha,Red
2019,entrance,2019-10-01,M<c3><a9>dia dos S<c3><a1>bados,26,15,metro,Prata,Silver
2019,entrance,2019-10-01,M<c3><a9>dia dos S<c3><a1>bados,1710,99,metro,Sistema METRO,METRO System
2019,entrance,2019-10-01,M<c3><a9>dia dos Domingos,384,1,metro,Azul,Blue
2019,entrance,2019-10-01,M<c3><a9>dia dos Domingos,199,2,metro,Verde,Green
2019,entrance,2019-10-01,M<c3><a9>dia dos Domingos,412,3,metro,Vermelha,Red
2019,entrance,2019-10-01,M<c3><a9>dia dos Domingos,12,15,metro,Prata,Silver
2019,entrance,2019-10-01,M<c3><a9>dia dos Domingos,1006,99,metro,Sistema METRO,METRO System
2019,entrance,2019-10-01,M<c3><a1>xima Di<c3><a1>ria,1157,1,metro,Azul,Blue
2019,entrance,2019-10-01,M<c3><a1>xima Di<c3><a1>ria,661,2,metro,Verde,Green
2019,entrance,2019-10-01,M<c3><a1>xima Di<c3><a1>ria,1261,3,metro,Vermelha,Red
2019,entrance,2019-10-01,M<c3><a1>xima Di<c3><a1>ria,55,15,metro,Prata,Silver
2019,entrance,2019-10-01,M<c3><a1>xima Di<c3><a1>ria,3125,99,metro,Sistema METRO,METRO System
2019,entrance,2019-11-01,Total,26079,1,metro,Azul,Blue
2019,entrance,2019-11-01,Total,14864,2,metro,Verde,Green
2019,entrance,2019-11-01,Total,29347,3,metro,Vermelha,Red
2019,entrance,2019-11-01,Total,1127,15,metro,Prata,Silver
2019,entrance,2019-11-01,Total,71417,99,metro,Sistema METRO,METRO System
2019,entrance,2019-11-01,M<c3><a9>dia dos Dias <c3><9a>teis,1103,1,metro,Azul,Blue
2019,entrance,2019-11-01,M<c3><a9>dia dos Dias <c3><9a>teis,647,2,metro,Verde,Green
2019,entrance,2019-11-01,M<c3><a9>dia dos Dias <c3><9a>teis,1222,3,metro,Vermelha,Red
2019,entrance,2019-11-01,M<c3><a9>dia dos Dias <c3><9a>teis,54,15,metro,Prata,Silver
2019,entrance,2019-11-01,M<c3><a9>dia dos Dias <c3><9a>teis,3026,99,metro,Sistema METRO,METRO System
2019,entrance,2019-11-01,M<c3><a9>dia dos S<c3><a1>bados,619,1,metro,Azul,Blue
2019,entrance,2019-11-01,M<c3><a9>dia dos S<c3><a1>bados,297,2,metro,Verde,Green
2019,entrance,2019-11-01,M<c3><a9>dia dos S<c3><a1>bados,722,3,metro,Vermelha,Red
2019,entrance,2019-11-01,M<c3><a9>dia dos S<c3><a1>bados,7,15,metro,Prata,Silver
2019,entrance,2019-11-01,M<c3><a9>dia dos S<c3><a1>bados,1645,99,metro,Sistema METRO,METRO System
2019,entrance,2019-11-01,M<c3><a9>dia dos Domingos,341,1,metro,Azul,Blue
2019,entrance,2019-11-01,M<c3><a9>dia dos Domingos,187,2,metro,Verde,Green
2019,entrance,2019-11-01,M<c3><a9>dia dos Domingos,409,3,metro,Vermelha,Red
2019,entrance,2019-11-01,M<c3><a9>dia dos Domingos,12,15,metro,Prata,Silver
2019,entrance,2019-11-01,M<c3><a9>dia dos Domingos,949,99,metro,Sistema METRO,METRO System
2019,entrance,2019-11-01,M<c3><a1>xima Di<c3><a1>ria,1146,1,metro,Azul,Blue
2019,entrance,2019-11-01,M<c3><a1>xima Di<c3><a1>ria,664,2,metro,Verde,Green
2019,entrance,2019-11-01,M<c3><a1>xima Di<c3><a1>ria,1267,3,metro,Vermelha,Red
2019,entrance,2019-11-01,M<c3><a1>xima Di<c3><a1>ria,55,15,metro,Prata,Silver
2019,entrance,2019-11-01,M<c3><a1>xima Di<c3><a1>ria,3126,99,metro,Sistema METRO,METRO System
2019,entrance,2019-12-01,Total,24167,1,metro,Azul,Blue
2019,entrance,2019-12-01,Total,13662,2,metro,Verde,Green
2019,entrance,2019-12-01,Total,27625,3,metro,Vermelha,Red
2019,entrance,2019-12-01,Total,1087,15,metro,Prata,Silver
2019,entrance,2019-12-01,Total,66541,99,metro,Sistema METRO,METRO System
2019,entrance,2019-12-01,M<c3><a9>dia dos Dias <c3><9a>teis,991,1,metro,Azul,Blue
2019,entrance,2019-12-01,M<c3><a9>dia dos Dias <c3><9a>teis,577,2,metro,Verde,Green
2019,entrance,2019-12-01,M<c3><a9>dia dos Dias <c3><9a>teis,1115,3,metro,Vermelha,Red
2019,entrance,2019-12-01,M<c3><a9>dia dos Dias <c3><9a>teis,50,15,metro,Prata,Silver
2019,entrance,2019-12-01,M<c3><a9>dia dos Dias <c3><9a>teis,2733,99,metro,Sistema METRO,METRO System
2019,entrance,2019-12-01,M<c3><a9>dia dos S<c3><a1>bados,629,1,metro,Azul,Blue
2019,entrance,2019-12-01,M<c3><a9>dia dos S<c3><a1>bados,288,2,metro,Verde,Green
2019,entrance,2019-12-01,M<c3><a9>dia dos S<c3><a1>bados,753,3,metro,Vermelha,Red
2019,entrance,2019-12-01,M<c3><a9>dia dos S<c3><a1>bados,13,15,metro,Prata,Silver
2019,entrance,2019-12-01,M<c3><a9>dia dos S<c3><a1>bados,1683,99,metro,Sistema METRO,METRO System
2019,entrance,2019-12-01,M<c3><a9>dia dos Domingos,373,1,metro,Azul,Blue
2019,entrance,2019-12-01,M<c3><a9>dia dos Domingos,206,2,metro,Verde,Green
2019,entrance,2019-12-01,M<c3><a9>dia dos Domingos,451,3,metro,Vermelha,Red
2019,entrance,2019-12-01,M<c3><a9>dia dos Domingos,7,15,metro,Prata,Silver
2019,entrance,2019-12-01,M<c3><a9>dia dos Domingos,1036,99,metro,Sistema METRO,METRO System
2019,entrance,2019-12-01,M<c3><a1>xima Di<c3><a1>ria,1124,1,metro,Azul,Blue
2019,entrance,2019-12-01,M<c3><a1>xima Di<c3><a1>ria,654,2,metro,Verde,Green
2019,entrance,2019-12-01,M<c3><a1>xima Di<c3><a1>ria,1233,3,metro,Vermelha,Red
2019,entrance,2019-12-01,M<c3><a1>xima Di<c3><a1>ria,55,15,metro,Prata,Silver
2019,entrance,2019-12-01,M<c3><a1>xima Di<c3><a1>ria,3059,99,metro,Sistema METRO,METRO System
2019,transport,2019-01-01,Total,32037,1,metro,Azul,Blue
2019,transport,2019-01-01,Total,15982,2,metro,Verde,Green
2019,transport,2019-01-01,Total,31644,3,metro,Vermelha,Red
2019,transport,2019-01-01,Total,903,15,metro,Prata,Silver
2019,transport,2019-01-01,Total,80567,99,metro,Sistema METRO,METRO System
2019,transport,2019-01-01,M<c3><a9>dia dos Dias <c3><9a>teis,1258,1,metro,Azul,Blue
2019,transport,2019-01-01,M<c3><a9>dia dos Dias <c3><9a>teis,648,2,metro,Verde,Green
2019,transport,2019-01-01,M<c3><a9>dia dos Dias <c3><9a>teis,1230,3,metro,Vermelha,Red
2019,transport,2019-01-01,M<c3><a9>dia dos Dias <c3><9a>teis,37,15,metro,Prata,Silver
2019,transport,2019-01-01,M<c3><a9>dia dos Dias <c3><9a>teis,3171,99,metro,Sistema METRO,METRO System
2019,transport,2019-01-01,M<c3><a9>dia dos S<c3><a1>bados,721,1,metro,Azul,Blue
2019,transport,2019-01-01,M<c3><a9>dia dos S<c3><a1>bados,292,2,metro,Verde,Green
2019,transport,2019-01-01,M<c3><a9>dia dos S<c3><a1>bados,736,3,metro,Vermelha,Red
2019,transport,2019-01-01,M<c3><a9>dia dos S<c3><a1>bados,17,15,metro,Prata,Silver
2019,transport,2019-01-01,M<c3><a9>dia dos S<c3><a1>bados,1767,99,metro,Sistema METRO,METRO System
2019,transport,2019-01-01,M<c3><a9>dia dos Domingos,454,1,metro,Azul,Blue
2019,transport,2019-01-01,M<c3><a9>dia dos Domingos,203,2,metro,Verde,Green
2019,transport,2019-01-01,M<c3><a9>dia dos Domingos,475,3,metro,Vermelha,Red
2019,transport,2019-01-01,M<c3><a9>dia dos Domingos,11,15,metro,Prata,Silver
2019,transport,2019-01-01,M<c3><a9>dia dos Domingos,1143,99,metro,Sistema METRO,METRO System
2019,transport,2019-01-01,M<c3><a1>xima Di<c3><a1>ria,1362,1,metro,Azul,Blue
2019,transport,2019-01-01,M<c3><a1>xima Di<c3><a1>ria,724,2,metro,Verde,Green
2019,transport,2019-01-01,M<c3><a1>xima Di<c3><a1>ria,1332,3,metro,Vermelha,Red
2019,transport,2019-01-01,M<c3><a1>xima Di<c3><a1>ria,46,15,metro,Prata,Silver
2019,transport,2019-01-01,M<c3><a1>xima Di<c3><a1>ria,3452,99,metro,Sistema METRO,METRO System
2019,transport,2019-02-01,Total,34705,1,metro,Azul,Blue
2019,transport,2019-02-01,Total,17728,2,metro,Verde,Green
2019,transport,2019-02-01,Total,33962,3,metro,Vermelha,Red
2019,transport,2019-02-01,Total,1086,15,metro,Prata,Silver
2019,transport,2019-02-01,Total,87481,99,metro,Sistema METRO,METRO System
2019,transport,2019-02-01,M<c3><a9>dia dos Dias <c3><9a>teis,1466,1,metro,Azul,Blue
2019,transport,2019-02-01,M<c3><a9>dia dos Dias <c3><9a>teis,768,2,metro,Verde,Green
2019,transport,2019-02-01,M<c3><a9>dia dos Dias <c3><9a>teis,1420,3,metro,Vermelha,Red
2019,transport,2019-02-01,M<c3><a9>dia dos Dias <c3><9a>teis,48,15,metro,Prata,Silver
2019,transport,2019-02-01,M<c3><a9>dia dos Dias <c3><9a>teis,3703,99,metro,Sistema METRO,METRO System
2019,transport,2019-02-01,M<c3><a9>dia dos S<c3><a1>bados,851,1,metro,Azul,Blue
2019,transport,2019-02-01,M<c3><a9>dia dos S<c3><a1>bados,360,2,metro,Verde,Green
2019,transport,2019-02-01,M<c3><a9>dia dos S<c3><a1>bados,864,3,metro,Vermelha,Red
2019,transport,2019-02-01,M<c3><a9>dia dos S<c3><a1>bados,21,15,metro,Prata,Silver
2019,transport,2019-02-01,M<c3><a9>dia dos S<c3><a1>bados,2096,99,metro,Sistema METRO,METRO System
2019,transport,2019-02-01,M<c3><a9>dia dos Domingos,495,1,metro,Azul,Blue
2019,transport,2019-02-01,M<c3><a9>dia dos Domingos,230,2,metro,Verde,Green
2019,transport,2019-02-01,M<c3><a9>dia dos Domingos,526,3,metro,Vermelha,Red
2019,transport,2019-02-01,M<c3><a9>dia dos Domingos,9,15,metro,Prata,Silver
2019,transport,2019-02-01,M<c3><a9>dia dos Domingos,1260,99,metro,Sistema METRO,METRO System
2019,transport,2019-02-01,M<c3><a1>xima Di<c3><a1>ria,1544,1,metro,Azul,Blue
2019,transport,2019-02-01,M<c3><a1>xima Di<c3><a1>ria,808,2,metro,Verde,Green
2019,transport,2019-02-01,M<c3><a1>xima Di<c3><a1>ria,1492,3,metro,Vermelha,Red
2019,transport,2019-02-01,M<c3><a1>xima Di<c3><a1>ria,54,15,metro,Prata,Silver
2019,transport,2019-02-01,M<c3><a1>xima Di<c3><a1>ria,3894,99,metro,Sistema METRO,METRO System
2019,transport,NA,Total,36580,1,metro,Azul,Blue
2019,transport,NA,Total,18610,2,metro,Verde,Green
2019,transport,NA,Total,36165,3,metro,Vermelha,Red
2019,transport,NA,Total,1374,15,metro,Prata,Silver
2019,transport,NA,Total,92728,99,metro,Sistema METRO,METRO System
2019,transport,NA,M<c3><a9>dia dos Dias <c3><9a>teis,1519,1,metro,Azul,Blue
2019,transport,NA,M<c3><a9>dia dos Dias <c3><9a>teis,807,2,metro,Verde,Green
2019,transport,NA,M<c3><a9>dia dos Dias <c3><9a>teis,1470,3,metro,Vermelha,Red
2019,transport,NA,M<c3><a9>dia dos Dias <c3><9a>teis,61,15,metro,Prata,Silver
2019,transport,NA,M<c3><a9>dia dos Dias <c3><9a>teis,3856,99,metro,Sistema METRO,METRO System
2019,transport,NA,M<c3><a9>dia dos S<c3><a1>bados,855,1,metro,Azul,Blue
2019,transport,NA,M<c3><a9>dia dos S<c3><a1>bados,363,2,metro,Verde,Green
2019,transport,NA,M<c3><a9>dia dos S<c3><a1>bados,890,3,metro,Vermelha,Red
2019,transport,NA,M<c3><a9>dia dos S<c3><a1>bados,25,15,metro,Prata,Silver
2019,transport,NA,M<c3><a9>dia dos S<c3><a1>bados,2133,99,metro,Sistema METRO,METRO System
2019,transport,NA,M<c3><a9>dia dos Domingos,493,1,metro,Azul,Blue
2019,transport,NA,M<c3><a9>dia dos Domingos,230,2,metro,Verde,Green
2019,transport,NA,M<c3><a9>dia dos Domingos,556,3,metro,Vermelha,Red
2019,transport,NA,M<c3><a9>dia dos Domingos,14,15,metro,Prata,Silver
2019,transport,NA,M<c3><a9>dia dos Domingos,1293,99,metro,Sistema METRO,METRO System
2019,transport,NA,M<c3><a1>xima Di<c3><a1>ria,1550,1,metro,Azul,Blue
2019,transport,NA,M<c3><a1>xima Di<c3><a1>ria,838,2,metro,Verde,Green
2019,transport,NA,M<c3><a1>xima Di<c3><a1>ria,1507,3,metro,Vermelha,Red
2019,transport,NA,M<c3><a1>xima Di<c3><a1>ria,72,15,metro,Prata,Silver
2019,transport,NA,M<c3><a1>xima Di<c3><a1>ria,3959,99,metro,Sistema METRO,METRO System
2019,transport,2019-04-01,Total,37571,1,metro,Azul,Blue
2019,transport,2019-04-01,Total,19637,2,metro,Verde,Green
2019,transport,2019-04-01,Total,36898,3,metro,Vermelha,Red
2019,transport,2019-04-01,Total,1532,15,metro,Prata,Silver
2019,transport,2019-04-01,Total,95638,99,metro,Sistema METRO,METRO System
2019,transport,2019-04-01,M<c3><a9>dia dos Dias <c3><9a>teis,1525,1,metro,Azul,Blue
2019,transport,2019-04-01,M<c3><a9>dia dos Dias <c3><9a>teis,818,2,metro,Verde,Green
2019,transport,2019-04-01,M<c3><a9>dia dos Dias <c3><9a>teis,1477,3,metro,Vermelha,Red
2019,transport,2019-04-01,M<c3><a9>dia dos Dias <c3><9a>teis,64,15,metro,Prata,Silver
2019,transport,2019-04-01,M<c3><a9>dia dos Dias <c3><9a>teis,3884,99,metro,Sistema METRO,METRO System
2019,transport,2019-04-01,M<c3><a9>dia dos S<c3><a1>bados,816,1,metro,Azul,Blue
2019,transport,2019-04-01,M<c3><a9>dia dos S<c3><a1>bados,347,2,metro,Verde,Green
2019,transport,2019-04-01,M<c3><a9>dia dos S<c3><a1>bados,861,3,metro,Vermelha,Red
2019,transport,2019-04-01,M<c3><a9>dia dos S<c3><a1>bados,27,15,metro,Prata,Silver
2019,transport,2019-04-01,M<c3><a9>dia dos S<c3><a1>bados,2051,99,metro,Sistema METRO,METRO System
2019,transport,2019-04-01,M<c3><a9>dia dos Domingos,459,1,metro,Azul,Blue
2019,transport,2019-04-01,M<c3><a9>dia dos Domingos,216,2,metro,Verde,Green
2019,transport,2019-04-01,M<c3><a9>dia dos Domingos,492,3,metro,Vermelha,Red
2019,transport,2019-04-01,M<c3><a9>dia dos Domingos,14,15,metro,Prata,Silver
2019,transport,2019-04-01,M<c3><a9>dia dos Domingos,1180,99,metro,Sistema METRO,METRO System
2019,transport,2019-04-01,M<c3><a1>xima Di<c3><a1>ria,1558,1,metro,Azul,Blue
2019,transport,2019-04-01,M<c3><a1>xima Di<c3><a1>ria,832,2,metro,Verde,Green
2019,transport,2019-04-01,M<c3><a1>xima Di<c3><a1>ria,1511,3,metro,Vermelha,Red
2019,transport,2019-04-01,M<c3><a1>xima Di<c3><a1>ria,66,15,metro,Prata,Silver
2019,transport,2019-04-01,M<c3><a1>xima Di<c3><a1>ria,3950,99,metro,Sistema METRO,METRO System
2019,transport,2019-05-01,Total,38705,1,metro,Azul,Blue
2019,transport,2019-05-01,Total,20076,2,metro,Verde,Green
2019,transport,2019-05-01,Total,38229,3,metro,Vermelha,Red
2019,transport,2019-05-01,Total,1808,15,metro,Prata,Silver
2019,transport,2019-05-01,Total,98818,99,metro,Sistema METRO,METRO System
2019,transport,2019-05-01,M<c3><a9>dia dos Dias <c3><9a>teis,1497,1,metro,Azul,Blue
2019,transport,2019-05-01,M<c3><a9>dia dos Dias <c3><9a>teis,797,2,metro,Verde,Green
2019,transport,2019-05-01,M<c3><a9>dia dos Dias <c3><9a>teis,1461,3,metro,Vermelha,Red
2019,transport,2019-05-01,M<c3><a9>dia dos Dias <c3><9a>teis,73,15,metro,Prata,Silver
2019,transport,2019-05-01,M<c3><a9>dia dos Dias <c3><9a>teis,3827,99,metro,Sistema METRO,METRO System
2019,transport,2019-05-01,M<c3><a9>dia dos S<c3><a1>bados,848,1,metro,Azul,Blue
2019,transport,2019-05-01,M<c3><a9>dia dos S<c3><a1>bados,358,2,metro,Verde,Green
2019,transport,2019-05-01,M<c3><a9>dia dos S<c3><a1>bados,893,3,metro,Vermelha,Red
2019,transport,2019-05-01,M<c3><a9>dia dos S<c3><a1>bados,31,15,metro,Prata,Silver
2019,transport,2019-05-01,M<c3><a9>dia dos S<c3><a1>bados,2129,99,metro,Sistema METRO,METRO System
2019,transport,2019-05-01,M<c3><a9>dia dos Domingos,471,1,metro,Azul,Blue
2019,transport,2019-05-01,M<c3><a9>dia dos Domingos,219,2,metro,Verde,Green
2019,transport,2019-05-01,M<c3><a9>dia dos Domingos,495,3,metro,Vermelha,Red
2019,transport,2019-05-01,M<c3><a9>dia dos Domingos,18,15,metro,Prata,Silver
2019,transport,2019-05-01,M<c3><a9>dia dos Domingos,1202,99,metro,Sistema METRO,METRO System
2019,transport,2019-05-01,M<c3><a1>xima Di<c3><a1>ria,1548,1,metro,Azul,Blue
2019,transport,2019-05-01,M<c3><a1>xima Di<c3><a1>ria,849,2,metro,Verde,Green
2019,transport,2019-05-01,M<c3><a1>xima Di<c3><a1>ria,1507,3,metro,Vermelha,Red
2019,transport,2019-05-01,M<c3><a1>xima Di<c3><a1>ria,77,15,metro,Prata,Silver
2019,transport,2019-05-01,M<c3><a1>xima Di<c3><a1>ria,3937,99,metro,Sistema METRO,METRO System
2019,transport,2019-06-01,Total,32903,1,metro,Azul,Blue
2019,transport,2019-06-01,Total,17003,2,metro,Verde,Green
2019,transport,2019-06-01,Total,32737,3,metro,Vermelha,Red
2019,transport,2019-06-01,Total,1644,15,metro,Prata,Silver
2019,transport,2019-06-01,Total,84286,99,metro,Sistema METRO,METRO System
2019,transport,2019-06-01,M<c3><a9>dia dos Dias <c3><9a>teis,1435,1,metro,Azul,Blue
2019,transport,2019-06-01,M<c3><a9>dia dos Dias <c3><9a>teis,771,2,metro,Verde,Green
2019,transport,2019-06-01,M<c3><a9>dia dos Dias <c3><9a>teis,1411,3,metro,Vermelha,Red
2019,transport,2019-06-01,M<c3><a9>dia dos Dias <c3><9a>teis,77,15,metro,Prata,Silver
2019,transport,2019-06-01,M<c3><a9>dia dos Dias <c3><9a>teis,3694,99,metro,Sistema METRO,METRO System
2019,transport,2019-06-01,M<c3><a9>dia dos S<c3><a1>bados,813,1,metro,Azul,Blue
2019,transport,2019-06-01,M<c3><a9>dia dos S<c3><a1>bados,343,2,metro,Verde,Green
2019,transport,2019-06-01,M<c3><a9>dia dos S<c3><a1>bados,856,3,metro,Vermelha,Red
2019,transport,2019-06-01,M<c3><a9>dia dos S<c3><a1>bados,33,15,metro,Prata,Silver
2019,transport,2019-06-01,M<c3><a9>dia dos S<c3><a1>bados,2045,99,metro,Sistema METRO,METRO System
2019,transport,2019-06-01,M<c3><a9>dia dos Domingos,458,1,metro,Azul,Blue
2019,transport,2019-06-01,M<c3><a9>dia dos Domingos,229,2,metro,Verde,Green
2019,transport,2019-06-01,M<c3><a9>dia dos Domingos,458,3,metro,Vermelha,Red
2019,transport,2019-06-01,M<c3><a9>dia dos Domingos,20,15,metro,Prata,Silver
2019,transport,2019-06-01,M<c3><a9>dia dos Domingos,1165,99,metro,Sistema METRO,METRO System
2019,transport,2019-06-01,M<c3><a1>xima Di<c3><a1>ria,1508,1,metro,Azul,Blue
2019,transport,2019-06-01,M<c3><a1>xima Di<c3><a1>ria,801,2,metro,Verde,Green
2019,transport,2019-06-01,M<c3><a1>xima Di<c3><a1>ria,1477,3,metro,Vermelha,Red
2019,transport,2019-06-01,M<c3><a1>xima Di<c3><a1>ria,79,15,metro,Prata,Silver
2019,transport,2019-06-01,M<c3><a1>xima Di<c3><a1>ria,3861,99,metro,Sistema METRO,METRO System
2019,transport,2019-07-01,Total,33892,1,metro,Azul,Blue
2019,transport,2019-07-01,Total,17670,2,metro,Verde,Green
2019,transport,2019-07-01,Total,34013,3,metro,Vermelha,Red
2019,transport,2019-07-01,Total,1778,15,metro,Prata,Silver
2019,transport,2019-07-01,Total,87353,99,metro,Sistema METRO,METRO System
2019,transport,2019-07-01,M<c3><a9>dia dos Dias <c3><9a>teis,1299,1,metro,Azul,Blue
2019,transport,2019-07-01,M<c3><a9>dia dos Dias <c3><9a>teis,701,2,metro,Verde,Green
2019,transport,2019-07-01,M<c3><a9>dia dos Dias <c3><9a>teis,1294,3,metro,Vermelha,Red
2019,transport,2019-07-01,M<c3><a9>dia dos Dias <c3><9a>teis,72,15,metro,Prata,Silver
2019,transport,2019-07-01,M<c3><a9>dia dos Dias <c3><9a>teis,3366,99,metro,Sistema METRO,METRO System
2019,transport,2019-07-01,M<c3><a9>dia dos S<c3><a1>bados,799,1,metro,Azul,Blue
2019,transport,2019-07-01,M<c3><a9>dia dos S<c3><a1>bados,337,2,metro,Verde,Green
2019,transport,2019-07-01,M<c3><a9>dia dos S<c3><a1>bados,830,3,metro,Vermelha,Red
2019,transport,2019-07-01,M<c3><a9>dia dos S<c3><a1>bados,25,15,metro,Prata,Silver
2019,transport,2019-07-01,M<c3><a9>dia dos S<c3><a1>bados,1991,99,metro,Sistema METRO,METRO System
2019,transport,2019-07-01,M<c3><a9>dia dos Domingos,462,1,metro,Azul,Blue
2019,transport,2019-07-01,M<c3><a9>dia dos Domingos,218,2,metro,Verde,Green
2019,transport,2019-07-01,M<c3><a9>dia dos Domingos,481,3,metro,Vermelha,Red
2019,transport,2019-07-01,M<c3><a9>dia dos Domingos,20,15,metro,Prata,Silver
2019,transport,2019-07-01,M<c3><a9>dia dos Domingos,1182,99,metro,Sistema METRO,METRO System
2019,transport,2019-07-01,M<c3><a1>xima Di<c3><a1>ria,1331,1,metro,Azul,Blue
2019,transport,2019-07-01,M<c3><a1>xima Di<c3><a1>ria,729,2,metro,Verde,Green
2019,transport,2019-07-01,M<c3><a1>xima Di<c3><a1>ria,1329,3,metro,Vermelha,Red
2019,transport,2019-07-01,M<c3><a1>xima Di<c3><a1>ria,76,15,metro,Prata,Silver
2019,transport,2019-07-01,M<c3><a1>xima Di<c3><a1>ria,3465,99,metro,Sistema METRO,METRO System
2019,transport,2019-08-01,Total,37779,1,metro,Azul,Blue
2019,transport,2019-08-01,Total,19825,2,metro,Verde,Green
2019,transport,2019-08-01,Total,37379,3,metro,Vermelha,Red
2019,transport,2019-08-01,Total,2029,15,metro,Prata,Silver
2019,transport,2019-08-01,Total,97011,99,metro,Sistema METRO,METRO System
2019,transport,2019-08-01,M<c3><a9>dia dos Dias <c3><9a>teis,1454,1,metro,Azul,Blue
2019,transport,2019-08-01,M<c3><a9>dia dos Dias <c3><9a>teis,785,2,metro,Verde,Green
2019,transport,2019-08-01,M<c3><a9>dia dos Dias <c3><9a>teis,1424,3,metro,Vermelha,Red
2019,transport,2019-08-01,M<c3><a9>dia dos Dias <c3><9a>teis,82,15,metro,Prata,Silver
2019,transport,2019-08-01,M<c3><a9>dia dos Dias <c3><9a>teis,3744,99,metro,Sistema METRO,METRO System
2019,transport,2019-08-01,M<c3><a9>dia dos S<c3><a1>bados,808,1,metro,Azul,Blue
2019,transport,2019-08-01,M<c3><a9>dia dos S<c3><a1>bados,345,2,metro,Verde,Green
2019,transport,2019-08-01,M<c3><a9>dia dos S<c3><a1>bados,837,3,metro,Vermelha,Red
2019,transport,2019-08-01,M<c3><a9>dia dos S<c3><a1>bados,30,15,metro,Prata,Silver
2019,transport,2019-08-01,M<c3><a9>dia dos S<c3><a1>bados,2019,99,metro,Sistema METRO,METRO System
2019,transport,2019-08-01,M<c3><a9>dia dos Domingos,439,1,metro,Azul,Blue
2019,transport,2019-08-01,M<c3><a9>dia dos Domingos,209,2,metro,Verde,Green
2019,transport,2019-08-01,M<c3><a9>dia dos Domingos,468,3,metro,Vermelha,Red
2019,transport,2019-08-01,M<c3><a9>dia dos Domingos,20,15,metro,Prata,Silver
2019,transport,2019-08-01,M<c3><a9>dia dos Domingos,1136,99,metro,Sistema METRO,METRO System
2019,transport,2019-08-01,M<c3><a1>xima Di<c3><a1>ria,1497,1,metro,Azul,Blue
2019,transport,2019-08-01,M<c3><a1>xima Di<c3><a1>ria,809,2,metro,Verde,Green
2019,transport,2019-08-01,M<c3><a1>xima Di<c3><a1>ria,1458,3,metro,Vermelha,Red
2019,transport,2019-08-01,M<c3><a1>xima Di<c3><a1>ria,88,15,metro,Prata,Silver
2019,transport,2019-08-01,M<c3><a1>xima Di<c3><a1>ria,3840,99,metro,Sistema METRO,METRO System
2019,transport,2019-09-01,Total,35968,1,metro,Azul,Blue
2019,transport,2019-09-01,Total,19555,2,metro,Verde,Green
2019,transport,2019-09-01,Total,36261,3,metro,Vermelha,Red
2019,transport,2019-09-01,Total,2171,15,metro,Prata,Silver
2019,transport,2019-09-01,Total,93956,99,metro,Sistema METRO,METRO System
2019,transport,2019-09-01,M<c3><a9>dia dos Dias <c3><9a>teis,1443,1,metro,Azul,Blue
2019,transport,2019-09-01,M<c3><a9>dia dos Dias <c3><9a>teis,808,2,metro,Verde,Green
2019,transport,2019-09-01,M<c3><a9>dia dos Dias <c3><9a>teis,1447,3,metro,Vermelha,Red
2019,transport,2019-09-01,M<c3><a9>dia dos Dias <c3><9a>teis,90,15,metro,Prata,Silver
2019,transport,2019-09-01,M<c3><a9>dia dos Dias <c3><9a>teis,3787,99,metro,Sistema METRO,METRO System
2019,transport,2019-09-01,M<c3><a9>dia dos S<c3><a1>bados,817,1,metro,Azul,Blue
2019,transport,2019-09-01,M<c3><a9>dia dos S<c3><a1>bados,357,2,metro,Verde,Green
2019,transport,2019-09-01,M<c3><a9>dia dos S<c3><a1>bados,850,3,metro,Vermelha,Red
2019,transport,2019-09-01,M<c3><a9>dia dos S<c3><a1>bados,38,15,metro,Prata,Silver
2019,transport,2019-09-01,M<c3><a9>dia dos S<c3><a1>bados,2063,99,metro,Sistema METRO,METRO System
2019,transport,2019-09-01,M<c3><a9>dia dos Domingos,481,1,metro,Azul,Blue
2019,transport,2019-09-01,M<c3><a9>dia dos Domingos,234,2,metro,Verde,Green
2019,transport,2019-09-01,M<c3><a9>dia dos Domingos,495,3,metro,Vermelha,Red
2019,transport,2019-09-01,M<c3><a9>dia dos Domingos,25,15,metro,Prata,Silver
2019,transport,2019-09-01,M<c3><a9>dia dos Domingos,1236,99,metro,Sistema METRO,METRO System
2019,transport,2019-09-01,M<c3><a1>xima Di<c3><a1>ria,1491,1,metro,Azul,Blue
2019,transport,2019-09-01,M<c3><a1>xima Di<c3><a1>ria,829,2,metro,Verde,Green
2019,transport,2019-09-01,M<c3><a1>xima Di<c3><a1>ria,1504,3,metro,Vermelha,Red
2019,transport,2019-09-01,M<c3><a1>xima Di<c3><a1>ria,93,15,metro,Prata,Silver
2019,transport,2019-09-01,M<c3><a1>xima Di<c3><a1>ria,3905,99,metro,Sistema METRO,METRO System
2019,transport,2019-10-01,Total,39719,1,metro,Azul,Blue
2019,transport,2019-10-01,Total,21563,2,metro,Verde,Green
2019,transport,2019-10-01,Total,38994,3,metro,Vermelha,Red
2019,transport,2019-10-01,Total,2420,15,metro,Prata,Silver
2019,transport,2019-10-01,Total,102696,99,metro,Sistema METRO,METRO System
2019,transport,2019-10-01,M<c3><a9>dia dos Dias <c3><9a>teis,1481,1,metro,Azul,Blue
2019,transport,2019-10-01,M<c3><a9>dia dos Dias <c3><9a>teis,827,2,metro,Verde,Green
2019,transport,2019-10-01,M<c3><a9>dia dos Dias <c3><9a>teis,1454,3,metro,Vermelha,Red
2019,transport,2019-10-01,M<c3><a9>dia dos Dias <c3><9a>teis,93,15,metro,Prata,Silver
2019,transport,2019-10-01,M<c3><a9>dia dos Dias <c3><9a>teis,3856,99,metro,Sistema METRO,METRO System
2019,transport,2019-10-01,M<c3><a9>dia dos S<c3><a1>bados,914,1,metro,Azul,Blue
2019,transport,2019-10-01,M<c3><a9>dia dos S<c3><a1>bados,394,2,metro,Verde,Green
2019,transport,2019-10-01,M<c3><a9>dia dos S<c3><a1>bados,909,3,metro,Vermelha,Red
2019,transport,2019-10-01,M<c3><a9>dia dos S<c3><a1>bados,47,15,metro,Prata,Silver
2019,transport,2019-10-01,M<c3><a9>dia dos S<c3><a1>bados,2264,99,metro,Sistema METRO,METRO System
2019,transport,2019-10-01,M<c3><a9>dia dos Domingos,538,1,metro,Azul,Blue
2019,transport,2019-10-01,M<c3><a9>dia dos Domingos,256,2,metro,Verde,Green
2019,transport,2019-10-01,M<c3><a9>dia dos Domingos,520,3,metro,Vermelha,Red
2019,transport,2019-10-01,M<c3><a9>dia dos Domingos,24,15,metro,Prata,Silver
2019,transport,2019-10-01,M<c3><a9>dia dos Domingos,1339,99,metro,Sistema METRO,METRO System
2019,transport,2019-10-01,M<c3><a1>xima Di<c3><a1>ria,1539,1,metro,Azul,Blue
2019,transport,2019-10-01,M<c3><a1>xima Di<c3><a1>ria,847,2,metro,Verde,Green
2019,transport,2019-10-01,M<c3><a1>xima Di<c3><a1>ria,1513,3,metro,Vermelha,Red
2019,transport,2019-10-01,M<c3><a1>xima Di<c3><a1>ria,95,15,metro,Prata,Silver
2019,transport,2019-10-01,M<c3><a1>xima Di<c3><a1>ria,3986,99,metro,Sistema METRO,METRO System
2019,transport,2019-11-01,Total,35360,1,metro,Azul,Blue
2019,transport,2019-11-01,Total,19075,2,metro,Verde,Green
2019,transport,2019-11-01,Total,35360,3,metro,Vermelha,Red
2019,transport,2019-11-01,Total,2030,15,metro,Prata,Silver
2019,transport,2019-11-01,Total,91824,99,metro,Sistema METRO,METRO System
2019,transport,2019-11-01,M<c3><a9>dia dos Dias <c3><9a>teis,1477,1,metro,Azul,Blue
2019,transport,2019-11-01,M<c3><a9>dia dos Dias <c3><9a>teis,830,2,metro,Verde,Green
2019,transport,2019-11-01,M<c3><a9>dia dos Dias <c3><9a>teis,1463,3,metro,Vermelha,Red
2019,transport,2019-11-01,M<c3><a9>dia dos Dias <c3><9a>teis,94,15,metro,Prata,Silver
2019,transport,2019-11-01,M<c3><a9>dia dos Dias <c3><9a>teis,3864,99,metro,Sistema METRO,METRO System
2019,transport,2019-11-01,M<c3><a9>dia dos S<c3><a1>bados,873,1,metro,Azul,Blue
2019,transport,2019-11-01,M<c3><a9>dia dos S<c3><a1>bados,379,2,metro,Verde,Green
2019,transport,2019-11-01,M<c3><a9>dia dos S<c3><a1>bados,892,3,metro,Vermelha,Red
2019,transport,2019-11-01,M<c3><a9>dia dos S<c3><a1>bados,23,15,metro,Prata,Silver
2019,transport,2019-11-01,M<c3><a9>dia dos S<c3><a1>bados,2167,99,metro,Sistema METRO,METRO System
2019,transport,2019-11-01,M<c3><a9>dia dos Domingos,491,1,metro,Azul,Blue
2019,transport,2019-11-01,M<c3><a9>dia dos Domingos,240,2,metro,Verde,Green
2019,transport,2019-11-01,M<c3><a9>dia dos Domingos,506,3,metro,Vermelha,Red
2019,transport,2019-11-01,M<c3><a9>dia dos Domingos,24,15,metro,Prata,Silver
2019,transport,2019-11-01,M<c3><a9>dia dos Domingos,1262,99,metro,Sistema METRO,METRO System
2019,transport,2019-11-01,M<c3><a1>xima Di<c3><a1>ria,1532,1,metro,Azul,Blue
2019,transport,2019-11-01,M<c3><a1>xima Di<c3><a1>ria,853,2,metro,Verde,Green
2019,transport,2019-11-01,M<c3><a1>xima Di<c3><a1>ria,1513,3,metro,Vermelha,Red
2019,transport,2019-11-01,M<c3><a1>xima Di<c3><a1>ria,96,15,metro,Prata,Silver
2019,transport,2019-11-01,M<c3><a1>xima Di<c3><a1>ria,3992,99,metro,Sistema METRO,METRO System
2019,transport,2019-12-01,Total,32888,1,metro,Azul,Blue
2019,transport,2019-12-01,Total,17616,2,metro,Verde,Green
2019,transport,2019-12-01,Total,33225,3,metro,Vermelha,Red
2019,transport,2019-12-01,Total,1953,15,metro,Prata,Silver
2019,transport,2019-12-01,Total,85682,99,metro,Sistema METRO,METRO System
2019,transport,2019-12-01,M<c3><a9>dia dos Dias <c3><9a>teis,1330,1,metro,Azul,Blue
2019,transport,2019-12-01,M<c3><a9>dia dos Dias <c3><9a>teis,745,2,metro,Verde,Green
2019,transport,2019-12-01,M<c3><a9>dia dos Dias <c3><9a>teis,1332,3,metro,Vermelha,Red
2019,transport,2019-12-01,M<c3><a9>dia dos Dias <c3><9a>teis,87,15,metro,Prata,Silver
2019,transport,2019-12-01,M<c3><a9>dia dos Dias <c3><9a>teis,3493,99,metro,Sistema METRO,METRO System
2019,transport,2019-12-01,M<c3><a9>dia dos S<c3><a1>bados,887,1,metro,Azul,Blue
2019,transport,2019-12-01,M<c3><a9>dia dos S<c3><a1>bados,375,2,metro,Verde,Green
2019,transport,2019-12-01,M<c3><a9>dia dos S<c3><a1>bados,924,3,metro,Vermelha,Red
2019,transport,2019-12-01,M<c3><a9>dia dos S<c3><a1>bados,29,15,metro,Prata,Silver
2019,transport,2019-12-01,M<c3><a9>dia dos S<c3><a1>bados,2215,99,metro,Sistema METRO,METRO System
2019,transport,2019-12-01,M<c3><a9>dia dos Domingos,537,1,metro,Azul,Blue
2019,transport,2019-12-01,M<c3><a9>dia dos Domingos,260,2,metro,Verde,Green
2019,transport,2019-12-01,M<c3><a9>dia dos Domingos,557,3,metro,Vermelha,Red
2019,transport,2019-12-01,M<c3><a9>dia dos Domingos,17,15,metro,Prata,Silver
2019,transport,2019-12-01,M<c3><a9>dia dos Domingos,1371,99,metro,Sistema METRO,METRO System
2019,transport,2019-12-01,M<c3><a1>xima Di<c3><a1>ria,1500,1,metro,Azul,Blue
2019,transport,2019-12-01,M<c3><a1>xima Di<c3><a1>ria,844,2,metro,Verde,Green
2019,transport,2019-12-01,M<c3><a1>xima Di<c3><a1>ria,1479,3,metro,Vermelha,Red
2019,transport,2019-12-01,M<c3><a1>xima Di<c3><a1>ria,96,15,metro,Prata,Silver
2019,transport,2019-12-01,M<c3><a1>xima Di<c3><a1>ria,3906,99,metro,Sistema METRO,METRO System
