date,line_number,station_name,avg_passenger,year
2012-01-01,4,Butantã,37066.818181818184,2012
2012-01-01,4,Faria Lima,31989.090909090908,2012
2012-01-01,4,Luz,100889.31818181818,2012
2012-01-01,4,Paulista,127844.59090909091,2012
2012-01-01,4,Pinheiros,97537.45454545454,2012
2012-01-01,4,República,99199.63636363637,2012
2012-02-01,4,Butantã,47845.47368421053,2012
2012-02-01,4,Faria Lima,38544.78947368421,2012
2012-02-01,4,Luz,94375.94736842105,2012
2012-02-01,4,Paulista,140011.26315789475,2012
2012-02-01,4,Pinheiros,118809.52631578948,2012
2012-02-01,4,República,119882,2012
2012-03-01,4,Butantã,55593.72727272727,2012
2012-03-01,4,Faria Lima,39774.77272727273,2012
2012-03-01,4,Luz,104353.77272727272,2012
2012-03-01,4,Paulista,154051.36363636365,2012
2012-03-01,4,Pinheiros,129441.36363636363,2012
2012-03-01,4,República,125045.40909090909,2012
2012-04-01,4,Butantã,53749.45,2012
2012-04-01,4,Faria Lima,39738.05,2012
2012-04-01,4,Luz,115076.8,2012
2012-04-01,4,Paulista,160500.05,2012
2012-04-01,4,Pinheiros,137897.15,2012
2012-04-01,4,República,141568.2,2012
2012-05-01,4,Butantã,54412.045454545456,2012
2012-05-01,4,Faria Lima,40365.681818181816,2012
2012-05-01,4,Luz,113704.95454545454,2012
2012-05-01,4,Paulista,145229.72727272726,2012
2012-05-01,4,Pinheiros,135767.22727272726,2012
2012-05-01,4,República,131377.22727272726,2012
2012-06-01,4,Butantã,52834.5,2012
2012-06-01,4,Faria Lima,40343.4,2012
2012-06-01,4,Luz,124407.4,2012
2012-06-01,4,Paulista,153944.35,2012
2012-06-01,4,Pinheiros,133402.45,2012
2012-06-01,4,República,138238.9,2012
2012-07-01,4,Butantã,48509.5,2012
2012-07-01,4,Faria Lima,37461.681818181816,2012
2012-07-01,4,Luz,117211.86363636363,2012
2012-07-01,4,Paulista,148942.86363636365,2012
2012-07-01,4,Pinheiros,121813.86363636363,2012
2012-07-01,4,República,117661.13636363637,2012
2012-08-01,4,Butantã,59476.913043478264,2012
2012-08-01,4,Faria Lima,40886.13043478261,2012
2012-08-01,4,Luz,123228.13043478261,2012
2012-08-01,4,Paulista,157642.73913043478,2012
2012-08-01,4,Pinheiros,131864.5652173913,2012
2012-08-01,4,República,130773.60869565218,2012
2012-09-01,4,Butantã,58346.57894736842,2012
2012-09-01,4,Faria Lima,41039.89473684211,2012
2012-09-01,4,Luz,143386.8947368421,2012
2012-09-01,4,Paulista,162189.26315789475,2012
2012-09-01,4,Pinheiros,148354.15789473685,2012
2012-09-01,4,República,139396.2105263158,2012
2012-10-01,4,Butantã,58505.63636363636,2012
2012-10-01,4,Faria Lima,41427.818181818184,2012
2012-10-01,4,Luz,124980.45454545454,2012
2012-10-01,4,Paulista,161096.36363636365,2012
2012-10-01,4,Pinheiros,137540.04545454544,2012
2012-10-01,4,República,140445,2012
2012-11-01,4,Butantã,55374,2012
2012-11-01,4,Faria Lima,40359.95,2012
2012-11-01,4,Luz,159256.95,2012
2012-11-01,4,Paulista,219696.25,2012
2012-11-01,4,Pinheiros,162073.9,2012
2012-11-01,4,República,172733.65,2012
2012-12-01,4,Butantã,49898.15,2012
2012-12-01,4,Faria Lima,38004.1,2012
2012-12-01,4,Luz,112276,2012
2012-12-01,4,Paulista,130215.2,2012
2012-12-01,4,Pinheiros,122478.1,2012
2012-12-01,4,República,118613.7,2012
2013-01-01,4,Butantã,47093.318181818184,2013
2013-01-01,4,Faria Lima,36831.09090909091,2013
2013-01-01,4,Luz,108280.90909090909,2013
2013-01-01,4,Paulista,125361.22727272728,2013
2013-01-01,4,Pinheiros,113477.59090909091,2013
2013-01-01,4,República,115386.5,2013
2013-02-01,4,Butantã,56931.333333333336,2013
2013-02-01,4,Faria Lima,43123.944444444445,2013
2013-02-01,4,Luz,129884.5,2013
2013-02-01,4,Paulista,145935.22222222222,2013
2013-02-01,4,Pinheiros,133326.72222222222,2013
2013-02-01,4,República,234382.5,2013
2013-03-01,4,Butantã,63241.75,2013
2013-03-01,4,Faria Lima,45011.45,2013
2013-03-01,4,Luz,128936.4,2013
2013-03-01,4,Paulista,154720.9,2013
2013-03-01,4,Pinheiros,139921.7,2013
2013-03-01,4,República,137780.3,2013
2013-04-01,4,Butantã,63424.09090909091,2013
2013-04-01,4,Faria Lima,45053.63636363636,2013
2013-04-01,4,Luz,129662.13636363637,2013
2013-04-01,4,Paulista,156542.36363636365,2013
2013-04-01,4,Pinheiros,140036.4090909091,2013
2013-04-01,4,República,137589.63636363635,2013
2013-05-01,4,Butantã,62363.19047619047,2013
2013-05-01,4,Faria Lima,45248.95238095238,2013
2013-05-01,4,Luz,129151.42857142857,2013
2013-05-01,4,Paulista,155452.7142857143,2013
2013-05-01,4,Pinheiros,139247.2857142857,2013
2013-05-01,4,República,138812.09523809524,2013
2013-06-01,4,Butantã,63921.7,2013
2013-06-01,4,Faria Lima,44706.05,2013
2013-06-01,4,Luz,128148.1,2013
2013-06-01,4,Paulista,157559.5,2013
2013-06-01,4,Pinheiros,133950.2,2013
2013-06-01,4,República,138804.45,2013
2013-07-01,4,Butantã,53898.95652173913,2013
2013-07-01,4,Faria Lima,40085.17391304348,2013
2013-07-01,4,Luz,117563.13043478261,2013
2013-07-01,4,Paulista,138693.34782608695,2013
2013-07-01,4,Pinheiros,123832.73913043478,2013
2013-07-01,4,República,125530.47826086957,2013
2013-08-01,4,Butantã,67131.22727272728,2013
2013-08-01,4,Faria Lima,44622.818181818184,2013
2013-08-01,4,Luz,132074.18181818182,2013
2013-08-01,4,Paulista,157906.9090909091,2013
2013-08-01,4,Pinheiros,140118.5909090909,2013
2013-08-01,4,República,140651.22727272726,2013
2013-09-01,4,Butantã,66583.28571428571,2013
2013-09-01,4,Faria Lima,44413.80952380953,2013
2013-09-01,4,Luz,131549.04761904763,2013
2013-09-01,4,Paulista,157182.95238095237,2013
2013-09-01,4,Pinheiros,139268.7619047619,2013
2013-09-01,4,República,141741.09523809524,2013
2013-10-01,4,Butantã,66532.82608695653,2013
2013-10-01,4,Faria Lima,44810.82608695652,2013
2013-10-01,4,Luz,133051.86956521738,2013
2013-10-01,4,Paulista,157687.26086956522,2013
2013-10-01,4,Pinheiros,140982.8260869565,2013
2013-10-01,4,República,142861.13043478262,2013
2013-11-01,4,Butantã,66690.3,2013
2013-11-01,4,Faria Lima,44675.3,2013
2013-11-01,4,Luz,132178.75,2013
2013-11-01,4,Paulista,156120.35,2013
2013-11-01,4,Pinheiros,139791.45,2013
2013-11-01,4,República,141528.25,2013
2013-12-01,4,Butantã,57558.428571428565,2013
2013-12-01,4,Faria Lima,39351.857142857145,2013
2013-12-01,4,Luz,119876.04761904762,2013
2013-12-01,4,Paulista,134801.3333333333,2013
2013-12-01,4,Pinheiros,123667.09523809524,2013
2013-12-01,4,República,125596.85714285713,2013
2014-01-01,4,Butantã,55989,2014
2014-01-01,4,Faria Lima,40270.36363636364,2014
2014-01-01,4,Luz,113436.86363636363,2014
2014-01-01,4,Paulista,136618.04545454544,2014
2014-01-01,4,Pinheiros,124650.68181818182,2014
2014-01-01,4,República,126666.36363636363,2014
2014-02-01,4,Butantã,68329.8,2014
2014-02-01,4,Faria Lima,45554.6,2014
2014-02-01,4,Luz,133906.6,2014
2014-02-01,4,Paulista,157007.95,2014
2014-02-01,4,Pinheiros,140454.4,2014
2014-02-01,4,República,141547.35,2014
2014-03-01,4,Butantã,69881.52631578948,2014
2014-03-01,4,Faria Lima,45165.42105263158,2014
2014-03-01,4,Luz,133748.8947368421,2014
2014-03-01,4,Paulista,157873.73684210525,2014
2014-03-01,4,Pinheiros,139038.1052631579,2014
2014-03-01,4,República,142466.94736842104,2014
2014-04-01,4,Butantã,71180.5,2014
2014-04-01,4,Faria Lima,46126.4,2014
2014-04-01,4,Luz,136810.8,2014
2014-04-01,4,Paulista,160447.2,2014
2014-04-01,4,Pinheiros,143228.35,2014
2014-04-01,4,República,145375.55,2014
2014-05-01,4,Butantã,68445.80952380953,2014
2014-05-01,4,Faria Lima,46601.380952380954,2014
2014-05-01,4,Luz,134494.04761904763,2014
2014-05-01,4,Paulista,158054.09523809524,2014
2014-05-01,4,Pinheiros,143204.7142857143,2014
2014-05-01,4,República,142674.7142857143,2014
2014-06-01,4,Butantã,57759.25,2014
2014-06-01,4,Faria Lima,42407.9,2014
2014-06-01,4,Luz,133043.05,2014
2014-06-01,4,Paulista,136888.4,2014
2014-06-01,4,Pinheiros,124792.4,2014
2014-06-01,4,República,123143.55,2014
2014-07-01,4,Butantã,57394.913043478264,2014
2014-07-01,4,Faria Lima,45303.913043478264,2014
2014-07-01,4,Luz,125677.47826086957,2014
2014-07-01,4,Paulista,141520.65217391305,2014
2014-07-01,4,Pinheiros,128826.60869565218,2014
2014-07-01,4,República,129530.95652173914,2014
2014-08-01,4,Butantã,67958.61904761905,2014
2014-08-01,4,Faria Lima,47533.28571428572,2014
2014-08-01,4,Luz,138240.95238095237,2014
2014-08-01,4,Paulista,156401.19047619047,2014
2014-08-01,4,Pinheiros,140301.7142857143,2014
2014-08-01,4,República,140775.52380952382,2014
2014-09-01,4,Butantã,68352.77272727272,2014
2014-09-01,4,Faria Lima,47902.86363636364,2014
2014-09-01,4,Luz,139368.54545454544,2014
2014-09-01,4,Paulista,156212.45454545456,2014
2014-09-01,4,Pinheiros,141640.31818181818,2014
2014-09-01,4,República,142678.22727272726,2014
2014-10-01,4,Butantã,69402.13043478261,2014
2014-10-01,4,Faria Lima,48212.13043478261,2014
2014-10-01,4,Luz,138802.21739130435,2014
2014-10-01,4,Paulista,154661.69565217392,2014
2014-10-01,4,Pinheiros,141529.60869565216,2014
2014-10-01,4,República,142149.13043478262,2014
2014-11-01,4,Butantã,68010.75,2014
2014-11-01,4,Faria Lima,46508.85,2014
2014-11-01,4,Fradique Coutinho,4589.636363636364,2014
2014-11-01,4,Luz,135873.95,2014
2014-11-01,4,Paulista,150041.25,2014
2014-11-01,4,Pinheiros,135819.45,2014
2014-11-01,4,República,139307.45,2014
2014-12-01,4,Butantã,60741.045454545456,2014
2014-12-01,4,Faria Lima,39100.27272727273,2014
2014-12-01,4,Fradique Coutinho,8725.590909090908,2014
2014-12-01,4,Luz,124747.31818181818,2014
2014-12-01,4,Paulista,133116.72727272726,2014
2014-12-01,4,Pinheiros,122837.5,2014
2014-12-01,4,República,127498.81818181818,2014
2015-01-01,4,Butantã,56626.90476190476,2015
2015-01-01,4,Faria Lima,38470.47619047619,2015
2015-01-01,4,Fradique Coutinho,10007.190476190477,2015
2015-01-01,4,Luz,117152.57142857143,2015
2015-01-01,4,Paulista,134527.66666666666,2015
2015-01-01,4,Pinheiros,121376.23809523809,2015
2015-01-01,4,República,125967.61904761905,2015
2015-02-01,4,Butantã,65213.77777777778,2015
2015-02-01,4,Faria Lima,41543.5,2015
2015-02-01,4,Fradique Coutinho,11968.833333333334,2015
2015-02-01,4,Luz,126797.16666666667,2015
2015-02-01,4,Paulista,149446.5,2015
2015-02-01,4,Pinheiros,134701.38888888888,2015
2015-02-01,4,República,139313.77777777778,2015
2015-03-01,4,Butantã,72820.13636363637,2015
2015-03-01,4,Faria Lima,42288.681818181816,2015
2015-03-01,4,Fradique Coutinho,13141.90909090909,2015
2015-03-01,4,Luz,132354.04545454544,2015
2015-03-01,4,Paulista,158881.54545454544,2015
2015-03-01,4,Pinheiros,141389.63636363635,2015
2015-03-01,4,República,143599.54545454544,2015
2015-04-01,4,Butantã,71057.05,2015
2015-04-01,4,Faria Lima,41940.4,2015
2015-04-01,4,Fradique Coutinho,13501.05,2015
2015-04-01,4,Luz,139177.85,2015
2015-04-01,4,Paulista,156100.1,2015
2015-04-01,4,Pinheiros,141346.4,2015
2015-04-01,4,República,142588.9,2015
2015-05-01,4,Butantã,71743.25,2015
2015-05-01,4,Faria Lima,42472,2015
2015-05-01,4,Fradique Coutinho,14027.2,2015
2015-05-01,4,Luz,138607.65,2015
2015-05-01,4,Paulista,157737.45,2015
2015-05-01,4,Pinheiros,143085.8,2015
2015-05-01,4,República,142829.9,2015
2015-06-01,4,Butantã,68019.76190476191,2015
2015-06-01,4,Faria Lima,41424.95238095238,2015
2015-06-01,4,Fradique Coutinho,13846.190476190477,2015
2015-06-01,4,Luz,133527.42857142858,2015
2015-06-01,4,Paulista,150506.66666666666,2015
2015-06-01,4,Pinheiros,137706.52380952382,2015
2015-06-01,4,República,137938.61904761905,2015
2015-07-01,4,Butantã,59748.17391304348,2015
2015-07-01,4,Faria Lima,38781.69565217391,2015
2015-07-01,4,Fradique Coutinho,13434.869565217392,2015
2015-07-01,4,Luz,126428.08695652174,2015
2015-07-01,4,Paulista,138156.60869565216,2015
2015-07-01,4,Pinheiros,130274.34782608696,2015
2015-07-01,4,República,129021.30434782608,2015
2015-08-01,4,Butantã,71374,2015
2015-08-01,4,Faria Lima,42466.90476190476,2015
2015-08-01,4,Fradique Coutinho,14935.095238095239,2015
2015-08-01,4,Luz,138092.38095238095,2015
2015-08-01,4,Paulista,155217.57142857142,2015
2015-08-01,4,Pinheiros,142635.2857142857,2015
2015-08-01,4,República,142756.47619047618,2015
2015-09-01,4,Butantã,70895.95238095238,2015
2015-09-01,4,Faria Lima,42507.71428571428,2015
2015-09-01,4,Fradique Coutinho,15059.047619047618,2015
2015-09-01,4,Luz,138253.66666666666,2015
2015-09-01,4,Paulista,154967.85714285713,2015
2015-09-01,4,Pinheiros,143432.80952380953,2015
2015-09-01,4,República,142069.09523809524,2015
2015-10-01,4,Butantã,71815.80952380953,2015
2015-10-01,4,Faria Lima,43470.28571428572,2015
2015-10-01,4,Fradique Coutinho,15431.095238095239,2015
2015-10-01,4,Luz,140075.90476190476,2015
2015-10-01,4,Paulista,153796.42857142858,2015
2015-10-01,4,Pinheiros,143919.80952380953,2015
2015-10-01,4,República,142180.09523809524,2015
2015-11-01,4,Butantã,70273.75,2015
2015-11-01,4,Faria Lima,43162.8,2015
2015-11-01,4,Fradique Coutinho,15403.75,2015
2015-11-01,4,Luz,135008.45,2015
2015-11-01,4,Paulista,149308.2,2015
2015-11-01,4,Pinheiros,140759.15,2015
2015-11-01,4,República,138061.65,2015
2015-12-01,4,Butantã,59901.90909090909,2015
2015-12-01,4,Faria Lima,38561.27272727273,2015
2015-12-01,4,Fradique Coutinho,13525.909090909092,2015
2015-12-01,4,Luz,110918.63636363637,2015
2015-12-01,4,Paulista,129101.0909090909,2015
2015-12-01,4,Pinheiros,123781.81818181818,2015
2015-12-01,4,República,132373.54545454544,2015
2016-01-01,4,Butantã,55227.75,2016
2016-01-01,4,Faria Lima,37777.55,2016
2016-01-01,4,Fradique Coutinho,14110.2,2016
2016-01-01,4,Luz,114419.5,2016
2016-01-01,4,Paulista,126433.05,2016
2016-01-01,4,Pinheiros,120859.5,2016
2016-01-01,4,República,123426.25,2016
2016-02-01,4,Butantã,66406.63157894737,2016
2016-02-01,4,Faria Lima,42233.42105263158,2016
2016-02-01,4,Fradique Coutinho,15468,2016
2016-02-01,4,Luz,128825.94736842105,2016
2016-02-01,4,Paulista,141602.36842105264,2016
2016-02-01,4,Pinheiros,133761.47368421053,2016
2016-02-01,4,República,136592.05263157896,2016
2016-03-01,4,Butantã,72913.18181818182,2016
2016-03-01,4,Faria Lima,43786,2016
2016-03-01,4,Fradique Coutinho,16252.59090909091,2016
2016-03-01,4,Luz,135102.9090909091,2016
2016-03-01,4,Paulista,152911.4090909091,2016
2016-03-01,4,Pinheiros,143712.63636363635,2016
2016-03-01,4,República,144514.0909090909,2016
2016-04-01,4,Butantã,71870.05,2016
2016-04-01,4,Faria Lima,43179.85,2016
2016-04-01,4,Fradique Coutinho,15959.45,2016
2016-04-01,4,Luz,132205.95,2016
2016-04-01,4,Paulista,148982.1,2016
2016-04-01,4,Pinheiros,140893.55,2016
2016-04-01,4,República,140251.25,2016
2016-05-01,4,Butantã,69710.19047619047,2016
2016-05-01,4,Faria Lima,43085.619047619046,2016
2016-05-01,4,Fradique Coutinho,16134.47619047619,2016
2016-05-01,4,Luz,132131.7142857143,2016
2016-05-01,4,Paulista,147929.14285714287,2016
2016-05-01,4,Pinheiros,137775.09523809524,2016
2016-05-01,4,República,139229.38095238095,2016
2016-06-01,4,Butantã,67455.5,2016
2016-06-01,4,Faria Lima,43625.90909090909,2016
2016-06-01,4,Fradique Coutinho,16341.136363636364,2016
2016-06-01,4,Luz,130431.13636363637,2016
2016-06-01,4,Paulista,147851.36363636365,2016
2016-06-01,4,Pinheiros,138908.0909090909,2016
2016-06-01,4,República,139476.77272727274,2016
2016-07-01,4,Butantã,61311.90476190476,2016
2016-07-01,4,Faria Lima,41554.19047619047,2016
2016-07-01,4,Fradique Coutinho,15873.714285714286,2016
2016-07-01,4,Luz,125162.76190476191,2016
2016-07-01,4,Paulista,137597.7619047619,2016
2016-07-01,4,Pinheiros,132024.57142857142,2016
2016-07-01,4,República,133025.33333333334,2016
2016-08-01,4,Butantã,70398.39130434782,2016
2016-08-01,4,Faria Lima,43575.782608695656,2016
2016-08-01,4,Fradique Coutinho,16637.956521739132,2016
2016-08-01,4,Luz,131006.43478260869,2016
2016-08-01,4,Paulista,148612.1739130435,2016
2016-08-01,4,Pinheiros,138895.52173913043,2016
2016-08-01,4,República,140194.60869565216,2016
2016-09-01,4,Butantã,71433.47619047618,2016
2016-09-01,4,Faria Lima,43982.333333333336,2016
2016-09-01,4,Fradique Coutinho,16792.285714285714,2016
2016-09-01,4,Luz,133484.66666666666,2016
2016-09-01,4,Paulista,149404.80952380953,2016
2016-09-01,4,Pinheiros,140331.2380952381,2016
2016-09-01,4,República,141144.47619047618,2016
2016-10-01,4,Butantã,71129.95,2016
2016-10-01,4,Faria Lima,44098.1,2016
2016-10-01,4,Fradique Coutinho,17090.5,2016
2016-10-01,4,Luz,134013.05,2016
2016-10-01,4,Paulista,149011.45,2016
2016-10-01,4,Pinheiros,140545.4,2016
2016-10-01,4,República,141467.25,2016
2016-11-01,4,Butantã,70341.1,2016
2016-11-01,4,Faria Lima,43869.05,2016
2016-11-01,4,Fradique Coutinho,17052.6,2016
2016-11-01,4,Luz,134604.15,2016
2016-11-01,4,Paulista,147322.85,2016
2016-11-01,4,Pinheiros,140856.85,2016
2016-11-01,4,República,140782.75,2016
2016-12-01,4,Butantã,62663.454545454544,2016
2016-12-01,4,Faria Lima,40037.86363636364,2016
2016-12-01,4,Fradique Coutinho,15102.81818181818,2016
2016-12-01,4,Luz,123310.95454545454,2016
2016-12-01,4,Paulista,129898,2016
2016-12-01,4,Pinheiros,129488,2016
2016-12-01,4,República,128254.45454545456,2016
2017-01-01,4,Butantã,54094.954545454544,2017
2017-01-01,4,Faria Lima,36998.86363636364,2017
2017-01-01,4,Fradique Coutinho,14455.545454545454,2017
2017-01-01,4,Luz,112479.09090909091,2017
2017-01-01,4,Paulista,120525.5,2017
2017-01-01,4,Pinheiros,118776.13636363637,2017
2017-01-01,4,República,117883.95454545454,2017
2017-02-01,4,Butantã,67426.77777777778,2017
2017-02-01,4,Faria Lima,44034.444444444445,2017
2017-02-01,4,Fradique Coutinho,17510.166666666668,2017
2017-02-01,4,Luz,131471.44444444444,2017
2017-02-01,4,Paulista,146298.5,2017
2017-02-01,4,Pinheiros,140222.83333333334,2017
2017-02-01,4,República,138294.11111111112,2017
2017-03-01,4,Butantã,72871.52173913043,2017
2017-03-01,4,Faria Lima,43498.565217391304,2017
2017-03-01,4,Fradique Coutinho,17374.782608695652,2017
2017-03-01,4,Luz,133914.65217391305,2017
2017-03-01,4,Paulista,149690.34782608695,2017
2017-03-01,4,Pinheiros,142133.21739130435,2017
2017-03-01,4,República,139551.30434782608,2017
2017-04-01,4,Butantã,72032.16666666667,2017
2017-04-01,4,Faria Lima,43536.555555555555,2017
2017-04-01,4,Fradique Coutinho,17443.88888888889,2017
2017-04-01,4,Luz,133949.94444444444,2017
2017-04-01,4,Paulista,146761.22222222222,2017
2017-04-01,4,Pinheiros,140703.94444444444,2017
2017-04-01,4,República,137278.77777777778,2017
2017-05-01,4,Butantã,75067.59090909091,2017
2017-05-01,4,Faria Lima,44795.77272727273,2017
2017-05-01,4,Fradique Coutinho,18112.045454545456,2017
2017-05-01,4,Luz,138231.81818181818,2017
2017-05-01,4,Paulista,152171.68181818182,2017
2017-05-01,4,Pinheiros,144875.31818181818,2017
2017-05-01,4,República,142065.22727272726,2017
2017-06-01,4,Butantã,70822,2017
2017-06-01,4,Faria Lima,43887.142857142855,2017
2017-06-01,4,Fradique Coutinho,17778.095238095237,2017
2017-06-01,4,Luz,134902.52380952382,2017
2017-06-01,4,Paulista,147252.80952380953,2017
2017-06-01,4,Pinheiros,141461.33333333334,2017
2017-06-01,4,República,139399.61904761905,2017
2017-07-01,4,Butantã,63510.666666666664,2017
2017-07-01,4,Faria Lima,42072.380952380954,2017
2017-07-01,4,Fradique Coutinho,17275.428571428572,2017
2017-07-01,4,Luz,129939.19047619047,2017
2017-07-01,4,Paulista,137487.61904761905,2017
2017-07-01,4,Pinheiros,135449.42857142858,2017
2017-07-01,4,República,132943.61904761905,2017
2017-08-01,4,Butantã,73058.95652173914,2017
2017-08-01,4,Faria Lima,44456.739130434784,2017
2017-08-01,4,Fradique Coutinho,18072.304347826088,2017
2017-08-01,4,Luz,137053.78260869565,2017
2017-08-01,4,Paulista,152119.86956521738,2017
2017-08-01,4,Pinheiros,145503.21739130435,2017
2017-08-01,4,República,141741.26086956522,2017
2017-09-01,4,Butantã,73601.25,2017
2017-09-01,4,Faria Lima,44379.6,2017
2017-09-01,4,Fradique Coutinho,18009.05,2017
2017-09-01,4,Luz,139396.35,2017
2017-09-01,4,Paulista,151790.6,2017
2017-09-01,4,Pinheiros,147032.15,2017
2017-09-01,4,República,141830.35,2017
2017-10-01,4,Butantã,74357.90476190476,2017
2017-10-01,4,Faria Lima,44472.04761904762,2017
2017-10-01,4,Fradique Coutinho,18228.095238095237,2017
2017-10-01,4,Luz,139341.57142857142,2017
2017-10-01,4,Paulista,152528.7619047619,2017
2017-10-01,4,Pinheiros,148432.57142857142,2017
2017-10-01,4,República,143357.80952380953,2017
2017-11-01,4,Butantã,72082.7,2017
2017-11-01,4,Faria Lima,43355.1,2017
2017-11-01,4,Fradique Coutinho,17940.35,2017
2017-11-01,4,Luz,137066.2,2017
2017-11-01,4,Paulista,147814.75,2017
2017-11-01,4,Pinheiros,145787.7,2017
2017-11-01,4,República,141345.4,2017
2017-12-01,4,Butantã,66111.5,2017
2017-12-01,4,Faria Lima,41656.4,2017
2017-12-01,4,Fradique Coutinho,17033.95,2017
2017-12-01,4,Higienópolis - Mackenzie,3,2017
2017-12-01,4,Luz,133863.15,2017
2017-12-01,4,Paulista,137637.85,2017
2017-12-01,4,Pinheiros,141415.05,2017
2017-12-01,4,República,135995.8,2017
2018-01-01,4,Butantã,55109.59090909091,2018
2018-01-01,4,Faria Lima,37029.09090909091,2018
2018-01-01,4,Fradique Coutinho,15547,2018
2018-01-01,4,Higienópolis - Mackenzie,1400.875,2018
2018-01-01,4,Luz,121095.09090909091,2018
2018-01-01,4,Paulista,121883.40909090909,2018
2018-01-01,4,Pinheiros,124077.63636363637,2018
2018-01-01,4,República,119521.36363636363,2018
2018-02-01,4,Butantã,69107.88888888889,2018
2018-02-01,4,Faria Lima,43406.944444444445,2018
2018-02-01,4,Fradique Coutinho,18722.222222222223,2018
2018-02-01,4,Higienópolis - Mackenzie,16887.555555555555,2018
2018-02-01,4,Luz,138883.11111111112,2018
2018-02-01,4,Paulista,147092.22222222222,2018
2018-02-01,4,Pinheiros,146784.61111111112,2018
2018-02-01,4,República,141306.16666666666,2018
2018-03-01,4,Butantã,78566.80952380953,2018
2018-03-01,4,Faria Lima,46412.23809523809,2018
2018-03-01,4,Fradique Coutinho,20011.571428571428,2018
2018-03-01,4,Higienópolis - Mackenzie,23828.904761904763,2018
2018-03-01,4,Luz,148745.7142857143,2018
2018-03-01,4,Paulista,158805.47619047618,2018
2018-03-01,4,Pinheiros,158003,2018
2018-03-01,4,República,151879.85714285713,2018
2018-04-01,4,Butantã,77660.33333333333,2018
2018-04-01,4,Faria Lima,45433.04761904762,2018
2018-04-01,4,Fradique Coutinho,19373.666666666668,2018
2018-04-01,4,Higienópolis - Mackenzie,23669.619047619046,2018
2018-04-01,4,Luz,147465.2857142857,2018
2018-04-01,4,Oscar Freire,3964.350000000001,2018
2018-04-01,4,Paulista,152672.38095238095,2018
2018-04-01,4,Pinheiros,154968.47619047618,2018
2018-04-01,4,República,148630.85714285713,2018
2018-05-01,4,Butantã,76391.95238095238,2018
2018-05-01,4,Faria Lima,47028.23809523809,2018
2018-05-01,4,Fradique Coutinho,19619.04761904762,2018
2018-05-01,4,Higienópolis - Mackenzie,24678.809523809523,2018
2018-05-01,4,Luz,148254.52380952382,2018
2018-05-01,4,Oscar Freire,13012.47619047619,2018
2018-05-01,4,Paulista,152122.09523809524,2018
2018-05-01,4,Pinheiros,157599.85714285713,2018
2018-05-01,4,República,150746.61904761905,2018
2018-06-01,4,Butantã,72410.80952380953,2018
2018-06-01,4,Faria Lima,45855.76190476191,2018
2018-06-01,4,Fradique Coutinho,18918.52380952381,2018
2018-06-01,4,Higienópolis - Mackenzie,19100.809523809523,2018
2018-06-01,4,Luz,143285.57142857142,2018
2018-06-01,4,Oscar Freire,14040.190476190477,2018
2018-06-01,4,Paulista,142968.19047619047,2018
2018-06-01,4,Pinheiros,148884.66666666666,2018
2018-06-01,4,República,144554.95238095237,2018
2018-07-01,4,Butantã,63387.27272727273,2018
2018-07-01,4,Faria Lima,42497.13636363636,2018
2018-07-01,4,Fradique Coutinho,17893.68181818182,2018
2018-07-01,4,Higienópolis - Mackenzie,14168.09090909091,2018
2018-07-01,4,Luz,134284.5,2018
2018-07-01,4,Oscar Freire,14252.318181818182,2018
2018-07-01,4,Paulista,129934.18181818182,2018
2018-07-01,4,Pinheiros,139702.4090909091,2018
2018-07-01,4,República,133976.4090909091,2018
2018-08-01,4,Butantã,77727.78260869565,2018
2018-08-01,4,Faria Lima,47623.260869565216,2018
2018-08-01,4,Fradique Coutinho,19270.521739130436,2018
2018-08-01,4,Higienópolis - Mackenzie,26685.695652173912,2018
2018-08-01,4,Luz,150624.5652173913,2018
2018-08-01,4,Oscar Freire,16488.478260869564,2018
2018-08-01,4,Paulista,150871.39130434784,2018
2018-08-01,4,Pinheiros,157072.21739130435,2018
2018-08-01,4,República,150862.95652173914,2018
2018-08-01,5,AACD-Servidor,678,2018
2018-08-01,5,Adolfo Pinheiro,8458.95,2018
2018-08-01,5,Alto da Boa Vista,3337.25,2018
2018-08-01,5,Borba Gato,8199.65,2018
2018-08-01,5,Brooklin,11995.75,2018
2018-08-01,5,Campo Limpo,32411.6,2018
2018-08-01,5,Capão Redondo,72340.65,2018
2018-08-01,5,Eucaliptos,18108.3,2018
2018-08-01,5,Giovanni Gronchi,20365.5,2018
2018-08-01,5,Largo Treze,30389.85,2018
2018-08-01,5,Moema,2424.5,2018
2018-08-01,5,Santo Amaro,90546.1,2018
2018-08-01,5,Vila das Belezas,11372.25,2018
2018-09-01,4,Butantã,77999.1052631579,2018
2018-09-01,4,Faria Lima,47655.63157894737,2018
2018-09-01,4,Fradique Coutinho,19039.473684210527,2018
2018-09-01,4,Higienópolis - Mackenzie,27105.736842105263,2018
2018-09-01,4,Luz,152669.47368421053,2018
2018-09-01,4,Oscar Freire,16845.78947368421,2018
2018-09-01,4,Paulista,151036.68421052632,2018
2018-09-01,4,Pinheiros,156855.47368421053,2018
2018-09-01,4,República,150258.05263157896,2018
2018-09-01,5,AACD-Servidor,5572.368421052631,2018
2018-09-01,5,Adolfo Pinheiro,8946.631578947368,2018
2018-09-01,5,Alto da Boa Vista,3553.684210526316,2018
2018-09-01,5,Borba Gato,8657.421052631578,2018
2018-09-01,5,Brooklin,12350.368421052632,2018
2018-09-01,5,Campo Limpo,31531.57894736842,2018
2018-09-01,5,Capão Redondo,74749.73684210527,2018
2018-09-01,5,Chácara Klabin,3418,2018
2018-09-01,5,Eucaliptos,10135.631578947368,2018
2018-09-01,5,Giovanni Gronchi,21367.947368421053,2018
2018-09-01,5,Hospital São Paulo,1418,2018
2018-09-01,5,Largo Treze,31472.473684210527,2018
2018-09-01,5,Moema,11969.78947368421,2018
2018-09-01,5,Santa Cruz,6030,2018
2018-09-01,5,Santo Amaro,89241.63157894737,2018
2018-09-01,5,Vila das Belezas,12520.052631578947,2018
2018-10-01,4,Butantã,76813.72727272728,2018
2018-10-01,4,Faria Lima,47452.77272727273,2018
2018-10-01,4,Fradique Coutinho,19023.863636363636,2018
2018-10-01,4,Higienópolis - Mackenzie,26566.863636363636,2018
2018-10-01,4,Luz,147237.45454545456,2018
2018-10-01,4,Oscar Freire,17110.954545454544,2018
2018-10-01,4,Paulista,142154.81818181818,2018
2018-10-01,4,Pinheiros,137121.72727272726,2018
2018-10-01,4,República,146554.04545454544,2018
2018-10-01,4,São Paulo - Morumbi,2214.6,2018
2018-10-01,5,AACD-Servidor,10246.772727272728,2018
2018-10-01,5,Adolfo Pinheiro,10747.545454545454,2018
2018-10-01,5,Alto da Boa Vista,4852.954545454545,2018
2018-10-01,5,Borba Gato,10655.727272727272,2018
2018-10-01,5,Brooklin,15819.681818181818,2018
2018-10-01,5,Campo Limpo,33132.045454545456,2018
2018-10-01,5,Capão Redondo,81180.95454545454,2018
2018-10-01,5,Chácara Klabin,29421.909090909092,2018
2018-10-01,5,Eucaliptos,13554.818181818182,2018
2018-10-01,5,Giovanni Gronchi,23643.31818181818,2018
2018-10-01,5,Hospital São Paulo,6302.863636363637,2018
2018-10-01,5,Largo Treze,33056.318181818184,2018
2018-10-01,5,Moema,14074.681818181818,2018
2018-10-01,5,Santa Cruz,35653.681818181816,2018
2018-10-01,5,Santo Amaro,88832.36363636363,2018
2018-10-01,5,Vila das Belezas,12603.40909090909,2018
2018-11-01,4,Butantã,65162.75,2018
2018-11-01,4,Faria Lima,44100.75,2018
2018-11-01,4,Fradique Coutinho,18398.15,2018
2018-11-01,4,Higienópolis - Mackenzie,25073.75,2018
2018-11-01,4,Luz,138766.55,2018
2018-11-01,4,Oscar Freire,17075.4,2018
2018-11-01,4,Paulista,128255,2018
2018-11-01,4,Pinheiros,118166.4,2018
2018-11-01,4,República,139703.45,2018
2018-11-01,4,São Paulo - Morumbi,16550.7,2018
2018-11-01,5,AACD-Servidor,9223.3,2018
2018-11-01,5,Adolfo Pinheiro,11638.6,2018
2018-11-01,5,Alto da Boa Vista,5195.35,2018
2018-11-01,5,Borba Gato,12016.35,2018
2018-11-01,5,Brooklin,17764.75,2018
2018-11-01,5,Campo Limpo,37020.95,2018
2018-11-01,5,Capão Redondo,86597.4,2018
2018-11-01,5,Chácara Klabin,51760.05,2018
2018-11-01,5,Eucaliptos,16182.5,2018
2018-11-01,5,Giovanni Gronchi,24894.1,2018
2018-11-01,5,Hospital São Paulo,9043.55,2018
2018-11-01,5,Largo Treze,35619.4,2018
2018-11-01,5,Moema,15700.9,2018
2018-11-01,5,Santa Cruz,58277.05,2018
2018-11-01,5,Santo Amaro,85244.25,2018
2018-11-01,5,Vila das Belezas,13060.9,2018
2018-12-01,4,Butantã,54556.7,2018
2018-12-01,4,Faria Lima,40762.2,2018
2018-12-01,4,Fradique Coutinho,17533.2,2018
2018-12-01,4,Higienópolis - Mackenzie,18421.6,2018
2018-12-01,4,Luz,131398.85,2018
2018-12-01,4,Oscar Freire,16792.7,2018
2018-12-01,4,Paulista,117876.75,2018
2018-12-01,4,Pinheiros,111141.2,2018
2018-12-01,4,República,131879.85,2018
2018-12-01,4,São Paulo - Morumbi,25755.05,2018
2018-12-01,5,AACD-Servidor,8992.9,2018
2018-12-01,5,Adolfo Pinheiro,10030.9,2018
2018-12-01,5,Alto da Boa Vista,4725.55,2018
2018-12-01,5,Borba Gato,9574.9,2018
2018-12-01,5,Brooklin,17005.3,2018
2018-12-01,5,Campo Limpo,36321.25,2018
2018-12-01,5,Capão Redondo,84412.7,2018
2018-12-01,5,Chácara Klabin,53005.95,2018
2018-12-01,5,Eucaliptos,16846.1,2018
2018-12-01,5,Giovanni Gronchi,23778.9,2018
2018-12-01,5,Hospital São Paulo,8043.9,2018
2018-12-01,5,Largo Treze,34515.5,2018
2018-12-01,5,Moema,15037.85,2018
2018-12-01,5,Santa Cruz,59898.1,2018
2018-12-01,5,Santo Amaro,82950.15,2018
2018-12-01,5,Vila das Belezas,12439.1,2018
2019-01-01,4,Butantã,46559.545454545456,2019
2019-01-01,4,Faria Lima,38822.681818181816,2019
2019-01-01,4,Fradique Coutinho,17135.727272727272,2019
2019-01-01,4,Higienópolis - Mackenzie,15383.272727272728,2019
2019-01-01,4,Luz,123743.90909090909,2019
2019-01-01,4,Oscar Freire,16322.681818181818,2019
2019-01-01,4,Paulista,114297.95454545454,2019
2019-01-01,4,Pinheiros,107307.5,2019
2019-01-01,4,República,125560.59090909091,2019
2019-01-01,4,São Paulo - Morumbi,28330.272727272728,2019
2019-01-01,5,AACD-Servidor,9038.818181818182,2019
2019-01-01,5,Adolfo Pinheiro,9180.40909090909,2019
2019-01-01,5,Alto da Boa Vista,4495.954545454545,2019
2019-01-01,5,Borba Gato,8996.59090909091,2019
2019-01-01,5,Brooklin,16146.772727272728,2019
2019-01-01,5,Campo Limpo,30553.636363636364,2019
2019-01-01,5,Capão Redondo,78625.63636363637,2019
2019-01-01,5,Chácara Klabin,54147.59090909091,2019
2019-01-01,5,Eucaliptos,15213.272727272728,2019
2019-01-01,5,Giovanni Gronchi,21620.454545454544,2019
2019-01-01,5,Hospital São Paulo,8009.136363636364,2019
2019-01-01,5,Largo Treze,29081.545454545456,2019
2019-01-01,5,Moema,14298.59090909091,2019
2019-01-01,5,Santa Cruz,57989.09090909091,2019
2019-01-01,5,Santo Amaro,75342.95454545454,2019
2019-01-01,5,Vila das Belezas,11656.59090909091,2019
2019-02-01,4,Butantã,56709.45,2019
2019-02-01,4,Faria Lima,45302.4,2019
2019-02-01,4,Fradique Coutinho,20343.65,2019
2019-02-01,4,Higienópolis - Mackenzie,28801.45,2019
2019-02-01,4,Luz,143141.9,2019
2019-02-01,4,Oscar Freire,19626.6,2019
2019-02-01,4,Paulista,140912.9,2019
2019-02-01,4,Pinheiros,124833.65,2019
2019-02-01,4,República,146678.65,2019
2019-02-01,4,São Paulo - Morumbi,38528.6,2019
2019-02-01,5,AACD-Servidor,10618.6,2019
2019-02-01,5,Adolfo Pinheiro,12183.15,2019
2019-02-01,5,Alto da Boa Vista,5695.4,2019
2019-02-01,5,Borba Gato,13746.7,2019
2019-02-01,5,Brooklin,20162.15,2019
2019-02-01,5,Campo Limpo,35285.1,2019
2019-02-01,5,Capão Redondo,89905,2019
2019-02-01,5,Chácara Klabin,66120.15,2019
2019-02-01,5,Eucaliptos,17908.05,2019
2019-02-01,5,Giovanni Gronchi,25433.5,2019
2019-02-01,5,Hospital São Paulo,10896.5,2019
2019-02-01,5,Largo Treze,35371.55,2019
2019-02-01,5,Moema,17748.4,2019
2019-02-01,5,Santa Cruz,67672.65,2019
2019-02-01,5,Santo Amaro,92481.8,2019
2019-02-01,5,Vila das Belezas,13342.45,2019
2019-03-01,4,Butantã,57162,2019
2019-03-01,4,Faria Lima,43400,2019
2019-03-01,4,Fradique Coutinho,19358.894736842107,2019
2019-03-01,4,Higienópolis - Mackenzie,29292.736842105263,2019
2019-03-01,4,Luz,145987,2019
2019-03-01,4,Oscar Freire,19453.842105263157,2019
2019-03-01,4,Paulista,130857.26315789475,2019
2019-03-01,4,Pinheiros,126378.63157894737,2019
2019-03-01,4,República,150335,2019
2019-03-01,4,São Paulo - Morumbi,41261.36842105263,2019
2019-03-01,5,AACD-Servidor,11143.578947368422,2019
2019-03-01,5,Adolfo Pinheiro,12854.736842105263,2019
2019-03-01,5,Alto da Boa Vista,6081.368421052632,2019
2019-03-01,5,Borba Gato,14930.736842105263,2019
2019-03-01,5,Brooklin,20585.105263157893,2019
2019-03-01,5,Campo Limpo,37877.68421052631,2019
2019-03-01,5,Capão Redondo,91145.21052631579,2019
2019-03-01,5,Chácara Klabin,70311.15789473684,2019
2019-03-01,5,Eucaliptos,18625.42105263158,2019
2019-03-01,5,Giovanni Gronchi,26043.052631578947,2019
2019-03-01,5,Hospital São Paulo,11503.052631578947,2019
2019-03-01,5,Largo Treze,37657.73684210526,2019
2019-03-01,5,Moema,18450.105263157893,2019
2019-03-01,5,Santa Cruz,72057.1052631579,2019
2019-03-01,5,Santo Amaro,91796.05263157895,2019
2019-03-01,5,Vila das Belezas,13849.736842105263,2019
2019-04-01,4,Butantã,59410.619047619046,2019
2019-04-01,4,Faria Lima,46158.333333333336,2019
2019-04-01,4,Fradique Coutinho,21357.14285714286,2019
2019-04-01,4,Higienópolis - Mackenzie,32371.380952380954,2019
2019-04-01,4,Luz,149352.47619047618,2019
2019-04-01,4,Oscar Freire,21405.95238095238,2019
2019-04-01,4,Paulista,146826.90476190476,2019
2019-04-01,4,Pinheiros,130784.14285714286,2019
2019-04-01,4,República,153922.2380952381,2019
2019-04-01,4,São Paulo - Morumbi,45529.90476190476,2019
2019-04-01,5,AACD-Servidor,11832.714285714286,2019
2019-04-01,5,Adolfo Pinheiro,13739.238095238095,2019
2019-04-01,5,Alto da Boa Vista,6465.0952380952385,2019
2019-04-01,5,Borba Gato,15308.52380952381,2019
2019-04-01,5,Brooklin,20613.238095238095,2019
2019-04-01,5,Campo Belo,4174,2019
2019-04-01,5,Campo Limpo,38820.04761904762,2019
2019-04-01,5,Capão Redondo,92571.04761904762,2019
2019-04-01,5,Chácara Klabin,75774.71428571429,2019
2019-04-01,5,Eucaliptos,19813.619047619046,2019
2019-04-01,5,Giovanni Gronchi,27117.761904761905,2019
2019-04-01,5,Hospital São Paulo,12117.857142857143,2019
2019-04-01,5,Largo Treze,39363.333333333336,2019
2019-04-01,5,Moema,19493,2019
2019-04-01,5,Santa Cruz,74482.42857142857,2019
2019-04-01,5,Santo Amaro,97204.80952380953,2019
2019-04-01,5,Vila das Belezas,14262.047619047618,2019
2019-05-01,4,Butantã,59006.59090909091,2019
2019-05-01,4,Faria Lima,46484,2019
2019-05-01,4,Fradique Coutinho,21555.545454545456,2019
2019-05-01,4,Higienópolis - Mackenzie,32029.136363636364,2019
2019-05-01,4,Luz,148466.86363636365,2019
2019-05-01,4,Oscar Freire,21824.863636363636,2019
2019-05-01,4,Paulista,149201.45454545456,2019
2019-05-01,4,Pinheiros,130381.68181818182,2019
2019-05-01,4,República,153560.18181818182,2019
2019-05-01,4,São Paulo - Morumbi,46948.27272727273,2019
2019-05-01,5,AACD-Servidor,12015.181818181818,2019
2019-05-01,5,Adolfo Pinheiro,13507.727272727272,2019
2019-05-01,5,Alto da Boa Vista,6275.636363636364,2019
2019-05-01,5,Borba Gato,15418.227272727272,2019
2019-05-01,5,Brooklin,19035.863636363636,2019
2019-05-01,5,Campo Belo,6826.772727272727,2019
2019-05-01,5,Campo Limpo,39134.09090909091,2019
2019-05-01,5,Capão Redondo,97199.04545454546,2019
2019-05-01,5,Chácara Klabin,76710.13636363637,2019
2019-05-01,5,Eucaliptos,19718.545454545456,2019
2019-05-01,5,Giovanni Gronchi,26501.227272727272,2019
2019-05-01,5,Hospital São Paulo,11927.40909090909,2019
2019-05-01,5,Largo Treze,38365.181818181816,2019
2019-05-01,5,Moema,19284.227272727272,2019
2019-05-01,5,Santa Cruz,73404.63636363637,2019
2019-05-01,5,Santo Amaro,94659.95454545454,2019
2019-05-01,5,Vila das Belezas,14122.545454545454,2019
2019-06-01,4,Butantã,54909.05263157895,2019
2019-06-01,4,Faria Lima,43706.94736842105,2019
2019-06-01,4,Fradique Coutinho,20534.105263157893,2019
2019-06-01,4,Higienópolis - Mackenzie,24005.947368421053,2019
2019-06-01,4,Luz,146055.52631578947,2019
2019-06-01,4,Oscar Freire,21075.736842105263,2019
2019-06-01,4,Paulista,138763,2019
2019-06-01,4,Pinheiros,125604.1052631579,2019
2019-06-01,4,República,145258.94736842104,2019
2019-06-01,4,São Paulo - Morumbi,47344.73684210526,2019
2019-06-01,5,AACD-Servidor,10925.157894736842,2019
2019-06-01,5,Adolfo Pinheiro,11958.78947368421,2019
2019-06-01,5,Alto da Boa Vista,6020.210526315789,2019
2019-06-01,5,Borba Gato,12491.473684210527,2019
2019-06-01,5,Brooklin,17715.315789473683,2019
2019-06-01,5,Campo Belo,7243.789473684211,2019
2019-06-01,5,Campo Limpo,34802.10526315789,2019
2019-06-01,5,Capão Redondo,89160.47368421052,2019
2019-06-01,5,Chácara Klabin,71959.36842105263,2019
2019-06-01,5,Eucaliptos,18724.736842105263,2019
2019-06-01,5,Giovanni Gronchi,24087.42105263158,2019
2019-06-01,5,Hospital São Paulo,10843.157894736842,2019
2019-06-01,5,Largo Treze,33752.05263157895,2019
2019-06-01,5,Moema,18174.473684210527,2019
2019-06-01,5,Santa Cruz,66293.05263157895,2019
2019-06-01,5,Santo Amaro,88796.47368421052,2019
2019-06-01,5,Vila das Belezas,12795.684210526315,2019
2019-07-01,4,Butantã,45953.13043478261,2019
2019-07-01,4,Faria Lima,40614.782608695656,2019
2019-07-01,4,Fradique Coutinho,19433,2019
2019-07-01,4,Higienópolis - Mackenzie,18839.652173913044,2019
2019-07-01,4,Luz,135555.65217391305,2019
2019-07-01,4,Oscar Freire,20069.521739130436,2019
2019-07-01,4,Paulista,125729.21739130435,2019
2019-07-01,4,Pinheiros,116925.04347826086,2019
2019-07-01,4,República,134875.52173913043,2019
2019-07-01,4,São Paulo - Morumbi,42694.608695652176,2019
2019-07-01,5,AACD-Servidor,10340.608695652174,2019
2019-07-01,5,Adolfo Pinheiro,9965.521739130434,2019
2019-07-01,5,Alto da Boa Vista,5204,2019
2019-07-01,5,Borba Gato,10246.869565217392,2019
2019-07-01,5,Brooklin,16019.478260869566,2019
2019-07-01,5,Campo Belo,7070.217391304348,2019
2019-07-01,5,Campo Limpo,36124.34782608696,2019
2019-07-01,5,Capão Redondo,86112.60869565218,2019
2019-07-01,5,Chácara Klabin,66888.43478260869,2019
2019-07-01,5,Eucaliptos,16688.608695652172,2019
2019-07-01,5,Giovanni Gronchi,22465.391304347828,2019
2019-07-01,5,Hospital São Paulo,9427.695652173914,2019
2019-07-01,5,Largo Treze,29804.82608695652,2019
2019-07-01,5,Moema,16547.695652173912,2019
2019-07-01,5,Santa Cruz,63003.391304347824,2019
2019-07-01,5,Santo Amaro,85546.86956521739,2019
2019-07-01,5,Vila das Belezas,11981.304347826086,2019
2019-08-01,4,Butantã,56836.681818181816,2019
2019-08-01,4,Faria Lima,45899.545454545456,2019
2019-08-01,4,Fradique Coutinho,21399.590909090908,2019
2019-08-01,4,Higienópolis - Mackenzie,32260.227272727272,2019
2019-08-01,4,Luz,150193.77272727274,2019
2019-08-01,4,Oscar Freire,22786.272727272728,2019
2019-08-01,4,Paulista,147480.63636363635,2019
2019-08-01,4,Pinheiros,130319.36363636363,2019
2019-08-01,4,República,152265.18181818182,2019
2019-08-01,4,São Paulo - Morumbi,50627.27272727273,2019
2019-08-01,5,AACD-Servidor,11684.636363636364,2019
2019-08-01,5,Adolfo Pinheiro,12319.5,2019
2019-08-01,5,Alto da Boa Vista,6474.136363636364,2019
2019-08-01,5,Borba Gato,15150.90909090909,2019
2019-08-01,5,Brooklin,18833.545454545456,2019
2019-08-01,5,Campo Belo,8847.227272727272,2019
2019-08-01,5,Campo Limpo,40328.36363636364,2019
2019-08-01,5,Capão Redondo,98021.77272727272,2019
2019-08-01,5,Chácara Klabin,78269.95454545454,2019
2019-08-01,5,Eucaliptos,18875.363636363636,2019
2019-08-01,5,Giovanni Gronchi,25866.909090909092,2019
2019-08-01,5,Hospital São Paulo,11709.636363636364,2019
2019-08-01,5,Largo Treze,36033.86363636364,2019
2019-08-01,5,Moema,19471.81818181818,2019
2019-08-01,5,Santa Cruz,71668.59090909091,2019
2019-08-01,5,Santo Amaro,98356.77272727272,2019
2019-08-01,5,Vila das Belezas,13846.636363636364,2019
2019-09-01,4,Butantã,56650.95238095238,2019
2019-09-01,4,Faria Lima,45912.619047619046,2019
2019-09-01,4,Fradique Coutinho,21661.04761904762,2019
2019-09-01,4,Higienópolis - Mackenzie,32845.52380952381,2019
2019-09-01,4,Luz,151255.42857142858,2019
2019-09-01,4,Oscar Freire,23518.095238095237,2019
2019-09-01,4,Paulista,148260.42857142858,2019
2019-09-01,4,Pinheiros,132410.42857142858,2019
2019-09-01,4,República,153840.85714285713,2019
2019-09-01,4,São Paulo - Morumbi,51640.09523809524,2019
2019-09-01,5,AACD-Servidor,12181.952380952382,2019
2019-09-01,5,Adolfo Pinheiro,13687.380952380952,2019
2019-09-01,5,Alto da Boa Vista,6618.666666666667,2019
2019-09-01,5,Borba Gato,15821.047619047618,2019
2019-09-01,5,Brooklin,19286.52380952381,2019
2019-09-01,5,Campo Belo,9741.142857142857,2019
2019-09-01,5,Campo Limpo,40707.333333333336,2019
2019-09-01,5,Capão Redondo,99868,2019
2019-09-01,5,Chácara Klabin,81840.80952380953,2019
2019-09-01,5,Eucaliptos,19549.761904761905,2019
2019-09-01,5,Giovanni Gronchi,26159.095238095237,2019
2019-09-01,5,Hospital São Paulo,12094.761904761905,2019
2019-09-01,5,Largo Treze,37887.57142857143,2019
2019-09-01,5,Moema,20149.095238095237,2019
2019-09-01,5,Santa Cruz,74210.14285714286,2019
2019-09-01,5,Santo Amaro,95809.47619047618,2019
2019-09-01,5,Vila das Belezas,14255.42857142857,2019
2019-10-01,4,Butantã,56351.47826086957,2019
2019-10-01,4,Faria Lima,45418.52173913043,2019
2019-10-01,4,Fradique Coutinho,21836.695652173912,2019
2019-10-01,4,Higienópolis - Mackenzie,31127.565217391304,2019
2019-10-01,4,Luz,152719.39130434784,2019
2019-10-01,4,Oscar Freire,23870.434782608696,2019
2019-10-01,4,Paulista,148009.95652173914,2019
2019-10-01,4,Pinheiros,133230.4347826087,2019
2019-10-01,4,República,153237.26086956522,2019
2019-10-01,4,São Paulo - Morumbi,52631.65217391304,2019
2019-10-01,5,AACD-Servidor,12014.260869565218,2019
2019-10-01,5,Adolfo Pinheiro,13710.260869565218,2019
2019-10-01,5,Alto da Boa Vista,6554.086956521739,2019
2019-10-01,5,Borba Gato,15305.08695652174,2019
2019-10-01,5,Brooklin,19529.869565217392,2019
2019-10-01,5,Campo Belo,10169.826086956522,2019
2019-10-01,5,Campo Limpo,42236.13043478261,2019
2019-10-01,5,Capão Redondo,101539.95652173914,2019
2019-10-01,5,Chácara Klabin,81525.39130434782,2019
2019-10-01,5,Eucaliptos,19888.739130434784,2019
2019-10-01,5,Giovanni Gronchi,26474.565217391304,2019
2019-10-01,5,Hospital São Paulo,12047.652173913044,2019
2019-10-01,5,Largo Treze,38819.34782608696,2019
2019-10-01,5,Moema,20462.434782608696,2019
2019-10-01,5,Santa Cruz,76499.21739130435,2019
2019-10-01,5,Santo Amaro,95255.47826086957,2019
2019-10-01,5,Vila das Belezas,14318.739130434782,2019
2019-11-01,4,Butantã,56106.8,2019
2019-11-01,4,Faria Lima,46148.7,2019
2019-11-01,4,Fradique Coutinho,21504.3,2019
2019-11-01,4,Higienópolis - Mackenzie,30756.2,2019
2019-11-01,4,Luz,150854.55,2019
2019-11-01,4,Oscar Freire,24023.05,2019
2019-11-01,4,Paulista,144888.25,2019
2019-11-01,4,Pinheiros,132336,2019
2019-11-01,4,República,152016.1,2019
2019-11-01,4,São Paulo - Morumbi,52795.15,2019
2019-11-01,5,AACD-Servidor,12051.8,2019
2019-11-01,5,Adolfo Pinheiro,14047.2,2019
2019-11-01,5,Alto da Boa Vista,6451.15,2019
2019-11-01,5,Borba Gato,15277.15,2019
2019-11-01,5,Brooklin,19010.85,2019
2019-11-01,5,Campo Belo,10353.3,2019
2019-11-01,5,Campo Limpo,42027.55,2019
2019-11-01,5,Capão Redondo,100555.75,2019
2019-11-01,5,Chácara Klabin,80165.15,2019
2019-11-01,5,Eucaliptos,20145.7,2019
2019-11-01,5,Giovanni Gronchi,26257.4,2019
2019-11-01,5,Hospital São Paulo,12070.4,2019
2019-11-01,5,Largo Treze,38280.8,2019
2019-11-01,5,Moema,20518.4,2019
2019-11-01,5,Santa Cruz,77427,2019
2019-11-01,5,Santo Amaro,93657,2019
2019-11-01,5,Vila das Belezas,14586.55,2019
2019-12-01,4,Butantã,45585,2019
2019-12-01,4,Faria Lima,39849.857142857145,2019
2019-12-01,4,Fradique Coutinho,18424.809523809523,2019
2019-12-01,4,Higienópolis - Mackenzie,20565.714285714283,2019
2019-12-01,4,Luz,137481.04761904763,2019
2019-12-01,4,Oscar Freire,21508.333333333336,2019
2019-12-01,4,Paulista,122349.33333333334,2019
2019-12-01,4,Pinheiros,117116.90476190476,2019
2019-12-01,4,República,133125.38095238095,2019
2019-12-01,4,São Paulo - Morumbi,46837.23809523809,2019
2019-12-01,5,AACD-Servidor,10340.42857142857,2019
2019-12-01,5,Adolfo Pinheiro,11317.57142857143,2019
2019-12-01,5,Alto da Boa Vista,5328.190476190476,2019
2019-12-01,5,Borba Gato,11164.47619047619,2019
2019-12-01,5,Brooklin,16298.857142857141,2019
2019-12-01,5,Campo Belo,9061.047619047618,2019
2019-12-01,5,Campo Limpo,38782.57142857143,2019
2019-12-01,5,Capão Redondo,90702.04761904762,2019
2019-12-01,5,Chácara Klabin,70724.85714285714,2019
2019-12-01,5,Eucaliptos,18995.714285714286,2019
2019-12-01,5,Giovanni Gronchi,24460.95238095238,2019
2019-12-01,5,Hospital São Paulo,9736.380952380952,2019
2019-12-01,5,Largo Treze,35418.71428571428,2019
2019-12-01,5,Moema,17813.95238095238,2019
2019-12-01,5,Santa Cruz,70491.52380952382,2019
2019-12-01,5,Santo Amaro,88833.90476190476,2019
2019-12-01,5,Vila das Belezas,13295.380952380952,2019
2020-01-01,4,Butantã,43587.22727272727,2020
2020-01-01,4,Faria Lima,41154.181818181816,2020
2020-01-01,4,Fradique Coutinho,19441.954545454544,2020
2020-01-01,4,Higienópolis - Mackenzie,19406.772727272728,2020
2020-01-01,4,Luz,137580,2020
2020-01-01,4,Oscar Freire,21929.863636363636,2020
2020-01-01,4,Paulista,122765.22727272728,2020
2020-01-01,4,Pinheiros,119277.36363636363,2020
2020-01-01,4,República,131753.31818181818,2020
2020-01-01,4,São Paulo - Morumbi,44913.454545454544,2020
2020-01-01,5,AACD-Servidor,10884.136363636364,2020
2020-01-01,5,Adolfo Pinheiro,10344.136363636364,2020
2020-01-01,5,Alto da Boa Vista,5288.090909090909,2020
2020-01-01,5,Borba Gato,11163.545454545454,2020
2020-01-01,5,Brooklin,16385.18181818182,2020
2020-01-01,5,Campo Belo,9164.09090909091,2020
2020-01-01,5,Campo Limpo,38325.181818181816,2020
2020-01-01,5,Capão Redondo,87360.59090909091,2020
2020-01-01,5,Chácara Klabin,71584.54545454546,2020
2020-01-01,5,Eucaliptos,17814.31818181818,2020
2020-01-01,5,Giovanni Gronchi,23542.954545454544,2020
2020-01-01,5,Hospital São Paulo,9856.454545454546,2020
2020-01-01,5,Largo Treze,31062.5,2020
2020-01-01,5,Moema,17960.68181818182,2020
2020-01-01,5,Santa Cruz,69823.72727272728,2020
2020-01-01,5,Santo Amaro,91597.72727272728,2020
2020-01-01,5,Vila das Belezas,12348.40909090909,2020
2020-02-01,4,Butantã,51160.666666666664,2020
2020-02-01,4,Faria Lima,45464.666666666664,2020
2020-02-01,4,Fradique Coutinho,21254.777777777777,2020
2020-02-01,4,Higienópolis - Mackenzie,30528.722222222223,2020
2020-02-01,4,Luz,147439.33333333334,2020
2020-02-01,4,Oscar Freire,24171.944444444445,2020
2020-02-01,4,Paulista,141726.88888888888,2020
2020-02-01,4,Pinheiros,122803.16666666667,2020
2020-02-01,4,República,144307.88888888888,2020
2020-02-01,4,São Paulo - Morumbi,51899.055555555555,2020
2020-02-01,5,AACD-Servidor,11801.166666666666,2020
2020-02-01,5,Adolfo Pinheiro,12631.777777777777,2020
2020-02-01,5,Alto da Boa Vista,6250.777777777777,2020
2020-02-01,5,Borba Gato,15559.222222222223,2020
2020-02-01,5,Brooklin,19298.5,2020
2020-02-01,5,Campo Belo,10970.611111111111,2020
2020-02-01,5,Campo Limpo,41057.38888888889,2020
2020-02-01,5,Capão Redondo,95809.33333333333,2020
2020-02-01,5,Chácara Klabin,83786.88888888889,2020
2020-02-01,5,Eucaliptos,19807.944444444445,2020
2020-02-01,5,Giovanni Gronchi,26695.944444444445,2020
2020-02-01,5,Hospital São Paulo,12137.388888888889,2020
2020-02-01,5,Largo Treze,35240.055555555555,2020
2020-02-01,5,Moema,20702.61111111111,2020
2020-02-01,5,Santa Cruz,78965.83333333333,2020
2020-02-01,5,Santo Amaro,97157.33333333333,2020
2020-02-01,5,Vila das Belezas,14184.888888888889,2020
2020-03-01,4,Butantã,36049.13636363637,2020
2020-03-01,4,Faria Lima,27586.95454545455,2020
2020-03-01,4,Fradique Coutinho,13082.909090909092,2020
2020-03-01,4,Higienópolis - Mackenzie,19169.636363636364,2020
2020-03-01,4,Luz,101529.04545454546,2020
2020-03-01,4,Oscar Freire,16419.318181818184,2020
2020-03-01,4,Paulista,91595.86363636363,2020
2020-03-01,4,Pinheiros,83669.68181818182,2020
2020-03-01,4,República,95995.86363636363,2020
2020-03-01,4,São Paulo - Morumbi,35739.181818181816,2020
2020-03-01,5,AACD-Servidor,8056.590909090908,2020
2020-03-01,5,Adolfo Pinheiro,8543.090909090908,2020
2020-03-01,5,Alto da Boa Vista,4189.818181818181,2020
2020-03-01,5,Borba Gato,9990.272727272726,2020
2020-03-01,5,Brooklin,12267.727272727274,2020
2020-03-01,5,Campo Belo,7095.045454545454,2020
2020-03-01,5,Campo Limpo,29125.818181818184,2020
2020-03-01,5,Capão Redondo,70480.54545454544,2020
2020-03-01,5,Chácara Klabin,57284.13636363637,2020
2020-03-01,5,Eucaliptos,12637.727272727276,2020
2020-03-01,5,Giovanni Gronchi,19033.409090909092,2020
2020-03-01,5,Hospital São Paulo,8408.81818181818,2020
2020-03-01,5,Largo Treze,25419.545454545452,2020
2020-03-01,5,Moema,13473.227272727276,2020
2020-03-01,5,Santa Cruz,53059.818181818184,2020
2020-03-01,5,Santo Amaro,69317.27272727274,2020
2020-03-01,5,Vila das Belezas,10357.5,2020
2020-04-01,4,Butantã,10936.95,2020
2020-04-01,4,Faria Lima,6035.25,2020
2020-04-01,4,Fradique Coutinho,3141.2,2020
2020-04-01,4,Higienópolis - Mackenzie,3751.35,2020
2020-04-01,4,Luz,37116.2,2020
2020-04-01,4,Oscar Freire,6359.1,2020
2020-04-01,4,Paulista,24459.8,2020
2020-04-01,4,Pinheiros,25478.9,2020
2020-04-01,4,República,29023.95,2020
2020-04-01,4,São Paulo - Morumbi,11726.4,2020
2020-04-01,5,AACD-Servidor,2933.9,2020
2020-04-01,5,Adolfo Pinheiro,2127.3,2020
2020-04-01,5,Alto da Boa Vista,1194.55,2020
2020-04-01,5,Borba Gato,1642.2,2020
2020-04-01,5,Brooklin,3447.35,2020
2020-04-01,5,Campo Belo,2055.75,2020
2020-04-01,5,Campo Limpo,11600.5,2020
2020-04-01,5,Capão Redondo,29940.7,2020
2020-04-01,5,Chácara Klabin,19015,2020
2020-04-01,5,Eucaliptos,3517.2,2020
2020-04-01,5,Giovanni Gronchi,7764.3,2020
2020-04-01,5,Hospital São Paulo,2909.35,2020
2020-04-01,5,Largo Treze,8210.9,2020
2020-04-01,5,Moema,4089.9,2020
2020-04-01,5,Santa Cruz,19074.1,2020
2020-04-01,5,Santo Amaro,26206.8,2020
2020-04-01,5,Vila das Belezas,4439.6,2020
2020-05-01,4,Butantã,11583.4,2020
2020-05-01,4,Faria Lima,6326.05,2020
2020-05-01,4,Fradique Coutinho,3430.65,2020
2020-05-01,4,Higienópolis - Mackenzie,3886.45,2020
2020-05-01,4,Luz,39201.7,2020
2020-05-01,4,Oscar Freire,6714.8,2020
2020-05-01,4,Paulista,24874,2020
2020-05-01,4,Pinheiros,26364.5,2020
2020-05-01,4,República,30380.45,2020
2020-05-01,4,São Paulo - Morumbi,12047.8,2020
2020-05-01,5,AACD-Servidor,3077.45,2020
2020-05-01,5,Adolfo Pinheiro,2211,2020
2020-05-01,5,Alto da Boa Vista,1302.7,2020
2020-05-01,5,Borba Gato,1726.75,2020
2020-05-01,5,Brooklin,3624.2,2020
2020-05-01,5,Campo Belo,2203.05,2020
2020-05-01,5,Campo Limpo,12261.7,2020
2020-05-01,5,Capão Redondo,31312.6,2020
2020-05-01,5,Chácara Klabin,19704.2,2020
2020-05-01,5,Eucaliptos,3803.7,2020
2020-05-01,5,Giovanni Gronchi,7983.45,2020
2020-05-01,5,Hospital São Paulo,3214.3,2020
2020-05-01,5,Largo Treze,8907.35,2020
2020-05-01,5,Moema,4462.9,2020
2020-05-01,5,Santa Cruz,20409.85,2020
2020-05-01,5,Santo Amaro,27294.85,2020
2020-05-01,5,Vila das Belezas,4654.35,2020
2020-06-01,4,Butantã,14301.666666666666,2020
2020-06-01,4,Faria Lima,8642.285714285714,2020
2020-06-01,4,Fradique Coutinho,4584.857142857143,2020
2020-06-01,4,Higienópolis - Mackenzie,4835.9047619047615,2020
2020-06-01,4,Luz,50463.90476190476,2020
2020-06-01,4,Oscar Freire,8218.809523809523,2020
2020-06-01,4,Paulista,31163.809523809523,2020
2020-06-01,4,Pinheiros,33048.71428571428,2020
2020-06-01,4,República,38908.76190476191,2020
2020-06-01,4,São Paulo - Morumbi,15387.333333333334,2020
2020-06-01,5,AACD-Servidor,3593.8571428571427,2020
2020-06-01,5,Adolfo Pinheiro,3112.904761904762,2020
2020-06-01,5,Alto da Boa Vista,1648.7619047619048,2020
2020-06-01,5,Borba Gato,2189.5714285714284,2020
2020-06-01,5,Brooklin,4588.0952380952385,2020
2020-06-01,5,Campo Belo,2779.714285714286,2020
2020-06-01,5,Campo Limpo,15717.380952380952,2020
2020-06-01,5,Capão Redondo,39456.80952380953,2020
2020-06-01,5,Chácara Klabin,24711.761904761905,2020
2020-06-01,5,Eucaliptos,5337.0952380952385,2020
2020-06-01,5,Giovanni Gronchi,9672.238095238095,2020
2020-06-01,5,Hospital São Paulo,3851.6666666666665,2020
2020-06-01,5,Largo Treze,12477.619047619048,2020
2020-06-01,5,Moema,5703.190476190476,2020
2020-06-01,5,Santa Cruz,26282.428571428572,2020
2020-06-01,5,Santo Amaro,33729.333333333336,2020
2020-06-01,5,Vila das Belezas,5853.285714285715,2020
2020-07-01,4,Butantã,16981.304347826088,2020
2020-07-01,4,Faria Lima,11297.521739130434,2020
2020-07-01,4,Fradique Coutinho,6008.04347826087,2020
2020-07-01,4,Higienópolis - Mackenzie,6101.652173913043,2020
2020-07-01,4,Luz,60361.782608695656,2020
2020-07-01,4,Oscar Freire,9980.826086956522,2020
2020-07-01,4,Paulista,38067.608695652176,2020
2020-07-01,4,Pinheiros,40377.217391304344,2020
2020-07-01,4,República,47163.739130434784,2020
2020-07-01,4,São Paulo - Morumbi,18741.304347826088,2020
2020-07-01,5,AACD-Servidor,4153.217391304348,2020
2020-07-01,5,Adolfo Pinheiro,3964,2020
2020-07-01,5,Alto da Boa Vista,2033.8260869565217,2020
2020-07-01,5,Borba Gato,2819.2608695652175,2020
2020-07-01,5,Brooklin,5584.217391304348,2020
2020-07-01,5,Campo Belo,3512.8695652173915,2020
2020-07-01,5,Campo Limpo,18899.260869565216,2020
2020-07-01,5,Capão Redondo,47575.17391304348,2020
2020-07-01,5,Chácara Klabin,29963.043478260868,2020
2020-07-01,5,Eucaliptos,7071.826086956522,2020
2020-07-01,5,Giovanni Gronchi,11264.478260869566,2020
2020-07-01,5,Hospital São Paulo,4429.826086956522,2020
2020-07-01,5,Largo Treze,15462.739130434782,2020
2020-07-01,5,Moema,7442.913043478261,2020
2020-07-01,5,Santa Cruz,31870.391304347828,2020
2020-07-01,5,Santo Amaro,40850.739130434784,2020
2020-07-01,5,Vila das Belezas,6937.478260869565,2020
2020-08-01,4,Butantã,18999.714285714286,2020
2020-08-01,4,Faria Lima,13153.619047619048,2020
2020-08-01,4,Fradique Coutinho,6842.761904761905,2020
2020-08-01,4,Higienópolis - Mackenzie,7231,2020
2020-08-01,4,Luz,67343.85714285714,2020
2020-08-01,4,Oscar Freire,11244.857142857143,2020
2020-08-01,4,Paulista,44115.47619047619,2020
2020-08-01,4,Pinheiros,45322.95238095238,2020
2020-08-01,4,República,53867.142857142855,2020
2020-08-01,4,São Paulo - Morumbi,21393.333333333332,2020
2020-08-01,5,AACD-Servidor,4655.952380952381,2020
2020-08-01,5,Adolfo Pinheiro,4685.238095238095,2020
2020-08-01,5,Alto da Boa Vista,2336.4761904761904,2020
2020-08-01,5,Borba Gato,3322.190476190476,2020
2020-08-01,5,Brooklin,6529.238095238095,2020
2020-08-01,5,Campo Belo,4114,2020
2020-08-01,5,Campo Limpo,21226.14285714286,2020
2020-08-01,5,Capão Redondo,53412.47619047619,2020
2020-08-01,5,Chácara Klabin,34428.04761904762,2020
2020-08-01,5,Eucaliptos,8178.714285714285,2020
2020-08-01,5,Giovanni Gronchi,12738.952380952382,2020
2020-08-01,5,Hospital São Paulo,5127,2020
2020-08-01,5,Largo Treze,17422.190476190477,2020
2020-08-01,5,Moema,8535.333333333334,2020
2020-08-01,5,Santa Cruz,36476.619047619046,2020
2020-08-01,5,Santo Amaro,46040.857142857145,2020
2020-08-01,5,Vila das Belezas,7565.714285714285,2020
2020-09-01,4,Butantã,21209.47619047619,2020
2020-09-01,4,Faria Lima,14827.666666666666,2020
2020-09-01,4,Fradique Coutinho,7652.142857142857,2020
2020-09-01,4,Higienópolis - Mackenzie,8123.476190476191,2020
2020-09-01,4,Luz,72992.33333333333,2020
2020-09-01,4,Oscar Freire,12442.333333333334,2020
2020-09-01,4,Paulista,48845.57142857143,2020
2020-09-01,4,Pinheiros,50137.857142857145,2020
2020-09-01,4,República,59676.57142857143,2020
2020-09-01,4,São Paulo - Morumbi,23682.47619047619,2020
2020-09-01,5,AACD-Servidor,5392.142857142857,2020
2020-09-01,5,Adolfo Pinheiro,5122.952380952381,2020
2020-09-01,5,Alto da Boa Vista,2614.714285714286,2020
2020-09-01,5,Borba Gato,3758.0476190476193,2020
2020-09-01,5,Brooklin,7395.0952380952385,2020
2020-09-01,5,Campo Belo,4763.047619047619,2020
2020-09-01,5,Campo Limpo,23603.238095238095,2020
2020-09-01,5,Capão Redondo,58257.09523809524,2020
2020-09-01,5,Chácara Klabin,38557.23809523809,2020
2020-09-01,5,Eucaliptos,9189.666666666666,2020
2020-09-01,5,Giovanni Gronchi,13824.142857142857,2020
2020-09-01,5,Hospital São Paulo,5736.190476190476,2020
2020-09-01,5,Largo Treze,19312.47619047619,2020
2020-09-01,5,Moema,9633.047619047618,2020
2020-09-01,5,Santa Cruz,40347.19047619047,2020
2020-09-01,5,Santo Amaro,50487.857142857145,2020
2020-09-01,5,Vila das Belezas,8272.857142857143,2020
2020-10-01,4,Butantã,22513.571428571428,2020
2020-10-01,4,Faria Lima,16472.85714285714,2020
2020-10-01,4,Fradique Coutinho,8557.857142857143,2020
2020-10-01,4,Higienópolis - Mackenzie,9002.904761904761,2020
2020-10-01,4,Luz,78556.38095238095,2020
2020-10-01,4,Oscar Freire,13342.285714285714,2020
2020-10-01,4,Paulista,53798.23809523809,2020
2020-10-01,4,Pinheiros,54534.71428571428,2020
2020-10-01,4,República,64457.333333333336,2020
2020-10-01,4,São Paulo - Morumbi,25974.285714285714,2020
2020-10-01,5,AACD-Servidor,5831.142857142857,2020
2020-10-01,5,Adolfo Pinheiro,5931.428571428572,2020
2020-10-01,5,Alto da Boa Vista,2976,2020
2020-10-01,5,Borba Gato,4345.571428571428,2020
2020-10-01,5,Brooklin,8200.714285714286,2020
2020-10-01,5,Campo Belo,5400.619047619048,2020
2020-10-01,5,Campo Limpo,25587.52380952381,2020
2020-10-01,5,Capão Redondo,62811.23809523809,2020
2020-10-01,5,Chácara Klabin,42514.90476190476,2020
2020-10-01,5,Eucaliptos,10269.761904761905,2020
2020-10-01,5,Giovanni Gronchi,14887.333333333334,2020
2020-10-01,5,Hospital São Paulo,6168.380952380952,2020
2020-10-01,5,Largo Treze,20962.619047619046,2020
2020-10-01,5,Moema,10735.857142857143,2020
2020-10-01,5,Santa Cruz,44169.380952380954,2020
2020-10-01,5,Santo Amaro,54553.666666666664,2020
2020-10-01,5,Vila das Belezas,8866.190476190477,2020
2020-11-01,4,Butantã,23784.85,2020
2020-11-01,4,Faria Lima,17384.05,2020
2020-11-01,4,Fradique Coutinho,9159.55,2020
2020-11-01,4,Higienópolis - Mackenzie,9507.55,2020
2020-11-01,4,Luz,82391.6,2020
2020-11-01,4,Oscar Freire,13478.9,2020
2020-11-01,4,Paulista,56522.9,2020
2020-11-01,4,Pinheiros,57634.35,2020
2020-11-01,4,República,67660.55,2020
2020-11-01,4,São Paulo - Morumbi,27694.15,2020
2020-11-01,5,AACD-Servidor,6066.05,2020
2020-11-01,5,Adolfo Pinheiro,6436.1,2020
2020-11-01,5,Alto da Boa Vista,3247.45,2020
2020-11-01,5,Borba Gato,4580,2020
2020-11-01,5,Brooklin,8636.75,2020
2020-11-01,5,Campo Belo,5802.25,2020
2020-11-01,5,Campo Limpo,26973.6,2020
2020-11-01,5,Capão Redondo,66178.05,2020
2020-11-01,5,Chácara Klabin,44731.35,2020
2020-11-01,5,Eucaliptos,10800.4,2020
2020-11-01,5,Giovanni Gronchi,15521.85,2020
2020-11-01,5,Hospital São Paulo,6460.6,2020
2020-11-01,5,Largo Treze,22202,2020
2020-11-01,5,Moema,11230.55,2020
2020-11-01,5,Santa Cruz,46530.3,2020
2020-11-01,5,Santo Amaro,57011.4,2020
2020-11-01,5,Vila das Belezas,9250.4,2020
2020-12-01,4,Butantã,22175.272727272728,2020
2020-12-01,4,Faria Lima,15971,2020
2020-12-01,4,Fradique Coutinho,8245.863636363636,2020
2020-12-01,4,Higienópolis - Mackenzie,8495.454545454546,2020
2020-12-01,4,Luz,75670.95454545454,2020
2020-12-01,4,Oscar Freire,12815.954545454546,2020
2020-12-01,4,Paulista,51185.454545454544,2020
2020-12-01,4,Pinheiros,53688.77272727273,2020
2020-12-01,4,República,62841.59090909091,2020
2020-12-01,4,São Paulo - Morumbi,25890.090909090908,2020
2020-12-01,5,AACD-Servidor,5468.863636363636,2020
2020-12-01,5,Adolfo Pinheiro,6134.227272727273,2020
2020-12-01,5,Alto da Boa Vista,2918.409090909091,2020
2020-12-01,5,Borba Gato,3995.4090909090905,2020
2020-12-01,5,Brooklin,7807.40909090909,2020
2020-12-01,5,Campo Belo,5224.272727272727,2020
2020-12-01,5,Campo Limpo,26733.590909090908,2020
2020-12-01,5,Capão Redondo,64278.13636363637,2020
2020-12-01,5,Chácara Klabin,40899.5,2020
2020-12-01,5,Eucaliptos,10276.090909090908,2020
2020-12-01,5,Giovanni Gronchi,15198.954545454546,2020
2020-12-01,5,Hospital São Paulo,5513.09090909091,2020
2020-12-01,5,Largo Treze,23647.954545454544,2020
2020-12-01,5,Moema,10164.590909090908,2020
2020-12-01,5,Santa Cruz,43950.545454545456,2020
2020-12-01,5,Santo Amaro,55662.86363636363,2020
2020-12-01,5,Vila das Belezas,9048.90909090909,2020
2021-01-01,4,Butantã,21375.95,2021
2021-01-01,4,Faria Lima,15480.85,2021
2021-01-01,4,Fradique Coutinho,8418,2021
2021-01-01,4,Higienópolis - Mackenzie,8559.35,2021
2021-01-01,4,Luz,73269.65,2021
2021-01-01,4,Oscar Freire,13284.7,2021
2021-01-01,4,Paulista,51738.95,2021
2021-01-01,4,Pinheiros,53738.85,2021
2021-01-01,4,República,60778.3,2021
2021-01-01,4,São Paulo - Morumbi,24822.95,2021
2021-01-01,5,AACD-Servidor,5682.15,2021
2021-01-01,5,Adolfo Pinheiro,5775.3,2021
2021-01-01,5,Alto da Boa Vista,2966.7,2021
2021-01-01,5,Borba Gato,4169.5,2021
2021-01-01,5,Brooklin,7765.25,2021
2021-01-01,5,Campo Belo,5376.1,2021
2021-01-01,5,Campo Limpo,25591.85,2021
2021-01-01,5,Capão Redondo,61446.15,2021
2021-01-01,5,Chácara Klabin,41630.8,2021
2021-01-01,5,Eucaliptos,9713.95,2021
2021-01-01,5,Giovanni Gronchi,14537.3,2021
2021-01-01,5,Hospital São Paulo,5940.4,2021
2021-01-01,5,Largo Treze,19924.85,2021
2021-01-01,5,Moema,10346.8,2021
2021-01-01,5,Santa Cruz,43052.45,2021
2021-01-01,5,Santo Amaro,54154.2,2021
2021-01-01,5,Vila das Belezas,8598.15,2021
2021-02-01,4,Butantã,23368.277777777777,2021
2021-02-01,4,Faria Lima,17285.222222222223,2021
2021-02-01,4,Fradique Coutinho,9404.722222222223,2021
2021-02-01,4,Higienópolis - Mackenzie,9780.833333333334,2021
2021-02-01,4,Luz,79022.94444444444,2021
2021-02-01,4,Oscar Freire,14734.5,2021
2021-02-01,4,Paulista,57264.61111111111,2021
2021-02-01,4,Pinheiros,58815.166666666664,2021
2021-02-01,4,República,66331.16666666667,2021
2021-02-01,4,São Paulo - Morumbi,27122.055555555555,2021
2021-02-01,5,AACD-Servidor,6428.5,2021
2021-02-01,5,Adolfo Pinheiro,6515.611111111111,2021
2021-02-01,5,Alto da Boa Vista,3365.8333333333335,2021
2021-02-01,5,Borba Gato,4773.222222222223,2021
2021-02-01,5,Brooklin,8741.666666666666,2021
2021-02-01,5,Campo Belo,6382,2021
2021-02-01,5,Campo Limpo,27821.222222222223,2021
2021-02-01,5,Capão Redondo,66477.61111111111,2021
2021-02-01,5,Chácara Klabin,46510.666666666664,2021
2021-02-01,5,Eucaliptos,10699.166666666666,2021
2021-02-01,5,Giovanni Gronchi,15908.777777777777,2021
2021-02-01,5,Hospital São Paulo,6636.555555555556,2021
2021-02-01,5,Largo Treze,20847.055555555555,2021
2021-02-01,5,Moema,11938.944444444445,2021
2021-02-01,5,Santa Cruz,47107.444444444445,2021
2021-02-01,5,Santo Amaro,59425.333333333336,2021
2021-02-01,5,Vila das Belezas,9412.277777777777,2021
2021-03-01,4,Butantã,17822.869565217392,2021
2021-03-01,4,Faria Lima,11931.521739130436,2021
2021-03-01,4,Fradique Coutinho,6750.478260869566,2021
2021-03-01,4,Higienópolis - Mackenzie,7099.173913043478,2021
2021-03-01,4,Luz,59875,2021
2021-03-01,4,Oscar Freire,11335.956521739132,2021
2021-03-01,4,Paulista,42290.608695652176,2021
2021-03-01,4,Pinheiros,45043.260869565216,2021
2021-03-01,4,República,48659.47826086957,2021
2021-03-01,4,São Paulo - Morumbi,21054.869565217392,2021
2021-03-01,5,AACD-Servidor,5279.782608695652,2021
2021-03-01,5,Adolfo Pinheiro,4834.869565217391,2021
2021-03-01,5,Alto da Boa Vista,2670.782608695652,2021
2021-03-01,5,Borba Gato,3502.782608695652,2021
2021-03-01,5,Brooklin,6921.826086956522,2021
2021-03-01,5,Campo Belo,5100.434782608696,2021
2021-03-01,5,Campo Limpo,22011.869565217392,2021
2021-03-01,5,Capão Redondo,53492.65217391304,2021
2021-03-01,5,Chácara Klabin,37308.95652173913,2021
2021-03-01,5,Eucaliptos,7533.608695652173,2021
2021-03-01,5,Giovanni Gronchi,12878.826086956522,2021
2021-03-01,5,Hospital São Paulo,5647.130434782609,2021
2021-03-01,5,Largo Treze,14542.260869565218,2021
2021-03-01,5,Moema,9291.347826086956,2021
2021-03-01,5,Santa Cruz,37082.30434782609,2021
2021-03-01,5,Santo Amaro,47323.391304347824,2021
2021-03-01,5,Vila das Belezas,7546.217391304348,2021
2021-04-01,4,Butantã,17904.85,2021
2021-04-01,4,Faria Lima,11894.7,2021
2021-04-01,4,Fradique Coutinho,6616.6,2021
2021-04-01,4,Higienópolis - Mackenzie,7085.85,2021
2021-04-01,4,Luz,60739.75,2021
2021-04-01,4,Oscar Freire,11570.75,2021
2021-04-01,4,Paulista,41736.1,2021
2021-04-01,4,Pinheiros,45163.1,2021
2021-04-01,4,República,48816.1,2021
2021-04-01,4,São Paulo - Morumbi,21235.85,2021
2021-04-01,5,AACD-Servidor,5190.3,2021
2021-04-01,5,Adolfo Pinheiro,4929.7,2021
2021-04-01,5,Alto da Boa Vista,2544.9,2021
2021-04-01,5,Borba Gato,3418.85,2021
2021-04-01,5,Brooklin,6969.95,2021
2021-04-01,5,Campo Belo,5104.55,2021
2021-04-01,5,Campo Limpo,21698.2,2021
2021-04-01,5,Capão Redondo,53838.2,2021
2021-04-01,5,Chácara Klabin,37538.5,2021
2021-04-01,5,Eucaliptos,7760.9,2021
2021-04-01,5,Giovanni Gronchi,12769.5,2021
2021-04-01,5,Hospital São Paulo,5610.55,2021
2021-04-01,5,Largo Treze,15648.35,2021
2021-04-01,5,Moema,9334.2,2021
2021-04-01,5,Santa Cruz,37574.2,2021
2021-04-01,5,Santo Amaro,47544.75,2021
2021-04-01,5,Vila das Belezas,7638.15,2021
2021-05-01,4,Butantã,20731.47619047619,2021
2021-05-01,4,Faria Lima,14672.952380952382,2021
2021-05-01,4,Fradique Coutinho,8088.238095238095,2021
2021-05-01,4,Higienópolis - Mackenzie,8726.42857142857,2021
2021-05-01,4,Luz,74554.14285714286,2021
2021-05-01,4,Oscar Freire,13721.190476190477,2021
2021-05-01,4,Paulista,48252.57142857143,2021
2021-05-01,4,Pinheiros,53534.47619047619,2021
2021-05-01,4,República,57334.71428571428,2021
2021-05-01,4,São Paulo - Morumbi,24905.666666666668,2021
2021-05-01,5,AACD-Servidor,5914.142857142857,2021
2021-05-01,5,Adolfo Pinheiro,5981.952380952381,2021
2021-05-01,5,Alto da Boa Vista,3105.0476190476193,2021
2021-05-01,5,Borba Gato,4526.333333333333,2021
2021-05-01,5,Brooklin,8125.809523809524,2021
2021-05-01,5,Campo Belo,5915.190476190476,2021
2021-05-01,5,Campo Limpo,24941.619047619046,2021
2021-05-01,5,Capão Redondo,61658.28571428572,2021
2021-05-01,5,Chácara Klabin,42690,2021
2021-05-01,5,Eucaliptos,9627.666666666666,2021
2021-05-01,5,Giovanni Gronchi,14597.809523809523,2021
2021-05-01,5,Hospital São Paulo,6128.952380952381,2021
2021-05-01,5,Largo Treze,19254.428571428572,2021
2021-05-01,5,Moema,11031.190476190477,2021
2021-05-01,5,Santa Cruz,41196.142857142855,2021
2021-05-01,5,Santo Amaro,54356.71428571428,2021
2021-05-01,5,Vila das Belezas,8806.714285714286,2021
2021-06-01,4,Butantã,22130.761904761905,2021
2021-06-01,4,Faria Lima,15747.904761904761,2021
2021-06-01,4,Fradique Coutinho,8763.190476190477,2021
2021-06-01,4,Higienópolis - Mackenzie,9336.904761904761,2021
2021-06-01,4,Luz,77098.90476190476,2021
2021-06-01,4,Oscar Freire,14394.809523809523,2021
2021-06-01,4,Paulista,51028.380952380954,2021
2021-06-01,4,Pinheiros,55876.95238095238,2021
2021-06-01,4,República,61397.666666666664,2021
2021-06-01,4,São Paulo - Morumbi,26134.14285714286,2021
2021-06-01,5,AACD-Servidor,6222.380952380952,2021
2021-06-01,5,Adolfo Pinheiro,6343.952380952381,2021
2021-06-01,5,Alto da Boa Vista,3131.5238095238096,2021
2021-06-01,5,Borba Gato,4231.619047619048,2021
2021-06-01,5,Brooklin,8430.42857142857,2021
2021-06-01,5,Campo Belo,6330.285714285715,2021
2021-06-01,5,Campo Limpo,26057.095238095237,2021
2021-06-01,5,Capão Redondo,64575.23809523809,2021
2021-06-01,5,Chácara Klabin,45661.666666666664,2021
2021-06-01,5,Eucaliptos,10196.47619047619,2021
2021-06-01,5,Giovanni Gronchi,15394.52380952381,2021
2021-06-01,5,Hospital São Paulo,6367.0952380952385,2021
2021-06-01,5,Largo Treze,20353.904761904763,2021
2021-06-01,5,Moema,11711.142857142857,2021
2021-06-01,5,Santa Cruz,44914.57142857143,2021
2021-06-01,5,Santo Amaro,56663.19047619047,2021
2021-06-01,5,Vila das Belezas,9185.52380952381,2021
2021-07-01,4,Butantã,22296.81818181818,2021
2021-07-01,4,Faria Lima,15945.454545454546,2021
2021-07-01,4,Fradique Coutinho,8989.318181818182,2021
2021-07-01,4,Higienópolis - Mackenzie,9170.181818181818,2021
2021-07-01,4,Luz,78459.77272727272,2021
2021-07-01,4,Oscar Freire,14405.136363636364,2021
2021-07-01,4,Paulista,51631.36363636364,2021
2021-07-01,4,Pinheiros,54127.86363636364,2021
2021-07-01,4,República,62389.181818181816,2021
2021-07-01,4,São Paulo - Morumbi,26347.090909090908,2021
2021-07-01,5,AACD-Servidor,6243.590909090909,2021
2021-07-01,5,Adolfo Pinheiro,6321.454545454545,2021
2021-07-01,5,Alto da Boa Vista,2997,2021
2021-07-01,5,Borba Gato,4327.409090909091,2021
2021-07-01,5,Brooklin,8351.727272727272,2021
2021-07-01,5,Campo Belo,6193.090909090909,2021
2021-07-01,5,Campo Limpo,25774.772727272728,2021
2021-07-01,5,Capão Redondo,64673.954545454544,2021
2021-07-01,5,Chácara Klabin,45564.22727272727,2021
2021-07-01,5,Eucaliptos,10343.454545454546,2021
2021-07-01,5,Giovanni Gronchi,15367.681818181818,2021
2021-07-01,5,Hospital São Paulo,6230.272727272727,2021
2021-07-01,5,Largo Treze,20753.136363636364,2021
2021-07-01,5,Moema,11599.272727272728,2021
2021-07-01,5,Santa Cruz,45423,2021
2021-07-01,5,Santo Amaro,54698.27272727273,2021
2021-07-01,5,Vila das Belezas,9206.136363636364,2021
2021-08-01,4,Butantã,24868.68181818182,2021
2021-08-01,4,Faria Lima,18004.81818181818,2021
2021-08-01,4,Fradique Coutinho,10076.363636363636,2021
2021-08-01,4,Higienópolis - Mackenzie,10771.545454545454,2021
2021-08-01,4,Luz,86201.04545454546,2021
2021-08-01,4,Oscar Freire,15927.045454545454,2021
2021-08-01,4,Paulista,59143.59090909091,2021
2021-08-01,4,Pinheiros,61739.09090909091,2021
2021-08-01,4,República,69076.77272727272,2021
2021-08-01,4,São Paulo - Morumbi,29874.636363636364,2021
2021-08-01,5,AACD-Servidor,7169.136363636364,2021
2021-08-01,5,Adolfo Pinheiro,7393.5,2021
2021-08-01,5,Alto da Boa Vista,3599.909090909091,2021
2021-08-01,5,Borba Gato,5004.454545454545,2021
2021-08-01,5,Brooklin,9341.5,2021
2021-08-01,5,Campo Belo,7165.772727272727,2021
2021-08-01,5,Campo Limpo,28818.68181818182,2021
2021-08-01,5,Capão Redondo,70959.31818181818,2021
2021-08-01,5,Chácara Klabin,51378.40909090909,2021
2021-08-01,5,Eucaliptos,11352.863636363636,2021
2021-08-01,5,Giovanni Gronchi,16866.636363636364,2021
2021-08-01,5,Hospital São Paulo,7307.272727272727,2021
2021-08-01,5,Largo Treze,22222.227272727272,2021
2021-08-01,5,Moema,13233.454545454546,2021
2021-08-01,5,Santa Cruz,49593.72727272727,2021
2021-08-01,5,Santo Amaro,62252.63636363636,2021
2021-08-01,5,Vila das Belezas,10106.045454545454,2021
2021-09-01,4,Butantã,26598.190476190477,2021
2021-09-01,4,Faria Lima,19110.380952380954,2021
2021-09-01,4,Fradique Coutinho,10811.714285714286,2021
2021-09-01,4,Higienópolis - Mackenzie,11757.619047619048,2021
2021-09-01,4,Luz,91592.57142857143,2021
2021-09-01,4,Oscar Freire,15578.857142857143,2021
2021-09-01,4,Paulista,62689.95238095238,2021
2021-09-01,4,Pinheiros,66740.04761904762,2021
2021-09-01,4,República,73110.95238095238,2021
2021-09-01,4,São Paulo - Morumbi,30970.190476190477,2021
2021-09-01,5,AACD-Servidor,7557.142857142857,2021
2021-09-01,5,Adolfo Pinheiro,7759.857142857143,2021
2021-09-01,5,Alto da Boa Vista,3738.5714285714284,2021
2021-09-01,5,Borba Gato,5311.666666666667,2021
2021-09-01,5,Brooklin,9804,2021
2021-09-01,5,Campo Belo,7587.761904761905,2021
2021-09-01,5,Campo Limpo,30503.52380952381,2021
2021-09-01,5,Capão Redondo,72782.61904761905,2021
2021-09-01,5,Chácara Klabin,54050.19047619047,2021
2021-09-01,5,Eucaliptos,11828.47619047619,2021
2021-09-01,5,Giovanni Gronchi,17574.04761904762,2021
2021-09-01,5,Hospital São Paulo,7514.714285714285,2021
2021-09-01,5,Largo Treze,23228.809523809523,2021
2021-09-01,5,Moema,13783.52380952381,2021
2021-09-01,5,Santa Cruz,51802.09523809524,2021
2021-09-01,5,Santo Amaro,63599.619047619046,2021
2021-09-01,5,Vila das Belezas,10487.761904761905,2021
2021-10-01,4,Butantã,28333.45,2021
2021-10-01,4,Faria Lima,20575.65,2021
2021-10-01,4,Fradique Coutinho,11439.55,2021
2021-10-01,4,Higienópolis - Mackenzie,12927.75,2021
2021-10-01,4,Luz,95688.15,2021
2021-10-01,4,Oscar Freire,17099.65,2021
2021-10-01,4,Paulista,66487,2021
2021-10-01,4,Pinheiros,71077.3,2021
2021-10-01,4,República,77114.85,2021
2021-10-01,4,São Paulo - Morumbi,33526.25,2021
2021-10-01,5,AACD-Servidor,7749.55,2021
2021-10-01,5,Adolfo Pinheiro,8097.4,2021
2021-10-01,5,Alto da Boa Vista,3935.85,2021
2021-10-01,5,Borba Gato,5665.8,2021
2021-10-01,5,Brooklin,10326.1,2021
2021-10-01,5,Campo Belo,8091.95,2021
2021-10-01,5,Campo Limpo,31358.8,2021
2021-10-01,5,Capão Redondo,75036.5,2021
2021-10-01,5,Chácara Klabin,57067.7,2021
2021-10-01,5,Eucaliptos,12510.45,2021
2021-10-01,5,Giovanni Gronchi,18331.9,2021
2021-10-01,5,Hospital São Paulo,7805.2,2021
2021-10-01,5,Largo Treze,24632.1,2021
2021-10-01,5,Moema,14471.55,2021
2021-10-01,5,Santa Cruz,54291.5,2021
2021-10-01,5,Santo Amaro,66537.6,2021
2021-10-01,5,Vila das Belezas,10840.2,2021
2021-11-01,4,Butantã,30120.7,2021
2021-11-01,4,Faria Lima,22362.85,2021
2021-11-01,4,Fradique Coutinho,12391.85,2021
2021-11-01,4,Higienópolis - Mackenzie,14412.1,2021
2021-11-01,4,Luz,102103.05,2021
2021-11-01,4,Oscar Freire,18190.2,2021
2021-11-01,4,Paulista,72328.2,2021
2021-11-01,4,Pinheiros,77684.45,2021
2021-11-01,4,República,83655.5,2021
2021-11-01,4,São Paulo - Morumbi,35978.2,2021
2021-11-01,5,AACD-Servidor,8302.1,2021
2021-11-01,5,Adolfo Pinheiro,8599,2021
2021-11-01,5,Alto da Boa Vista,4248.65,2021
2021-11-01,5,Borba Gato,6233.5,2021
2021-11-01,5,Brooklin,11194.7,2021
2021-11-01,5,Campo Belo,8898.4,2021
2021-11-01,5,Campo Limpo,33676.85,2021
2021-11-01,5,Capão Redondo,79035.5,2021
2021-11-01,5,Chácara Klabin,61225.25,2021
2021-11-01,5,Eucaliptos,13484.35,2021
2021-11-01,5,Giovanni Gronchi,19551.35,2021
2021-11-01,5,Hospital São Paulo,8348.7,2021
2021-11-01,5,Largo Treze,25750.5,2021
2021-11-01,5,Moema,15486.75,2021
2021-11-01,5,Santa Cruz,57523.1,2021
2021-11-01,5,Santo Amaro,69846.65,2021
2021-11-01,5,Vila das Belezas,11580.55,2021
2021-12-01,4,Butantã,27314.739130434784,2021
2021-12-01,4,Faria Lima,19249.08695652174,2021
2021-12-01,4,Fradique Coutinho,10924.260869565218,2021
2021-12-01,4,Higienópolis - Mackenzie,11708.565217391304,2021
2021-12-01,4,Luz,93537.86956521739,2021
2021-12-01,4,Oscar Freire,16284.521739130436,2021
2021-12-01,4,Paulista,64314.91304347826,2021
2021-12-01,4,Pinheiros,70484.26086956522,2021
2021-12-01,4,República,77031.39130434782,2021
2021-12-01,4,São Paulo - Morumbi,32802.782608695656,2021
2021-12-01,5,AACD-Servidor,7277.391304347826,2021
2021-12-01,5,Adolfo Pinheiro,7415.826086956522,2021
2021-12-01,5,Alto da Boa Vista,3512.3043478260865,2021
2021-12-01,5,Borba Gato,5327.478260869566,2021
2021-12-01,5,Brooklin,9774.652173913044,2021
2021-12-01,5,Campo Belo,7489.739130434782,2021
2021-12-01,5,Campo Limpo,31854.217391304348,2021
2021-12-01,5,Capão Redondo,74394.04347826086,2021
2021-12-01,5,Chácara Klabin,54417.30434782609,2021
2021-12-01,5,Eucaliptos,12673.956521739132,2021
2021-12-01,5,Giovanni Gronchi,18132.782608695652,2021
2021-12-01,5,Hospital São Paulo,6706.826086956522,2021
2021-12-01,5,Largo Treze,25121.956521739132,2021
2021-12-01,5,Moema,13328.478260869564,2021
2021-12-01,5,Santa Cruz,52699.43478260869,2021
2021-12-01,5,Santo Amaro,64681.69565217391,2021
2021-12-01,5,Vila das Belezas,10797.08695652174,2021
2022-01-01,4,Butantã,24312.95238095238,2022
2022-01-01,4,Faria Lima,18273.14285714286,2022
2022-01-01,4,Fradique Coutinho,9894.333333333334,2022
2022-01-01,4,Higienópolis - Mackenzie,10600,2022
2022-01-01,4,Luz,86079,2022
2022-01-01,4,Oscar Freire,14793,2022
2022-01-01,4,Paulista,57799.57142857143,2022
2022-01-01,4,Pinheiros,62943.09523809524,2022
2022-01-01,4,República,68470.61904761905,2022
2022-01-01,4,São Paulo - Morumbi,28766.238095238095,2022
2022-01-01,5,AACD-Servidor,6864.238095238095,2022
2022-01-01,5,Adolfo Pinheiro,6594.0952380952385,2022
2022-01-01,5,Alto da Boa Vista,3361.190476190476,2022
2022-01-01,5,Borba Gato,5004.571428571428,2022
2022-01-01,5,Brooklin,8786.047619047618,2022
2022-01-01,5,Campo Belo,6472.190476190476,2022
2022-01-01,5,Campo Limpo,28483.14285714286,2022
2022-01-01,5,Capão Redondo,66291.38095238095,2022
2022-01-01,5,Chácara Klabin,50544.95238095238,2022
2022-01-01,5,Eucaliptos,10866.809523809523,2022
2022-01-01,5,Giovanni Gronchi,16076.238095238095,2022
2022-01-01,5,Hospital São Paulo,6483.761904761905,2022
2022-01-01,5,Largo Treze,21195.95238095238,2022
2022-01-01,5,Moema,11929.333333333334,2022
2022-01-01,5,Santa Cruz,47444.90476190476,2022
2022-01-01,5,Santo Amaro,58806.142857142855,2022
2022-01-01,5,Vila das Belezas,9371.619047619048,2022
2022-02-01,4,Butantã,30501.473684210527,2022
2022-02-01,4,Faria Lima,23038,2022
2022-02-01,4,Fradique Coutinho,12219.736842105263,2022
2022-02-01,4,Higienópolis - Mackenzie,14138.263157894737,2022
2022-02-01,4,Luz,99870.73684210527,2022
2022-02-01,4,Oscar Freire,18073.157894736843,2022
2022-02-01,4,Paulista,71473.47368421052,2022
2022-02-01,4,Pinheiros,74388.31578947368,2022
2022-02-01,4,República,81283.42105263157,2022
2022-02-01,4,São Paulo - Morumbi,35506.42105263158,2022
2022-02-01,5,AACD-Servidor,8297.315789473685,2022
2022-02-01,5,Adolfo Pinheiro,8569.315789473685,2022
2022-02-01,5,Alto da Boa Vista,4193.9473684210525,2022
2022-02-01,5,Borba Gato,7060.421052631579,2022
2022-02-01,5,Brooklin,10945.78947368421,2022
2022-02-01,5,Campo Belo,8502.78947368421,2022
2022-02-01,5,Campo Limpo,33379.47368421053,2022
2022-02-01,5,Capão Redondo,77282.68421052632,2022
2022-02-01,5,Chácara Klabin,60731.42105263158,2022
2022-02-01,5,Eucaliptos,13090.684210526315,2022
2022-02-01,5,Giovanni Gronchi,19185.105263157893,2022
2022-02-01,5,Hospital São Paulo,8138.578947368421,2022
2022-02-01,5,Largo Treze,25444.36842105263,2022
2022-02-01,5,Moema,14999.315789473685,2022
2022-02-01,5,Santa Cruz,55628.68421052631,2022
2022-02-01,5,Santo Amaro,67143.73684210527,2022
2022-02-01,5,Vila das Belezas,11424.947368421053,2022
2022-03-01,4,Butantã,36071.36363636364,2022
2022-03-01,4,Faria Lima,25689.590909090908,2022
2022-03-01,4,Fradique Coutinho,13388,2022
2022-03-01,4,Higienópolis - Mackenzie,19056.18181818182,2022
2022-03-01,4,Luz,107132.13636363637,2022
2022-03-01,4,Oscar Freire,19033.045454545456,2022
2022-03-01,4,Paulista,85224.5,2022
2022-03-01,4,Pinheiros,83033,2022
2022-03-01,4,República,93480,2022
2022-03-01,4,São Paulo - Morumbi,40336.318181818184,2022
2022-03-01,5,AACD-Servidor,9052.727272727272,2022
2022-03-01,5,Adolfo Pinheiro,9636,2022
2022-03-01,5,Alto da Boa Vista,4698.272727272727,2022
2022-03-01,5,Borba Gato,8919.818181818182,2022
2022-03-01,5,Brooklin,12378.454545454546,2022
2022-03-01,5,Campo Belo,9559.09090909091,2022
2022-03-01,5,Campo Limpo,35210.181818181816,2022
2022-03-01,5,Capão Redondo,81638.09090909091,2022
2022-03-01,5,Chácara Klabin,67288,2022
2022-03-01,5,Eucaliptos,14212.954545454546,2022
2022-03-01,5,Giovanni Gronchi,20463.772727272728,2022
2022-03-01,5,Hospital São Paulo,8998.954545454546,2022
2022-03-01,5,Largo Treze,27281.81818181818,2022
2022-03-01,5,Moema,16124.636363636364,2022
2022-03-01,5,Santa Cruz,60640.86363636364,2022
2022-03-01,5,Santo Amaro,71047.68181818182,2022
2022-03-01,5,Vila das Belezas,12225.863636363636,2022
2022-04-01,4,Butantã,38813.57894736842,2022
2022-04-01,4,Faria Lima,27555.105263157893,2022
2022-04-01,4,Fradique Coutinho,14059.78947368421,2022
2022-04-01,4,Higienópolis - Mackenzie,22209.315789473683,2022
2022-04-01,4,Luz,114170.78947368421,2022
2022-04-01,4,Oscar Freire,19593.263157894737,2022
2022-04-01,4,Paulista,89549.52631578948,2022
2022-04-01,4,Pinheiros,87173.78947368421,2022
2022-04-01,4,República,95647.47368421052,2022
2022-04-01,4,São Paulo - Morumbi,41251.89473684211,2022
2022-04-01,5,AACD-Servidor,9448.052631578947,2022
2022-04-01,5,Adolfo Pinheiro,9969.368421052632,2022
2022-04-01,5,Alto da Boa Vista,4879.684210526316,2022
2022-04-01,5,Borba Gato,9073.526315789473,2022
2022-04-01,5,Brooklin,12952.78947368421,2022
2022-04-01,5,Campo Belo,9907,2022
2022-04-01,5,Campo Limpo,36057.36842105263,2022
2022-04-01,5,Capão Redondo,84079.63157894737,2022
2022-04-01,5,Chácara Klabin,69877.8947368421,2022
2022-04-01,5,Eucaliptos,14825.947368421053,2022
2022-04-01,5,Giovanni Gronchi,20900,2022
2022-04-01,5,Hospital São Paulo,9316.105263157895,2022
2022-04-01,5,Largo Treze,25709.947368421053,2022
2022-04-01,5,Moema,16578.78947368421,2022
2022-04-01,5,Santa Cruz,62833.36842105263,2022
2022-04-01,5,Santo Amaro,73230.36842105263,2022
2022-04-01,5,Vila das Belezas,12358.736842105263,2022
2022-05-01,4,Butantã,38900,2022
2022-05-01,4,Faria Lima,28931.136363636364,2022
2022-05-01,4,Fradique Coutinho,14543.136363636364,2022
2022-05-01,4,Higienópolis - Mackenzie,23679.727272727272,2022
2022-05-01,4,Luz,117024.40909090909,2022
2022-05-01,4,Oscar Freire,20121.454545454544,2022
2022-05-01,4,Paulista,92592.68181818182,2022
2022-05-01,4,Pinheiros,88737.45454545454,2022
2022-05-01,4,República,96731.27272727272,2022
2022-05-01,4,São Paulo - Morumbi,31552.818181818184,2022
2022-05-01,4,Vila Sônia,22480,2022
2022-05-01,5,AACD-Servidor,9647.272727272728,2022
2022-05-01,5,Adolfo Pinheiro,10225.181818181818,2022
2022-05-01,5,Alto da Boa Vista,4892.5,2022
2022-05-01,5,Borba Gato,9492.227272727272,2022
2022-05-01,5,Brooklin,13464,2022
2022-05-01,5,Campo Belo,10190.09090909091,2022
2022-05-01,5,Campo Limpo,35478.454545454544,2022
2022-05-01,5,Capão Redondo,84135.95454545454,2022
2022-05-01,5,Chácara Klabin,71741,2022
2022-05-01,5,Eucaliptos,15193,2022
2022-05-01,5,Giovanni Gronchi,20864.136363636364,2022
2022-05-01,5,Hospital São Paulo,9465.318181818182,2022
2022-05-01,5,Largo Treze,27788.590909090908,2022
2022-05-01,5,Moema,17065.81818181818,2022
2022-05-01,5,Santa Cruz,63119.22727272727,2022
2022-05-01,5,Santo Amaro,73065.68181818182,2022
2022-05-01,5,Vila das Belezas,12469.363636363636,2022
2022-06-01,4,Butantã,34388,2022
2022-06-01,4,Faria Lima,30332,2022
2022-06-01,4,Fradique Coutinho,15214.42857142857,2022
2022-06-01,4,Higienópolis - Mackenzie,18504.333333333332,2022
2022-06-01,4,Luz,113906.09523809524,2022
2022-06-01,4,Oscar Freire,20734.095238095237,2022
2022-06-01,4,Paulista,87614.42857142857,2022
2022-06-01,4,Pinheiros,87798,2022
2022-06-01,4,República,94339.38095238095,2022
2022-06-01,4,São Paulo - Morumbi,22302.333333333332,2022
2022-06-01,4,Vila Sônia,34466.52380952381,2022
2022-06-01,5,AACD-Servidor,9695.52380952381,2022
2022-06-01,5,Adolfo Pinheiro,9980.047619047618,2022
2022-06-01,5,Alto da Boa Vista,4905.047619047619,2022
2022-06-01,5,Borba Gato,7970.571428571428,2022
2022-06-01,5,Brooklin,13077.47619047619,2022
2022-06-01,5,Campo Belo,10121.952380952382,2022
2022-06-01,5,Campo Limpo,34874.619047619046,2022
2022-06-01,5,Capão Redondo,84018.71428571429,2022
2022-06-01,5,Chácara Klabin,69652.66666666667,2022
2022-06-01,5,Eucaliptos,15461.380952380952,2022
2022-06-01,5,Giovanni Gronchi,20708.714285714286,2022
2022-06-01,5,Hospital São Paulo,8946.619047619048,2022
2022-06-01,5,Largo Treze,27669.714285714286,2022
2022-06-01,5,Moema,17362.571428571428,2022
2022-06-01,5,Santa Cruz,61377.76190476191,2022
2022-06-01,5,Santo Amaro,71590.42857142857,2022
2022-06-01,5,Vila das Belezas,12338.857142857143,2022
2022-07-01,4,Butantã,31475.95238095238,2022
2022-07-01,4,Faria Lima,30299.04761904762,2022
2022-07-01,4,Fradique Coutinho,15277.238095238095,2022
2022-07-01,4,Higienópolis - Mackenzie,15278.761904761905,2022
2022-07-01,4,Luz,114805,2022
2022-07-01,4,Oscar Freire,20684.333333333332,2022
2022-07-01,4,Paulista,83574.57142857143,2022
2022-07-01,4,Pinheiros,88437.85714285714,2022
2022-07-01,4,República,93306.95238095238,2022
2022-07-01,4,São Paulo - Morumbi,21089.52380952381,2022
2022-07-01,4,Vila Sônia,33900.52380952381,2022
2022-07-01,5,AACD-Servidor,9692.666666666666,2022
2022-07-01,5,Adolfo Pinheiro,8750.333333333334,2022
2022-07-01,5,Alto da Boa Vista,4468.476190476191,2022
2022-07-01,5,Borba Gato,7429.047619047619,2022
2022-07-01,5,Brooklin,12651.190476190477,2022
2022-07-01,5,Campo Belo,9502.190476190477,2022
2022-07-01,5,Campo Limpo,34095.19047619047,2022
2022-07-01,5,Capão Redondo,81373.38095238095,2022
2022-07-01,5,Chácara Klabin,68541,2022
2022-07-01,5,Eucaliptos,14756.714285714286,2022
2022-07-01,5,Giovanni Gronchi,19581.761904761905,2022
2022-07-01,5,Hospital São Paulo,8627,2022
2022-07-01,5,Largo Treze,26571.238095238095,2022
2022-07-01,5,Moema,16501.380952380954,2022
2022-07-01,5,Santa Cruz,59693.71428571428,2022
2022-07-01,5,Santo Amaro,72130.57142857143,2022
2022-07-01,5,Vila das Belezas,11835.809523809523,2022
2022-08-01,4,Butantã,34797.608695652176,2022
2022-08-01,4,Faria Lima,32475.695652173912,2022
2022-08-01,4,Fradique Coutinho,16092.91304347826,2022
2022-08-01,4,Higienópolis - Mackenzie,25053.956521739132,2022
2022-08-01,4,Luz,121123.60869565218,2022
2022-08-01,4,Oscar Freire,21808.217391304348,2022
2022-08-01,4,Paulista,95322.91304347826,2022
2022-08-01,4,Pinheiros,93975,2022
2022-08-01,4,República,98963.47826086957,2022
2022-08-01,4,São Paulo - Morumbi,22589.434782608696,2022
2022-08-01,4,Vila Sônia,37489.086956521736,2022
2022-08-01,5,AACD-Servidor,10252.521739130434,2022
2022-08-01,5,Adolfo Pinheiro,10709.565217391304,2022
2022-08-01,5,Alto da Boa Vista,5157,2022
2022-08-01,5,Borba Gato,9790.08695652174,2022
2022-08-01,5,Brooklin,14015.869565217392,2022
2022-08-01,5,Campo Belo,10814.739130434782,2022
2022-08-01,5,Campo Limpo,35390.65217391304,2022
2022-08-01,5,Capão Redondo,85315.21739130435,2022
2022-08-01,5,Chácara Klabin,75221.52173913043,2022
2022-08-01,5,Eucaliptos,15974.91304347826,2022
2022-08-01,5,Giovanni Gronchi,21148.08695652174,2022
2022-08-01,5,Hospital São Paulo,9625.478260869566,2022
2022-08-01,5,Largo Treze,27961.956521739132,2022
2022-08-01,5,Moema,18225.043478260868,2022
2022-08-01,5,Santa Cruz,63609.217391304344,2022
2022-08-01,5,Santo Amaro,74679.13043478261,2022
2022-08-01,5,Vila das Belezas,12850.434782608696,2022
2022-09-01,4,Butantã,36298.142857142855,2022
2022-09-01,4,Faria Lima,32593,2022
2022-09-01,4,Fradique Coutinho,16337.857142857143,2022
2022-09-01,4,Higienópolis - Mackenzie,25733.571428571428,2022
2022-09-01,4,Luz,126389.90476190476,2022
2022-09-01,4,Oscar Freire,21507.761904761905,2022
2022-09-01,4,Paulista,99417.19047619047,2022
2022-09-01,4,Pinheiros,97374.14285714286,2022
2022-09-01,4,República,102741.38095238095,2022
2022-09-01,4,São Paulo - Morumbi,22175.904761904763,2022
2022-09-01,4,Vila Sônia,38750.57142857143,2022
2022-09-01,5,AACD-Servidor,10244.761904761905,2022
2022-09-01,5,Adolfo Pinheiro,10839.095238095239,2022
2022-09-01,5,Alto da Boa Vista,5171.190476190476,2022
2022-09-01,5,Borba Gato,10129.190476190477,2022
2022-09-01,5,Brooklin,14331.952380952382,2022
2022-09-01,5,Campo Belo,10938.904761904761,2022
2022-09-01,5,Campo Limpo,36062.47619047619,2022
2022-09-01,5,Capão Redondo,87308.38095238095,2022
2022-09-01,5,Chácara Klabin,76734.14285714286,2022
2022-09-01,5,Eucaliptos,16166.238095238095,2022
2022-09-01,5,Giovanni Gronchi,21749.85714285714,2022
2022-09-01,5,Hospital São Paulo,9857.857142857143,2022
2022-09-01,5,Largo Treze,27799.52380952381,2022
2022-09-01,5,Moema,18280.95238095238,2022
2022-09-01,5,Santa Cruz,64215.380952380954,2022
2022-09-01,5,Santo Amaro,72494.23809523809,2022
2022-09-01,5,Vila das Belezas,13180.047619047618,2022
2022-10-01,4,Butantã,37067.8,2022
2022-10-01,4,Faria Lima,32935.5,2022
2022-10-01,4,Fradique Coutinho,16611.15,2022
2022-10-01,4,Higienópolis - Mackenzie,24111.25,2022
2022-10-01,4,Luz,127548.45,2022
2022-10-01,4,Oscar Freire,22122.1,2022
2022-10-01,4,Paulista,100682.6,2022
2022-10-01,4,Pinheiros,99581.6,2022
2022-10-01,4,República,104284.65,2022
2022-10-01,4,São Paulo - Morumbi,22263.95,2022
2022-10-01,4,Vila Sônia,39622.55,2022
2022-10-01,5,AACD-Servidor,10336.25,2022
2022-10-01,5,Adolfo Pinheiro,10918.1,2022
2022-10-01,5,Alto da Boa Vista,5220.2,2022
2022-10-01,5,Borba Gato,10276.55,2022
2022-10-01,5,Brooklin,14487.5,2022
2022-10-01,5,Campo Belo,10899.1,2022
2022-10-01,5,Campo Limpo,37120.4,2022
2022-10-01,5,Capão Redondo,88441.65,2022
2022-10-01,5,Chácara Klabin,77013.15,2022
2022-10-01,5,Eucaliptos,16334.85,2022
2022-10-01,5,Giovanni Gronchi,21746.6,2022
2022-10-01,5,Hospital São Paulo,10255.6,2022
2022-10-01,5,Largo Treze,28822.9,2022
2022-10-01,5,Moema,18494.1,2022
2022-10-01,5,Santa Cruz,64945.7,2022
2022-10-01,5,Santo Amaro,74313.25,2022
2022-10-01,5,Vila das Belezas,12890.9,2022
2022-11-01,4,Butantã,35773.05,2022
2022-11-01,4,Faria Lima,32241.6,2022
2022-11-01,4,Fradique Coutinho,16616.05,2022
2022-11-01,4,Higienópolis - Mackenzie,23678.55,2022
2022-11-01,4,Luz,125178.75,2022
2022-11-01,4,Oscar Freire,22143.55,2022
2022-11-01,4,Paulista,97334.5,2022
2022-11-01,4,Pinheiros,98295.8,2022
2022-11-01,4,República,102124.35,2022
2022-11-01,4,São Paulo - Morumbi,21693.55,2022
2022-11-01,4,Vila Sônia,38947,2022
2022-11-01,5,AACD-Servidor,10147.8,2022
2022-11-01,5,Adolfo Pinheiro,10786.35,2022
2022-11-01,5,Alto da Boa Vista,5191.45,2022
2022-11-01,5,Borba Gato,9764.65,2022
2022-11-01,5,Brooklin,14362.1,2022
2022-11-01,5,Campo Belo,10870.7,2022
2022-11-01,5,Campo Limpo,36269.85,2022
2022-11-01,5,Capão Redondo,87913.5,2022
2022-11-01,5,Chácara Klabin,71759.9,2022
2022-11-01,5,Eucaliptos,16426.25,2022
2022-11-01,5,Giovanni Gronchi,21806.5,2022
2022-11-01,5,Hospital São Paulo,9793.55,2022
2022-11-01,5,Largo Treze,28733.95,2022
2022-11-01,5,Moema,18344.2,2022
2022-11-01,5,Santa Cruz,62709.75,2022
2022-11-01,5,Santo Amaro,75754.85,2022
2022-11-01,5,Vila das Belezas,13074,2022
2022-12-01,4,Butantã,29864.681818181816,2022
2022-12-01,4,Faria Lima,29140.454545454544,2022
2022-12-01,4,Fradique Coutinho,14848.5,2022
2022-12-01,4,Higienópolis - Mackenzie,15957.590909090908,2022
2022-12-01,4,Luz,114429.77272727274,2022
2022-12-01,4,Oscar Freire,20395.81818181818,2022
2022-12-01,4,Paulista,83737.68181818182,2022
2022-12-01,4,Pinheiros,88824.86363636363,2022
2022-12-01,4,República,92735.04545454546,2022
2022-12-01,4,São Paulo - Morumbi,19275.18181818182,2022
2022-12-01,4,Vila Sônia,35774.045454545456,2022
2022-12-01,5,AACD-Servidor,8923.90909090909,2022
2022-12-01,5,Adolfo Pinheiro,9052.818181818182,2022
2022-12-01,5,Alto da Boa Vista,4260,2022
2022-12-01,5,Borba Gato,7450.40909090909,2022
2022-12-01,5,Brooklin,12561.863636363636,2022
2022-12-01,5,Campo Belo,9397.636363636364,2022
2022-12-01,5,Campo Limpo,34815.77272727273,2022
2022-12-01,5,Capão Redondo,83682.31818181818,2022
2022-12-01,5,Chácara Klabin,51638.40909090909,2022
2022-12-01,5,Eucaliptos,15683.318181818182,2022
2022-12-01,5,Giovanni Gronchi,20254.31818181818,2022
2022-12-01,5,Hospital São Paulo,7950.818181818181,2022
2022-12-01,5,Largo Treze,27837.636363636364,2022
2022-12-01,5,Moema,16137.5,2022
2022-12-01,5,Santa Cruz,55249.59090909091,2022
2022-12-01,5,Santo Amaro,72133.95454545454,2022
2022-12-01,5,Vila das Belezas,11836.136363636364,2022
2023-01-01,4,Butantã,26635.136363636364,2023
2023-01-01,4,Faria Lima,27879.5,2023
2023-01-01,4,Fradique Coutinho,14242.59090909091,2023
2023-01-01,4,Higienópolis - Mackenzie,14323.181818181818,2023
2023-01-01,4,Luz,111057.13636363637,2023
2023-01-01,4,Oscar Freire,19366.590909090908,2023
2023-01-01,4,Paulista,80739.72727272728,2023
2023-01-01,4,Pinheiros,85074.09090909091,2023
2023-01-01,4,República,88248.40909090909,2023
2023-01-01,4,São Paulo - Morumbi,17888.136363636364,2023
2023-01-01,4,Vila Sônia,33818.72727272727,2023
2023-01-01,5,AACD-Servidor,8993.636363636364,2023
2023-01-01,5,Adolfo Pinheiro,8451.363636363636,2023
2023-01-01,5,Alto da Boa Vista,4181,2023
2023-01-01,5,Borba Gato,7113.272727272727,2023
2023-01-01,5,Brooklin,12196.5,2023
2023-01-01,5,Campo Belo,8762.40909090909,2023
2023-01-01,5,Campo Limpo,32554.045454545456,2023
2023-01-01,5,Capão Redondo,77404.81818181818,2023
2023-01-01,5,Chácara Klabin,49425.86363636364,2023
2023-01-01,5,Eucaliptos,14000.863636363636,2023
2023-01-01,5,Giovanni Gronchi,18465.545454545456,2023
2023-01-01,5,Hospital São Paulo,8032.590909090909,2023
2023-01-01,5,Largo Treze,23060.136363636364,2023
2023-01-01,5,Moema,15281.818181818182,2023
2023-01-01,5,Santa Cruz,52120.954545454544,2023
2023-01-01,5,Santo Amaro,68307.04545454546,2023
2023-01-01,5,Vila das Belezas,9602.772727272728,2023
2023-02-01,4,Butantã,30477.666666666668,2023
2023-02-01,4,Faria Lima,30972.055555555555,2023
2023-02-01,4,Fradique Coutinho,15863.833333333334,2023
2023-02-01,4,Higienópolis - Mackenzie,23994.166666666668,2023
2023-02-01,4,Luz,122757.83333333333,2023
2023-02-01,4,Oscar Freire,21356.222222222223,2023
2023-02-01,4,Paulista,94967.61111111111,2023
2023-02-01,4,Pinheiros,93531.88888888889,2023
2023-02-01,4,República,98233.44444444444,2023
2023-02-01,4,São Paulo - Morumbi,20633.61111111111,2023
2023-02-01,4,Vila Sônia,39029.22222222222,2023
2023-02-01,5,AACD-Servidor,10358.222222222223,2023
2023-02-01,5,Adolfo Pinheiro,11086.666666666666,2023
2023-02-01,5,Alto da Boa Vista,5337.888888888889,2023
2023-02-01,5,Borba Gato,9808.833333333334,2023
2023-02-01,5,Brooklin,14837.722222222223,2023
2023-02-01,5,Campo Belo,11012.444444444445,2023
2023-02-01,5,Campo Limpo,37154.444444444445,2023
2023-02-01,5,Capão Redondo,87806.16666666667,2023
2023-02-01,5,Chácara Klabin,61797.944444444445,2023
2023-02-01,5,Eucaliptos,16301.277777777777,2023
2023-02-01,5,Giovanni Gronchi,21935.833333333332,2023
2023-02-01,5,Hospital São Paulo,10065.722222222223,2023
2023-02-01,5,Largo Treze,27951.055555555555,2023
2023-02-01,5,Moema,18442.38888888889,2023
2023-02-01,5,Santa Cruz,57336.61111111111,2023
2023-02-01,5,Santo Amaro,70919.61111111111,2023
2023-02-01,5,Vila das Belezas,11888.722222222223,2023
2023-03-01,4,Butantã,36437.95652173913,2023
2023-03-01,4,Faria Lima,33686.434782608696,2023
2023-03-01,4,Fradique Coutinho,17082.347826086956,2023
2023-03-01,4,Higienópolis - Mackenzie,27511.869565217392,2023
2023-03-01,4,Luz,136490.1739130435,2023
2023-03-01,4,Oscar Freire,23504.130434782608,2023
2023-03-01,4,Paulista,101922.30434782608,2023
2023-03-01,4,Pinheiros,103414.08695652174,2023
2023-03-01,4,República,102675.69565217392,2023
2023-03-01,4,São Paulo - Morumbi,24027.869565217392,2023
2023-03-01,4,Vila Sônia,42188.391304347824,2023
2023-03-01,5,AACD-Servidor,10741.608695652174,2023
2023-03-01,5,Adolfo Pinheiro,11961.695652173914,2023
2023-03-01,5,Alto da Boa Vista,5747.565217391304,2023
2023-03-01,5,Borba Gato,10928.521739130434,2023
2023-03-01,5,Brooklin,15577.08695652174,2023
2023-03-01,5,Campo Belo,11799.04347826087,2023
2023-03-01,5,Campo Limpo,38144.739130434784,2023
2023-03-01,5,Capão Redondo,89605.26086956522,2023
2023-03-01,5,Chácara Klabin,62662.34782608696,2023
2023-03-01,5,Eucaliptos,17270.91304347826,2023
2023-03-01,5,Giovanni Gronchi,22997.217391304348,2023
2023-03-01,5,Hospital São Paulo,10458.130434782608,2023
2023-03-01,5,Largo Treze,29618.347826086956,2023
2023-03-01,5,Moema,19364.043478260868,2023
2023-03-01,5,Santa Cruz,57290.69565217391,2023
2023-03-01,5,Santo Amaro,75893.82608695653,2023
2023-03-01,5,Vila das Belezas,13048.04347826087,2023
2023-04-01,4,Butantã,38631.61111111111,2023
2023-04-01,4,Faria Lima,34539.5,2023
2023-04-01,4,Fradique Coutinho,17183.61111111111,2023
2023-04-01,4,Higienópolis - Mackenzie,27476.222222222223,2023
2023-04-01,4,Luz,135686.83333333334,2023
2023-04-01,4,Oscar Freire,24014.666666666668,2023
2023-04-01,4,Paulista,105548.16666666667,2023
2023-04-01,4,Pinheiros,104827.77777777778,2023
2023-04-01,4,República,106198.16666666667,2023
2023-04-01,4,São Paulo - Morumbi,23371.38888888889,2023
2023-04-01,4,Vila Sônia,43976.166666666664,2023
2023-04-01,5,AACD-Servidor,11583.833333333334,2023
2023-04-01,5,Adolfo Pinheiro,12087.888888888889,2023
2023-04-01,5,Alto da Boa Vista,5710.722222222223,2023
2023-04-01,5,Borba Gato,11050.777777777777,2023
2023-04-01,5,Brooklin,16225.222222222223,2023
2023-04-01,5,Campo Belo,11944.222222222223,2023
2023-04-01,5,Campo Limpo,37631.055555555555,2023
2023-04-01,5,Capão Redondo,89273.27777777778,2023
2023-04-01,5,Chácara Klabin,63706.11111111111,2023
2023-04-01,5,Eucaliptos,17505.666666666668,2023
2023-04-01,5,Giovanni Gronchi,23158.055555555555,2023
2023-04-01,5,Hospital São Paulo,10651.833333333334,2023
2023-04-01,5,Largo Treze,30072.38888888889,2023
2023-04-01,5,Moema,19683.444444444445,2023
2023-04-01,5,Santa Cruz,61104,2023
2023-04-01,5,Santo Amaro,75500.27777777778,2023
2023-04-01,5,Vila das Belezas,13921.166666666666,2023
2023-05-01,4,Butantã,39363.318181818184,2023
2023-05-01,4,Faria Lima,34706.681818181816,2023
2023-05-01,4,Fradique Coutinho,17144.863636363636,2023
2023-05-01,4,Higienópolis - Mackenzie,27292.045454545456,2023
2023-05-01,4,Luz,135500.22727272726,2023
2023-05-01,4,Oscar Freire,24120.5,2023
2023-05-01,4,Paulista,105654.5,2023
2023-05-01,4,Pinheiros,104201.95454545454,2023
2023-05-01,4,República,106031.90909090909,2023
2023-05-01,4,São Paulo - Morumbi,22775.636363636364,2023
2023-05-01,4,Vila Sônia,44663.09090909091,2023
2023-05-01,5,AACD-Servidor,11312.181818181818,2023
2023-05-01,5,Adolfo Pinheiro,12039.545454545454,2023
2023-05-01,5,Alto da Boa Vista,5760.636363636364,2023
2023-05-01,5,Borba Gato,11333.363636363636,2023
2023-05-01,5,Brooklin,16313.136363636364,2023
2023-05-01,5,Campo Belo,12064.227272727272,2023
2023-05-01,5,Campo Limpo,37601.36363636364,2023
2023-05-01,5,Capão Redondo,90472.54545454546,2023
2023-05-01,5,Chácara Klabin,65038.59090909091,2023
2023-05-01,5,Eucaliptos,17706.81818181818,2023
2023-05-01,5,Giovanni Gronchi,23169.363636363636,2023
2023-05-01,5,Hospital São Paulo,10861.954545454546,2023
2023-05-01,5,Largo Treze,30185.636363636364,2023
2023-05-01,5,Moema,19768.136363636364,2023
2023-05-01,5,Santa Cruz,60375.63636363636,2023
2023-05-01,5,Santo Amaro,85646.40909090909,2023
2023-05-01,5,Vila das Belezas,14203.863636363636,2023
2023-06-01,4,Butantã,37110.95238095238,2023
2023-06-01,4,Faria Lima,34041.142857142855,2023
2023-06-01,4,Fradique Coutinho,16934,2023
2023-06-01,4,Higienópolis - Mackenzie,20971.619047619046,2023
2023-06-01,4,Luz,132735.42857142858,2023
2023-06-01,4,Oscar Freire,23504.714285714286,2023
2023-06-01,4,Paulista,100283.61904761905,2023
2023-06-01,4,Pinheiros,101316.23809523809,2023
2023-06-01,4,República,101911.85714285714,2023
2023-06-01,4,São Paulo - Morumbi,22980.47619047619,2023
2023-06-01,4,Vila Sônia,43158.52380952381,2023
2023-06-01,5,AACD-Servidor,11005.57142857143,2023
2023-06-01,5,Adolfo Pinheiro,11255.190476190477,2023
2023-06-01,5,Alto da Boa Vista,5489.714285714285,2023
2023-06-01,5,Borba Gato,9941.714285714286,2023
2023-06-01,5,Brooklin,15854.57142857143,2023
2023-06-01,5,Campo Belo,11609.47619047619,2023
2023-06-01,5,Campo Limpo,36142.19047619047,2023
2023-06-01,5,Capão Redondo,88442.66666666667,2023
2023-06-01,5,Chácara Klabin,64750.47619047619,2023
2023-06-01,5,Eucaliptos,17507.809523809523,2023
2023-06-01,5,Giovanni Gronchi,22465.714285714286,2023
2023-06-01,5,Hospital São Paulo,10573.42857142857,2023
2023-06-01,5,Largo Treze,29475.85714285714,2023
2023-06-01,5,Moema,19559.714285714286,2023
2023-06-01,5,Santa Cruz,59792.23809523809,2023
2023-06-01,5,Santo Amaro,82645.57142857143,2023
2023-06-01,5,Vila das Belezas,13781.57142857143,2023
2023-07-01,4,Butantã,31954.95238095238,2023
2023-07-01,4,Faria Lima,32728.095238095237,2023
2023-07-01,4,Fradique Coutinho,16201.52380952381,2023
2023-07-01,4,Higienópolis - Mackenzie,16959.666666666668,2023
2023-07-01,4,Luz,128226.90476190476,2023
2023-07-01,4,Oscar Freire,22595.428571428572,2023
2023-07-01,4,Paulista,94212.42857142857,2023
2023-07-01,4,Pinheiros,98002.04761904762,2023
2023-07-01,4,República,96916.14285714286,2023
2023-07-01,4,São Paulo - Morumbi,21015.904761904763,2023
2023-07-01,4,Vila Sônia,41164.47619047619,2023
2023-07-01,5,AACD-Servidor,10732.333333333334,2023
2023-07-01,5,Adolfo Pinheiro,9819.52380952381,2023
2023-07-01,5,Alto da Boa Vista,5064.523809523809,2023
2023-07-01,5,Borba Gato,9019.095238095239,2023
2023-07-01,5,Brooklin,14935.809523809523,2023
2023-07-01,5,Campo Belo,10908.47619047619,2023
2023-07-01,5,Campo Limpo,34373.142857142855,2023
2023-07-01,5,Capão Redondo,84875.38095238095,2023
2023-07-01,5,Chácara Klabin,67979.76190476191,2023
2023-07-01,5,Eucaliptos,16826.571428571428,2023
2023-07-01,5,Giovanni Gronchi,20848.95238095238,2023
2023-07-01,5,Hospital São Paulo,9902.619047619048,2023
2023-07-01,5,Largo Treze,27432.904761904763,2023
2023-07-01,5,Moema,18100.47619047619,2023
2023-07-01,5,Santa Cruz,60014.47619047619,2023
2023-07-01,5,Santo Amaro,79719.90476190476,2023
2023-07-01,5,Vila das Belezas,12792.047619047618,2023
2023-08-01,4,Butantã,38186.34782608696,2023
2023-08-01,4,Faria Lima,35999.391304347824,2023
2023-08-01,4,Fradique Coutinho,17602.739130434784,2023
2023-08-01,4,Higienópolis - Mackenzie,27482.347826086956,2023
2023-08-01,4,Luz,137984.78260869565,2023
2023-08-01,4,Oscar Freire,24553.130434782608,2023
2023-08-01,4,Paulista,107688.13043478261,2023
2023-08-01,4,Pinheiros,106032.60869565218,2023
2023-08-01,4,República,104114.56521739131,2023
2023-08-01,4,São Paulo - Morumbi,24862.695652173912,2023
2023-08-01,4,Vila Sônia,45935.65217391304,2023
2023-08-01,5,AACD-Servidor,11134.434782608696,2023
2023-08-01,5,Adolfo Pinheiro,11925.434782608696,2023
2023-08-01,5,Alto da Boa Vista,5686.217391304348,2023
2023-08-01,5,Borba Gato,11267.91304347826,2023
2023-08-01,5,Brooklin,15814.478260869566,2023
2023-08-01,5,Campo Belo,12182.434782608696,2023
2023-08-01,5,Campo Limpo,36112.913043478264,2023
2023-08-01,5,Capão Redondo,89777.56521739131,2023
2023-08-01,5,Chácara Klabin,84233.34782608696,2023
2023-08-01,5,Eucaliptos,17751.478260869564,2023
2023-08-01,5,Giovanni Gronchi,22713,2023
2023-08-01,5,Hospital São Paulo,10987.391304347826,2023
2023-08-01,5,Largo Treze,30291.08695652174,2023
2023-08-01,5,Moema,19752.956521739132,2023
2023-08-01,5,Santa Cruz,67060.60869565218,2023
2023-08-01,5,Santo Amaro,85456,2023
2023-08-01,5,Vila das Belezas,14087.739130434782,2023
2023-09-01,4,Butantã,37417.85,2023
2023-09-01,4,Faria Lima,35942.4,2023
2023-09-01,4,Fradique Coutinho,17596.15,2023
2023-09-01,4,Higienópolis - Mackenzie,27846.5,2023
2023-09-01,4,Luz,137852.15,2023
2023-09-01,4,Oscar Freire,24666.95,2023
2023-09-01,4,Paulista,107578,2023
2023-09-01,4,Pinheiros,105693.1,2023
2023-09-01,4,República,104607.9,2023
2023-09-01,4,São Paulo - Morumbi,24183.75,2023
2023-09-01,4,Vila Sônia,46945.05,2023
2023-09-01,5,AACD-Servidor,11308.25,2023
2023-09-01,5,Adolfo Pinheiro,12274.95,2023
2023-09-01,5,Alto da Boa Vista,5661.25,2023
2023-09-01,5,Borba Gato,11313.9,2023
2023-09-01,5,Brooklin,16672.55,2023
2023-09-01,5,Campo Belo,12628.35,2023
2023-09-01,5,Campo Limpo,37974.5,2023
2023-09-01,5,Capão Redondo,92410.05,2023
2023-09-01,5,Chácara Klabin,85397.95,2023
2023-09-01,5,Eucaliptos,18178.4,2023
2023-09-01,5,Giovanni Gronchi,22874.3,2023
2023-09-01,5,Hospital São Paulo,11014.3,2023
2023-09-01,5,Largo Treze,30618.1,2023
2023-09-01,5,Moema,20102.25,2023
2023-09-01,5,Santa Cruz,68315.45,2023
2023-09-01,5,Santo Amaro,86225.3,2023
2023-09-01,5,Vila das Belezas,14310.9,2023
2023-10-01,4,Butantã,35607.47619047619,2023
2023-10-01,4,Faria Lima,35616.76190476191,2023
2023-10-01,4,Fradique Coutinho,17102.52380952381,2023
2023-10-01,4,Higienópolis - Mackenzie,26250.238095238095,2023
2023-10-01,4,Luz,134759.7619047619,2023
2023-10-01,4,Oscar Freire,24151.428571428572,2023
2023-10-01,4,Paulista,102637.47619047618,2023
2023-10-01,4,Pinheiros,100003.95238095238,2023
2023-10-01,4,República,99438.80952380953,2023
2023-10-01,4,São Paulo - Morumbi,22558,2023
2023-10-01,4,Vila Sônia,46048,2023
2023-10-01,5,AACD-Servidor,10792.47619047619,2023
2023-10-01,5,Adolfo Pinheiro,12115.857142857143,2023
2023-10-01,5,Alto da Boa Vista,5642.476190476191,2023
2023-10-01,5,Borba Gato,11532.333333333334,2023
2023-10-01,5,Brooklin,17136.333333333332,2023
2023-10-01,5,Campo Belo,12710.666666666666,2023
2023-10-01,5,Campo Limpo,37027.333333333336,2023
2023-10-01,5,Capão Redondo,91226.33333333333,2023
2023-10-01,5,Chácara Klabin,83611.04761904762,2023
2023-10-01,5,Eucaliptos,18011.095238095237,2023
2023-10-01,5,Giovanni Gronchi,22718.809523809523,2023
2023-10-01,5,Hospital São Paulo,10809.57142857143,2023
2023-10-01,5,Largo Treze,31263.380952380954,2023
2023-10-01,5,Moema,19981.619047619046,2023
2023-10-01,5,Santa Cruz,65153.23809523809,2023
2023-10-01,5,Santo Amaro,82590.90476190476,2023
2023-10-01,5,Vila das Belezas,14064.047619047618,2023
2023-11-01,4,Butantã,37296.3,2023
2023-11-01,4,Faria Lima,35098.75,2023
2023-11-01,4,Fradique Coutinho,17456,2023
2023-11-01,4,Higienópolis - Mackenzie,26016.25,2023
2023-11-01,4,Luz,137779.3,2023
2023-11-01,4,Oscar Freire,24314.8,2023
2023-11-01,4,Paulista,103659.6,2023
2023-11-01,4,Pinheiros,102675.5,2023
2023-11-01,4,República,101263.2,2023
2023-11-01,4,São Paulo - Morumbi,24133.25,2023
2023-11-01,4,Vila Sônia,46366.25,2023
2023-11-01,5,AACD-Servidor,10800.05,2023
2023-11-01,5,Adolfo Pinheiro,11737.4,2023
2023-11-01,5,Alto da Boa Vista,5671.35,2023
2023-11-01,5,Borba Gato,10785.3,2023
2023-11-01,5,Brooklin,16682.5,2023
2023-11-01,5,Campo Belo,12533.65,2023
2023-11-01,5,Campo Limpo,36597.85,2023
2023-11-01,5,Capão Redondo,91261.45,2023
2023-11-01,5,Chácara Klabin,83323.7,2023
2023-11-01,5,Eucaliptos,18142.9,2023
2023-11-01,5,Giovanni Gronchi,22925.55,2023
2023-11-01,5,Hospital São Paulo,10801.9,2023
2023-11-01,5,Largo Treze,30839.75,2023
2023-11-01,5,Moema,19950.25,2023
2023-11-01,5,Santa Cruz,64758.3,2023
2023-11-01,5,Santo Amaro,82567.85,2023
2023-11-01,5,Vila das Belezas,14131.95,2023
2023-12-01,4,Butantã,34029.45,2023
2023-12-01,4,Faria Lima,33849.8,2023
2023-12-01,4,Fradique Coutinho,17026.05,2023
2023-12-01,4,Higienópolis - Mackenzie,18628.5,2023
2023-12-01,4,Luz,131309.65,2023
2023-12-01,4,Oscar Freire,24099,2023
2023-12-01,4,Paulista,97107.9,2023
2023-12-01,4,Pinheiros,97518.1,2023
2023-12-01,4,República,98406.85,2023
2023-12-01,4,São Paulo - Morumbi,22429.6,2023
2023-12-01,4,Vila Sônia,45179.4,2023
2023-12-01,5,AACD-Servidor,10956.8,2023
2023-12-01,5,Adolfo Pinheiro,10881.65,2023
2023-12-01,5,Alto da Boa Vista,5028.3,2023
2023-12-01,5,Borba Gato,9407.7,2023
2023-12-01,5,Brooklin,15600.1,2023
2023-12-01,5,Campo Belo,11785.95,2023
2023-12-01,5,Campo Limpo,36781.3,2023
2023-12-01,5,Capão Redondo,92197.1,2023
2023-12-01,5,Chácara Klabin,81005.1,2023
2023-12-01,5,Eucaliptos,18352.35,2023
2023-12-01,5,Giovanni Gronchi,22361.95,2023
2023-12-01,5,Hospital São Paulo,9962.85,2023
2023-12-01,5,Largo Treze,32630.15,2023
2023-12-01,5,Moema,19189.85,2023
2023-12-01,5,Santa Cruz,65571.8,2023
2023-12-01,5,Santo Amaro,82508.1,2023
2023-12-01,5,Vila das Belezas,13850.85,2023
2024-01-01,4,Butantã,27253.090909090908,2024
2024-01-01,4,Faria Lima,29859.81818181818,2024
2024-01-01,4,Fradique Coutinho,14942.5,2024
2024-01-01,4,Higienópolis - Mackenzie,15606,2024
2024-01-01,4,Luz,116741.77272727272,2024
2024-01-01,4,Oscar Freire,20993.409090909092,2024
2024-01-01,4,Paulista,86331,2024
2024-01-01,4,Pinheiros,88511.95454545454,2024
2024-01-01,4,República,88105.72727272728,2024
2024-01-01,4,São Paulo - Morumbi,18751.81818181818,2024
2024-01-01,4,Vila Sônia,38804.72727272727,2024
2024-01-01,5,AACD-Servidor,9818.681818181818,2024
2024-01-01,5,Adolfo Pinheiro,9170.727272727272,2024
2024-01-01,5,Alto da Boa Vista,4467.636363636364,2024
2024-01-01,5,Borba Gato,8293.136363636364,2024
2024-01-01,5,Brooklin,13687.59090909091,2024
2024-01-01,5,Campo Belo,10247.59090909091,2024
2024-01-01,5,Campo Limpo,31722.68181818182,2024
2024-01-01,5,Capão Redondo,81168.13636363637,2024
2024-01-01,5,Chácara Klabin,72694.04545454546,2024
2024-01-01,5,Eucaliptos,15088.681818181818,2024
2024-01-01,5,Giovanni Gronchi,19688.954545454544,2024
2024-01-01,5,Hospital São Paulo,8952.227272727272,2024
2024-01-01,5,Largo Treze,25265.363636363636,2024
2024-01-01,5,Moema,16680.727272727272,2024
2024-01-01,5,Santa Cruz,57050.181818181816,2024
2024-01-01,5,Santo Amaro,74245.45454545454,2024
2024-01-01,5,Vila das Belezas,11596.045454545454,2024
2024-02-01,4,Butantã,33745.47368421053,2024
2024-02-01,4,Faria Lima,34667.78947368421,2024
2024-02-01,4,Fradique Coutinho,17432.105263157893,2024
2024-02-01,4,Higienópolis - Mackenzie,25703.526315789473,2024
2024-02-01,4,Luz,134733.52631578947,2024
2024-02-01,4,Oscar Freire,24079.21052631579,2024
2024-02-01,4,Paulista,105062.57894736843,2024
2024-02-01,4,Pinheiros,101635.78947368421,2024
2024-02-01,4,República,99719.1052631579,2024
2024-02-01,4,São Paulo - Morumbi,23425.736842105263,2024
2024-02-01,4,Vila Sônia,46038,2024
2024-02-01,5,AACD-Servidor,11018.578947368422,2024
2024-02-01,5,Adolfo Pinheiro,11951.21052631579,2024
2024-02-01,5,Alto da Boa Vista,5488.0526315789475,2024
2024-02-01,5,Borba Gato,10738,2024
2024-02-01,5,Brooklin,16232.78947368421,2024
2024-02-01,5,Campo Belo,12559.736842105263,2024
2024-02-01,5,Campo Limpo,35668.15789473684,2024
2024-02-01,5,Capão Redondo,91755.05263157895,2024
2024-02-01,5,Chácara Klabin,85224.31578947368,2024
2024-02-01,5,Eucaliptos,17365.052631578947,2024
2024-02-01,5,Giovanni Gronchi,25316,2024
2024-02-01,5,Hospital São Paulo,10960.052631578947,2024
2024-02-01,5,Largo Treze,29658.36842105263,2024
2024-02-01,5,Moema,19990.842105263157,2024
2024-02-01,5,Santa Cruz,63561.26315789474,2024
2024-02-01,5,Santo Amaro,85372.78947368421,2024
2024-02-01,5,Vila das Belezas,13568.052631578947,2024
2024-03-01,4,Butantã,39582.15,2024
2024-03-01,4,Faria Lima,36299.05,2024
2024-03-01,4,Fradique Coutinho,18381.3,2024
2024-03-01,4,Higienópolis - Mackenzie,29531.8,2024
2024-03-01,4,Luz,140076.45,2024
2024-03-01,4,Oscar Freire,25074.45,2024
2024-03-01,4,Paulista,112214.2,2024
2024-03-01,4,Pinheiros,107265.3,2024
2024-03-01,4,República,104386.85,2024
2024-03-01,4,São Paulo - Morumbi,24033,2024
2024-03-01,4,Vila Sônia,48845.5,2024
2024-03-01,5,AACD-Servidor,11687.05,2024
2024-03-01,5,Adolfo Pinheiro,13454.05,2024
2024-03-01,5,Alto da Boa Vista,5973.65,2024
2024-03-01,5,Borba Gato,11860.1,2024
2024-03-01,5,Brooklin,17269.8,2024
2024-03-01,5,Campo Belo,13335.25,2024
2024-03-01,5,Campo Limpo,38094.05,2024
2024-03-01,5,Capão Redondo,96358.15,2024
2024-03-01,5,Chácara Klabin,90257.95,2024
2024-03-01,5,Eucaliptos,18681.8,2024
2024-03-01,5,Giovanni Gronchi,23695.6,2024
2024-03-01,5,Hospital São Paulo,11655.05,2024
2024-03-01,5,Largo Treze,31489.85,2024
2024-03-01,5,Moema,21057.35,2024
2024-03-01,5,Santa Cruz,67644.65,2024
2024-03-01,5,Santo Amaro,89871.2,2024
2024-03-01,5,Vila das Belezas,14608.4,2024
2024-04-01,4,Butantã,40606.63636363636,2024
2024-04-01,4,Faria Lima,36208.13636363636,2024
2024-04-01,4,Fradique Coutinho,18303.590909090908,2024
2024-04-01,4,Higienópolis - Mackenzie,29498.727272727272,2024
2024-04-01,4,Luz,142863.04545454544,2024
2024-04-01,4,Oscar Freire,25280.5,2024
2024-04-01,4,Paulista,112329.90909090909,2024
2024-04-01,4,Pinheiros,106875.36363636363,2024
2024-04-01,4,República,103177.45454545454,2024
2024-04-01,4,São Paulo - Morumbi,24967,2024
2024-04-01,4,Vila Sônia,49118.40909090909,2024
2024-04-01,5,AACD-Servidor,11990.5,2024
2024-04-01,5,Adolfo Pinheiro,13282.363636363636,2024
2024-04-01,5,Alto da Boa Vista,5978.636363636364,2024
2024-04-01,5,Borba Gato,11818.045454545454,2024
2024-04-01,5,Brooklin,17234.454545454544,2024
2024-04-01,5,Campo Belo,13303.772727272728,2024
2024-04-01,5,Campo Limpo,37749.90909090909,2024
2024-04-01,5,Capão Redondo,94945.22727272728,2024
2024-04-01,5,Chácara Klabin,89718,2024
2024-04-01,5,Eucaliptos,18177.545454545456,2024
2024-04-01,5,Giovanni Gronchi,23451.545454545456,2024
2024-04-01,5,Hospital São Paulo,11521.318181818182,2024
2024-04-01,5,Largo Treze,33066.22727272727,2024
2024-04-01,5,Moema,20681.31818181818,2024
2024-04-01,5,Santa Cruz,66839,2024
2024-04-01,5,Santo Amaro,91083.5,2024
2024-04-01,5,Vila das Belezas,14442.136363636364,2024
2024-05-01,4,Butantã,39649.42857142857,2024
2024-05-01,4,Faria Lima,35644.57142857143,2024
2024-05-01,4,Fradique Coutinho,18002.95238095238,2024
2024-05-01,4,Higienópolis - Mackenzie,27887.285714285714,2024
2024-05-01,4,Luz,141027.80952380953,2024
2024-05-01,4,Oscar Freire,24872.333333333332,2024
2024-05-01,4,Paulista,109532.52380952382,2024
2024-05-01,4,Pinheiros,104495.66666666667,2024
2024-05-01,4,República,101927.42857142857,2024
2024-05-01,4,São Paulo - Morumbi,25192.095238095237,2024
2024-05-01,4,Vila Sônia,48092.80952380953,2024
2024-05-01,5,AACD-Servidor,11584.238095238095,2024
2024-05-01,5,Adolfo Pinheiro,12890.904761904761,2024
2024-05-01,5,Alto da Boa Vista,5694.952380952381,2024
2024-05-01,5,Borba Gato,11476.666666666666,2024
2024-05-01,5,Brooklin,16893.190476190477,2024
2024-05-01,5,Campo Belo,12957.285714285714,2024
2024-05-01,5,Campo Limpo,37507.04761904762,2024
2024-05-01,5,Capão Redondo,93718.85714285714,2024
2024-05-01,5,Chácara Klabin,87422.19047619047,2024
2024-05-01,5,Eucaliptos,18135.333333333332,2024
2024-05-01,5,Giovanni Gronchi,23343.52380952381,2024
2024-05-01,5,Hospital São Paulo,11077.47619047619,2024
2024-05-01,5,Largo Treze,32973.47619047619,2024
2024-05-01,5,Moema,20188.428571428572,2024
2024-05-01,5,Santa Cruz,65591.57142857143,2024
2024-05-01,5,Santo Amaro,91690.76190476191,2024
2024-05-01,5,Vila das Belezas,14445,2024
2024-06-01,4,Butantã,39096.55,2024
2024-06-01,4,Faria Lima,36360.85,2024
2024-06-01,4,Fradique Coutinho,18101.65,2024
2024-06-01,4,Higienópolis - Mackenzie,21968.8,2024
2024-06-01,4,Luz,142521.2,2024
2024-06-01,4,Oscar Freire,25210.2,2024
2024-06-01,4,Paulista,107447.7,2024
2024-06-01,4,Pinheiros,105887.35,2024
2024-06-01,4,República,102034.35,2024
2024-06-01,4,São Paulo - Morumbi,24216.75,2024
2024-06-01,4,Vila Sônia,48041.85,2024
2024-06-01,5,AACD-Servidor,11990.55,2024
2024-06-01,5,Adolfo Pinheiro,12515,2024
2024-06-01,5,Alto da Boa Vista,5646.75,2024
2024-06-01,5,Borba Gato,10946.6,2024
2024-06-01,5,Brooklin,16992.8,2024
2024-06-01,5,Campo Belo,13051.3,2024
2024-06-01,5,Campo Limpo,36713.4,2024
2024-06-01,5,Capão Redondo,93790.3,2024
2024-06-01,5,Chácara Klabin,87492.4,2024
2024-06-01,5,Eucaliptos,18147.3,2024
2024-06-01,5,Giovanni Gronchi,23116.55,2024
2024-06-01,5,Hospital São Paulo,11368.3,2024
2024-06-01,5,Largo Treze,32162.65,2024
2024-06-01,5,Moema,20272.05,2024
2024-06-01,5,Santa Cruz,65294.2,2024
2024-06-01,5,Santo Amaro,92181.45,2024
2024-06-01,5,Vila das Belezas,14504.7,2024
2024-07-01,4,Butantã,31246.782608695652,2024
2024-07-01,4,Faria Lima,32771.739130434784,2024
2024-07-01,4,Fradique Coutinho,16685.304347826088,2024
2024-07-01,4,Higienópolis - Mackenzie,17675.391304347828,2024
2024-07-01,4,Luz,131588.30434782608,2024
2024-07-01,4,Oscar Freire,22958.347826086956,2024
2024-07-01,4,Paulista,94438.17391304347,2024
2024-07-01,4,Pinheiros,96097.08695652174,2024
2024-07-01,4,República,92941.91304347826,2024
2024-07-01,4,São Paulo - Morumbi,22302.695652173912,2024
2024-07-01,4,Vila Sônia,42807.739130434784,2024
2024-07-01,5,AACD-Servidor,10931.304347826086,2024
2024-07-01,5,Adolfo Pinheiro,10031.91304347826,2024
2024-07-01,5,Alto da Boa Vista,4902.478260869565,2024
2024-07-01,5,Borba Gato,9202.826086956522,2024
2024-07-01,5,Brooklin,15196.608695652174,2024
2024-07-01,5,Campo Belo,11294.08695652174,2024
2024-07-01,5,Campo Limpo,32912.391304347824,2024
2024-07-01,5,Capão Redondo,85680.30434782608,2024
2024-07-01,5,Chácara Klabin,79068.39130434782,2024
2024-07-01,5,Eucaliptos,16369.565217391304,2024
2024-07-01,5,Giovanni Gronchi,20498.217391304348,2024
2024-07-01,5,Hospital São Paulo,9999.652173913044,2024
2024-07-01,5,Largo Treze,28185.391304347828,2024
2024-07-01,5,Moema,17960.347826086956,2024
2024-07-01,5,Santa Cruz,59120.608695652176,2024
2024-07-01,5,Santo Amaro,83229.26086956522,2024
2024-07-01,5,Vila das Belezas,12757.782608695652,2024
2024-08-01,4,Butantã,40637.72727272727,2024
2024-08-01,4,Faria Lima,36161.545454545456,2024
2024-08-01,4,Fradique Coutinho,18374.090909090908,2024
2024-08-01,4,Higienópolis - Mackenzie,26892.045454545456,2024
2024-08-01,4,Luz,143424.9090909091,2024
2024-08-01,4,Oscar Freire,25096,2024
2024-08-01,4,Paulista,110226.22727272728,2024
2024-08-01,4,Pinheiros,107225.72727272728,2024
2024-08-01,4,República,103830.27272727272,2024
2024-08-01,4,São Paulo - Morumbi,25138.909090909092,2024
2024-08-01,4,Vila Sônia,49267.318181818184,2024
2024-08-01,5,AACD-Servidor,12044.454545454546,2024
2024-08-01,5,Adolfo Pinheiro,12852.59090909091,2024
2024-08-01,5,Alto da Boa Vista,5790.818181818182,2024
2024-08-01,5,Borba Gato,11688.09090909091,2024
2024-08-01,5,Brooklin,17629,2024
2024-08-01,5,Campo Belo,13231.40909090909,2024
2024-08-01,5,Campo Limpo,36813.86363636364,2024
2024-08-01,5,Capão Redondo,95405.63636363637,2024
2024-08-01,5,Chácara Klabin,88967.5,2024
2024-08-01,5,Eucaliptos,18120.454545454544,2024
2024-08-01,5,Giovanni Gronchi,23673.409090909092,2024
2024-08-01,5,Hospital São Paulo,11426.5,2024
2024-08-01,5,Largo Treze,33777.545454545456,2024
2024-08-01,5,Moema,20502.5,2024
2024-08-01,5,Santa Cruz,65473.318181818184,2024
2024-08-01,5,Santo Amaro,93648.45454545454,2024
2024-08-01,5,Vila das Belezas,14682.818181818182,2024
2024-09-01,4,Butantã,39730.80952380953,2024
2024-09-01,4,Faria Lima,36430.42857142857,2024
2024-09-01,4,Fradique Coutinho,18497.428571428572,2024
2024-09-01,4,Higienópolis - Mackenzie,29104.428571428572,2024
2024-09-01,4,Luz,144127,2024
2024-09-01,4,Oscar Freire,25067.619047619046,2024
2024-09-01,4,Paulista,111739.85714285714,2024
2024-09-01,4,Pinheiros,108017.76190476191,2024
2024-09-01,4,República,105796.95238095238,2024
2024-09-01,4,São Paulo - Morumbi,24756.619047619046,2024
2024-09-01,4,Vila Sônia,50576.857142857145,2024
2024-09-01,5,AACD-Servidor,12062.333333333334,2024
2024-09-01,5,Adolfo Pinheiro,13286.761904761905,2024
2024-09-01,5,Alto da Boa Vista,5893.666666666667,2024
2024-09-01,5,Borba Gato,12251.57142857143,2024
2024-09-01,5,Brooklin,17757.571428571428,2024
2024-09-01,5,Campo Belo,13411.761904761905,2024
2024-09-01,5,Campo Limpo,37598.09523809524,2024
2024-09-01,5,Capão Redondo,96593.23809523809,2024
2024-09-01,5,Chácara Klabin,90059.14285714286,2024
2024-09-01,5,Eucaliptos,18180.714285714286,2024
2024-09-01,5,Giovanni Gronchi,23867.428571428572,2024
2024-09-01,5,Hospital São Paulo,11353.809523809523,2024
2024-09-01,5,Largo Treze,34663.380952380954,2024
2024-09-01,5,Moema,20604,2024
2024-09-01,5,Santa Cruz,66017,2024
2024-09-01,5,Santo Amaro,93514.09523809524,2024
2024-09-01,5,Vila das Belezas,14929.333333333334,2024
2024-10-01,4,Butantã,40054.30434782609,2024
2024-10-01,4,Faria Lima,36765.65217391304,2024
2024-10-01,4,Fradique Coutinho,18662.130434782608,2024
2024-10-01,4,Higienópolis - Mackenzie,27717.17391304348,2024
2024-10-01,4,Luz,144924.39130434784,2024
2024-10-01,4,Oscar Freire,25294.130434782608,2024
2024-10-01,4,Paulista,111694.73913043478,2024
2024-10-01,4,Pinheiros,109797.95652173914,2024
2024-10-01,4,República,107285.26086956522,2024
2024-10-01,4,São Paulo - Morumbi,26264.565217391304,2024
2024-10-01,4,Vila Sônia,50437.69565217391,2024
2024-10-01,5,AACD-Servidor,11987.565217391304,2024
2024-10-01,5,Adolfo Pinheiro,12690.565217391304,2024
2024-10-01,5,Alto da Boa Vista,5919.913043478261,2024
2024-10-01,5,Borba Gato,12165.91304347826,2024
2024-10-01,5,Brooklin,17802.652173913044,2024
2024-10-01,5,Campo Belo,13338.782608695652,2024
2024-10-01,5,Campo Limpo,37542.34782608696,2024
2024-10-01,5,Capão Redondo,95860.39130434782,2024
2024-10-01,5,Chácara Klabin,90459.95652173914,2024
2024-10-01,5,Eucaliptos,18390.869565217392,2024
2024-10-01,5,Giovanni Gronchi,23385.304347826088,2024
2024-10-01,5,Hospital São Paulo,11399.869565217392,2024
2024-10-01,5,Largo Treze,35855.52173913043,2024
2024-10-01,5,Moema,20744.565217391304,2024
2024-10-01,5,Santa Cruz,65514,2024
2024-10-01,5,Santo Amaro,94031.56521739131,2024
2024-10-01,5,Vila das Belezas,14740.869565217392,2024
2024-11-01,4,Butantã,41129.21052631579,2024
2024-11-01,4,Faria Lima,37623.57894736842,2024
2024-11-01,4,Fradique Coutinho,19328.57894736842,2024
2024-11-01,4,Higienópolis - Mackenzie,28646.526315789473,2024
2024-11-01,4,Luz,148669.73684210525,2024
2024-11-01,4,Oscar Freire,26133.736842105263,2024
2024-11-01,4,Paulista,114070.94736842105,2024
2024-11-01,4,Pinheiros,113221,2024
2024-11-01,4,República,108423.84210526316,2024
2024-11-01,4,São Paulo - Morumbi,24793.052631578947,2024
2024-11-01,4,Vila Sônia,52019.15789473684,2024
2024-11-01,5,AACD-Servidor,12424.21052631579,2024
2024-11-01,5,Adolfo Pinheiro,13429.368421052632,2024
2024-11-01,5,Alto da Boa Vista,5936.789473684211,2024
2024-11-01,5,Borba Gato,12135,2024
2024-11-01,5,Brooklin,18236.842105263157,2024
2024-11-01,5,Campo Belo,13811.315789473685,2024
2024-11-01,5,Campo Limpo,38262.89473684211,2024
2024-11-01,5,Capão Redondo,98507.1052631579,2024
2024-11-01,5,Chácara Klabin,92230.1052631579,2024
2024-11-01,5,Eucaliptos,19174.42105263158,2024
2024-11-01,5,Giovanni Gronchi,24208.63157894737,2024
2024-11-01,5,Hospital São Paulo,11949.21052631579,2024
2024-11-01,5,Largo Treze,37813.47368421053,2024
2024-11-01,5,Moema,21444.21052631579,2024
2024-11-01,5,Santa Cruz,66609.84210526316,2024
2024-11-01,5,Santo Amaro,97592.26315789473,2024
2024-11-01,5,Vila das Belezas,15225.631578947368,2024
2024-12-01,4,Butantã,31247.2380952381,2024
2024-12-01,4,Faria Lima,31432.52380952381,2024
2024-12-01,4,Fradique Coutinho,16594.333333333336,2024
2024-12-01,4,Higienópolis - Mackenzie,18010.761904761905,2024
2024-12-01,4,Luz,126570.95238095238,2024
2024-12-01,4,Oscar Freire,22855.095238095237,2024
2024-12-01,4,Paulista,92725.95238095238,2024
2024-12-01,4,Pinheiros,95539.19047619047,2024
2024-12-01,4,República,95279.76190476191,2024
2024-12-01,4,São Paulo - Morumbi,21830.904761904763,2024
2024-12-01,4,Vila Sônia,44506.09523809524,2024
2024-12-01,5,AACD-Servidor,10778.47619047619,2024
2024-12-01,5,Adolfo Pinheiro,10462.42857142857,2024
2024-12-01,5,Alto da Boa Vista,4644.190476190476,2024
2024-12-01,5,Borba Gato,8990.619047619048,2024
2024-12-01,5,Brooklin,14837.714285714284,2024
2024-12-01,5,Campo Belo,11075.047619047618,2024
2024-12-01,5,Campo Limpo,34231.76190476191,2024
2024-12-01,5,Capão Redondo,89504.47619047618,2024
2024-12-01,5,Chácara Klabin,76402.90476190476,2024
2024-12-01,5,Eucaliptos,17149.95238095238,2024
2024-12-01,5,Giovanni Gronchi,21266.619047619046,2024
2024-12-01,5,Hospital São Paulo,9691.952380952382,2024
2024-12-01,5,Largo Treze,36188.52380952381,2024
2024-12-01,5,Moema,17736.428571428572,2024
2024-12-01,5,Santa Cruz,58794.142857142855,2024
2024-12-01,5,Santo Amaro,83348,2024
2024-12-01,5,Vila das Belezas,13446.666666666668,2024
2025-01-01,4,Butantã,29132.81818181818,2025
2025-01-01,4,Faria Lima,31992.909090909092,2025
2025-01-01,4,Fradique Coutinho,16672.409090909092,2025
2025-01-01,4,Higienópolis - Mackenzie,17044.772727272728,2025
2025-01-01,4,Luz,127026.13636363637,2025
2025-01-01,4,Oscar Freire,22457.090909090908,2025
2025-01-01,4,Paulista,92874.86363636363,2025
2025-01-01,4,Pinheiros,96233.90909090909,2025
2025-01-01,4,República,92886.45454545454,2025
2025-01-01,4,São Paulo - Morumbi,20469.045454545456,2025
2025-01-01,4,Vila Sônia,42734.77272727273,2025
2025-01-01,5,AACD-Servidor,10876.227272727272,2025
2025-01-01,5,Adolfo Pinheiro,10189.272727272728,2025
2025-01-01,5,Alto da Boa Vista,4682.681818181818,2025
2025-01-01,5,Borba Gato,9201.772727272728,2025
2025-01-01,5,Brooklin,14755.318181818182,2025
2025-01-01,5,Campo Belo,11322.636363636364,2025
2025-01-01,5,Campo Limpo,32784.954545454544,2025
2025-01-01,5,Capão Redondo,86347.09090909091,2025
2025-01-01,5,Chácara Klabin,77163.68181818182,2025
2025-01-01,5,Eucaliptos,15891.954545454546,2025
2025-01-01,5,Giovanni Gronchi,19930.045454545456,2025
2025-01-01,5,Hospital São Paulo,9698.09090909091,2025
2025-01-01,5,Largo Treze,29115.045454545456,2025
2025-01-01,5,Moema,17656.954545454544,2025
2025-01-01,5,Santa Cruz,54728.63636363636,2025
2025-01-01,5,Santo Amaro,82708.68181818182,2025
2025-01-01,5,Vila das Belezas,12247.59090909091,2025
2025-02-01,4,Butantã,36053.9,2025
2025-02-01,4,Faria Lima,36787.35,2025
2025-02-01,4,Fradique Coutinho,18938.65,2025
2025-02-01,4,Higienópolis - Mackenzie,28595.35,2025
2025-02-01,4,Luz,142507.45,2025
2025-02-01,4,Oscar Freire,25282.25,2025
2025-02-01,4,Paulista,112321.75,2025
2025-02-01,4,Pinheiros,110229.2,2025
2025-02-01,4,República,105347.55,2025
2025-02-01,4,São Paulo - Morumbi,24692.1,2025
2025-02-01,4,Vila Sônia,50652.4,2025
2025-02-01,5,AACD-Servidor,12443.1,2025
2025-02-01,5,Adolfo Pinheiro,13704.2,2025
2025-02-01,5,Alto da Boa Vista,5803.7,2025
2025-02-01,5,Borba Gato,11994.4,2025
2025-02-01,5,Brooklin,17657.15,2025
2025-02-01,5,Campo Belo,13660.5,2025
2025-02-01,5,Campo Limpo,37905.55,2025
2025-02-01,5,Capão Redondo,96275.65,2025
2025-02-01,5,Chácara Klabin,90808.95,2025
2025-02-01,5,Eucaliptos,18289.05,2025
2025-02-01,5,Giovanni Gronchi,23857.3,2025
2025-02-01,5,Hospital São Paulo,11603.05,2025
2025-02-01,5,Largo Treze,34280.4,2025
2025-02-01,5,Moema,21196.65,2025
2025-02-01,5,Santa Cruz,64089.95,2025
2025-02-01,5,Santo Amaro,93799.1,2025
2025-02-01,5,Vila das Belezas,14855.7,2025
2025-03-01,4,Butantã,41041.68421052631,2025
2025-03-01,4,Faria Lima,36133.78947368421,2025
2025-03-01,4,Fradique Coutinho,18809.526315789473,2025
2025-03-01,4,Higienópolis - Mackenzie,29564.894736842107,2025
2025-03-01,4,Luz,143757.15789473685,2025
2025-03-01,4,Oscar Freire,24895.315789473683,2025
2025-03-01,4,Paulista,113472.1052631579,2025
2025-03-01,4,Pinheiros,109912.63157894737,2025
2025-03-01,4,República,104864.15789473684,2025
2025-03-01,4,São Paulo - Morumbi,24115.473684210527,2025
2025-03-01,4,Vila Sônia,50444,2025
2025-03-01,5,AACD-Servidor,12452.842105263158,2025
2025-03-01,5,Adolfo Pinheiro,13696.894736842105,2025
2025-03-01,5,Alto da Boa Vista,5843.526315789473,2025
2025-03-01,5,Borba Gato,12218.368421052632,2025
2025-03-01,5,Brooklin,17553.21052631579,2025
2025-03-01,5,Campo Belo,13636,2025
2025-03-01,5,Campo Limpo,37167.15789473684,2025
2025-03-01,5,Capão Redondo,94298.78947368421,2025
2025-03-01,5,Chácara Klabin,90967.1052631579,2025
2025-03-01,5,Eucaliptos,18290.894736842107,2025
2025-03-01,5,Giovanni Gronchi,22758.736842105263,2025
2025-03-01,5,Hospital São Paulo,11649.736842105263,2025
2025-03-01,5,Largo Treze,34628.94736842105,2025
2025-03-01,5,Moema,20905.42105263158,2025
2025-03-01,5,Santa Cruz,64017.57894736842,2025
2025-03-01,5,Santo Amaro,93646.73684210527,2025
2025-03-01,5,Vila das Belezas,14901.947368421053,2025
2025-04-01,4,Butantã,41126.3,2025
2025-04-01,4,Faria Lima,37504,2025
2025-04-01,4,Fradique Coutinho,19550.15,2025
2025-04-01,4,Higienópolis - Mackenzie,30407.45,2025
2025-04-01,4,Luz,148286.4,2025
2025-04-01,4,Oscar Freire,25434.65,2025
2025-04-01,4,Paulista,116455.85,2025
2025-04-01,4,Pinheiros,114013.8,2025
2025-04-01,4,República,107804.45,2025
2025-04-01,4,São Paulo - Morumbi,25879.7,2025
2025-04-01,4,Vila Sônia,52020.75,2025
2025-04-01,5,AACD-Servidor,12766,2025
2025-04-01,5,Adolfo Pinheiro,14005.45,2025
2025-04-01,5,Alto da Boa Vista,6062.7,2025
2025-04-01,5,Borba Gato,12860.65,2025
2025-04-01,5,Brooklin,18416.7,2025
2025-04-01,5,Campo Belo,14154.4,2025
2025-04-01,5,Campo Limpo,38260.6,2025
2025-04-01,5,Capão Redondo,96134.6,2025
2025-04-01,5,Chácara Klabin,94291.4,2025
2025-04-01,5,Eucaliptos,18985.35,2025
2025-04-01,5,Giovanni Gronchi,23979.05,2025
2025-04-01,5,Hospital São Paulo,12009.15,2025
2025-04-01,5,Largo Treze,35528.7,2025
2025-04-01,5,Moema,21643.95,2025
2025-04-01,5,Santa Cruz,67185.15,2025
2025-04-01,5,Santo Amaro,96105,2025
2025-04-01,5,Vila das Belezas,15349.7,2025
